family	base	type	public	category	assembly
camera.component	GameCreator.Runtime.Cameras.TCamera	GameCreator.Runtime.Cameras.MainCamera	True		GameCreator.Runtime.Core
camera.shot-type	GameCreator.Runtime.Cameras.TShotType	GameCreator.Runtime.Cameras.ShotTypeAnchorPeek	True	Anchor Peek	GameCreator.Runtime.Core
camera.shot-type	GameCreator.Runtime.Cameras.TShotType	GameCreator.Runtime.Cameras.ShotTypeAnimation	True	Animation	GameCreator.Runtime.Core
camera.shot-type	GameCreator.Runtime.Cameras.TShotType	GameCreator.Runtime.Cameras.ShotTypeFirstPerson	True	First Person	GameCreator.Runtime.Core
camera.shot-type	GameCreator.Runtime.Cameras.TShotType	GameCreator.Runtime.Cameras.ShotTypeFixed	True	Fixed Position	GameCreator.Runtime.Core
camera.shot-type	GameCreator.Runtime.Cameras.TShotType	GameCreator.Runtime.Cameras.ShotTypeFollow	True	Follow Target	GameCreator.Runtime.Core
camera.shot-type	GameCreator.Runtime.Cameras.TShotType	GameCreator.Runtime.Cameras.ShotTypeLockOn	True	Lock On	GameCreator.Runtime.Core
camera.shot-type	GameCreator.Runtime.Cameras.TShotType	GameCreator.Runtime.Cameras.ShotTypeThirdPerson	True	Third Person	GameCreator.Runtime.Core
camera.shot-type	GameCreator.Runtime.Cameras.TShotType	GameCreator.Runtime.Cameras.ShotTypeTrack	True	Follow Track	GameCreator.Runtime.Core
character.animation-state-asset	GameCreator.Runtime.Characters.State	GameCreator.Runtime.Characters.StateAnimation	True		GameCreator.Runtime.Core
character.animation-state-asset	GameCreator.Runtime.Characters.State	GameCreator.Runtime.Characters.StateBasicLocomotion	True		GameCreator.Runtime.Core
character.animation-state-asset	GameCreator.Runtime.Characters.State	GameCreator.Runtime.Characters.StateCompleteLocomotion	True		GameCreator.Runtime.Core
character.footstep-detector	GameCreator.Runtime.Characters.FootstepDetectorBase	GameCreator.Runtime.Characters.FootstepDetectorAnimationCurves	True	Animation Curves (obsolete)	GameCreator.Runtime.Core
character.footstep-detector	GameCreator.Runtime.Characters.FootstepDetectorBase	GameCreator.Runtime.Characters.FootstepDetectorFulcrum	True	Fulcrum Plane	GameCreator.Runtime.Core
character.ik-rig	GameCreator.Runtime.Characters.IK.TRig	GameCreator.Runtime.Characters.IK.RigAimTowards	True	Aim Pitch (Obsolete)	GameCreator.Runtime.Core
character.ik-rig	GameCreator.Runtime.Characters.IK.TRig	GameCreator.Runtime.Characters.IK.RigAlignGround	True	Align Body with Ground	GameCreator.Runtime.Core
character.ik-rig	GameCreator.Runtime.Characters.IK.TRig	GameCreator.Runtime.Characters.IK.RigBreathing	True	Breathing	GameCreator.Runtime.Core
character.ik-rig	GameCreator.Runtime.Characters.IK.TRig	GameCreator.Runtime.Characters.IK.RigFeetPlant	True	Align Feet with Ground	GameCreator.Runtime.Core
character.ik-rig	GameCreator.Runtime.Characters.IK.TRig	GameCreator.Runtime.Characters.IK.RigLean	True	Lean with Momentum	GameCreator.Runtime.Core
character.ik-rig	GameCreator.Runtime.Characters.IK.TRig	GameCreator.Runtime.Characters.IK.RigLookTo	True	Look at Targets	GameCreator.Runtime.Core
character.ik-rig	GameCreator.Runtime.Characters.IK.TRig	GameCreator.Runtime.Characters.IK.RigTwitching	True	Twitching	GameCreator.Runtime.Core
character.interaction-mode	GameCreator.Runtime.Characters.TInteractionMode	GameCreator.Runtime.Characters.InteractionModeNearCharacter	True	Near Character	GameCreator.Runtime.Core
character.interaction-mode	GameCreator.Runtime.Characters.TInteractionMode	GameCreator.Runtime.Characters.InteractionModeScreenCenter	True	Screen Center	GameCreator.Runtime.Core
character.interaction-mode	GameCreator.Runtime.Characters.TInteractionMode	GameCreator.Runtime.Characters.InteractionModeScreenCursor	True	Screen Cursor	GameCreator.Runtime.Core
character.interactive	GameCreator.Runtime.Characters.IInteractive	GameCreator.Runtime.Characters.InteractionTracker	True		GameCreator.Runtime.Core
character.ragdoll	GameCreator.Runtime.Characters.TRagdollSystem	GameCreator.Runtime.Characters.RagdollDefault	True	Default Ragdoll	GameCreator.Runtime.Core
character.ragdoll	GameCreator.Runtime.Characters.TRagdollSystem	GameCreator.Runtime.Characters.RagdollNone	True	None	GameCreator.Runtime.Core
character.unit.animim	GameCreator.Runtime.Characters.TUnitAnimim	GameCreator.Runtime.Characters.UnitAnimimKinematic	True	Kinematic	GameCreator.Runtime.Core
character.unit.driver	GameCreator.Runtime.Characters.TUnitDriver	GameCreator.Runtime.Characters.UnitDriverController	True	Character Controller	GameCreator.Runtime.Core
character.unit.driver	GameCreator.Runtime.Characters.TUnitDriver	GameCreator.Runtime.Characters.UnitDriverNavmesh	True	NavMesh Agent	GameCreator.Runtime.Core
character.unit.driver	GameCreator.Runtime.Characters.TUnitDriver	GameCreator.Runtime.Characters.UnitDriverRigidbody	True	Rigidbody (obsolete)	GameCreator.Runtime.Core
character.unit.facing	GameCreator.Runtime.Characters.TUnitFacing	GameCreator.Runtime.Characters.UnitFacingDirection	True	Direction/Towards Direction	GameCreator.Runtime.Core
character.unit.facing	GameCreator.Runtime.Characters.TUnitFacing	GameCreator.Runtime.Characters.UnitFacingInputDirection	True	Direction/Input Direction	GameCreator.Runtime.Core
character.unit.facing	GameCreator.Runtime.Characters.TUnitFacing	GameCreator.Runtime.Characters.UnitFacingObjectDirection	True	Direction/Object Direction	GameCreator.Runtime.Core
character.unit.facing	GameCreator.Runtime.Characters.TUnitFacing	GameCreator.Runtime.Characters.UnitFacingPivot	True	Pivot/Pivot	GameCreator.Runtime.Core
character.unit.facing	GameCreator.Runtime.Characters.TUnitFacing	GameCreator.Runtime.Characters.UnitFacingPivotDelayed	True	Pivot/Pivot Delayed	GameCreator.Runtime.Core
character.unit.facing	GameCreator.Runtime.Characters.TUnitFacing	GameCreator.Runtime.Characters.UnitFacingPointer	True	Targets/At Pointer	GameCreator.Runtime.Core
character.unit.facing	GameCreator.Runtime.Characters.TUnitFacing	GameCreator.Runtime.Characters.UnitFacingTank	True	Direction/Tank	GameCreator.Runtime.Core
character.unit.facing	GameCreator.Runtime.Characters.TUnitFacing	GameCreator.Runtime.Characters.UnitFacingTarget	True	Targets/Look at Target	GameCreator.Runtime.Core
character.unit.motion	GameCreator.Runtime.Characters.TUnitMotion	GameCreator.Runtime.Characters.UnitMotionController	True	Motion Controller	GameCreator.Runtime.Core
character.unit.player-input	GameCreator.Runtime.Characters.TUnitPlayer	GameCreator.Runtime.Characters.UnitPlayerDirectional	True	Directional	GameCreator.Runtime.Core
character.unit.player-input	GameCreator.Runtime.Characters.TUnitPlayer	GameCreator.Runtime.Characters.UnitPlayerFollowPointer	True	Follow Pointer	GameCreator.Runtime.Core
character.unit.player-input	GameCreator.Runtime.Characters.TUnitPlayer	GameCreator.Runtime.Characters.UnitPlayerPointClick	True	Point & Click	GameCreator.Runtime.Core
character.unit.player-input	GameCreator.Runtime.Characters.TUnitPlayer	GameCreator.Runtime.Characters.UnitPlayerTank	True	Tank	GameCreator.Runtime.Core
input.button	GameCreator.Runtime.Common.TInputButton	GameCreator.Runtime.Common.InputButtonAny	True	Any	GameCreator.Runtime.Core
input.button	GameCreator.Runtime.Common.TInputButton	GameCreator.Runtime.Common.InputButtonCrouch	True	Usage/Crouch	GameCreator.Runtime.Core
input.button	GameCreator.Runtime.Common.TInputButton	GameCreator.Runtime.Common.InputButtonInputActionHolding	True	Input System/Input Action While Holding (Button)	GameCreator.Runtime.Core
input.button	GameCreator.Runtime.Common.TInputButton	GameCreator.Runtime.Common.InputButtonInputActionPerform	True	Input System/Input Action Perform (Button)	GameCreator.Runtime.Core
input.button	GameCreator.Runtime.Common.TInputButton	GameCreator.Runtime.Common.InputButtonInputActionStart	True	Input System/Input Action Start (Button)	GameCreator.Runtime.Core
input.button	GameCreator.Runtime.Common.TInputButton	GameCreator.Runtime.Common.InputButtonInteract	True	Usage/Interact	GameCreator.Runtime.Core
input.button	GameCreator.Runtime.Common.TInputButton	GameCreator.Runtime.Common.InputButtonJump	True	Usage/Jump	GameCreator.Runtime.Core
input.button	GameCreator.Runtime.Common.TInputButton	GameCreator.Runtime.Common.InputButtonKeyboardPress	True	Keyboard/Keyboard Press	GameCreator.Runtime.Core
input.button	GameCreator.Runtime.Common.TInputButton	GameCreator.Runtime.Common.InputButtonKeyboardRelease	True	Keyboard/Keyboard Release	GameCreator.Runtime.Core
input.button	GameCreator.Runtime.Common.TInputButton	GameCreator.Runtime.Common.InputButtonKeyboardTimeout	True	Keyboard/Keyboard Timeout	GameCreator.Runtime.Core
input.button	GameCreator.Runtime.Common.TInputButton	GameCreator.Runtime.Common.InputButtonKeyboardWhilePressing	True	Keyboard/Keyboard While Pressing	GameCreator.Runtime.Core
input.button	GameCreator.Runtime.Common.TInputButton	GameCreator.Runtime.Common.InputButtonMouseDoublePress	True	Mouse/Mouse Double Press	GameCreator.Runtime.Core
input.button	GameCreator.Runtime.Common.TInputButton	GameCreator.Runtime.Common.InputButtonMouseDoubleRelease	True	Mouse/Mouse Double Release	GameCreator.Runtime.Core
input.button	GameCreator.Runtime.Common.TInputButton	GameCreator.Runtime.Common.InputButtonMousePress	True	Mouse/Mouse Press	GameCreator.Runtime.Core
input.button	GameCreator.Runtime.Common.TInputButton	GameCreator.Runtime.Common.InputButtonMouseRelease	True	Mouse/Mouse Release	GameCreator.Runtime.Core
input.button	GameCreator.Runtime.Common.TInputButton	GameCreator.Runtime.Common.InputButtonMouseTimeout	True	Mouse/Mouse Timeout	GameCreator.Runtime.Core
input.button	GameCreator.Runtime.Common.TInputButton	GameCreator.Runtime.Common.InputButtonMouseWhilePressing	True	Mouse/Mouse While Pressing	GameCreator.Runtime.Core
input.button	GameCreator.Runtime.Common.TInputButton	GameCreator.Runtime.Common.InputButtonNone	True	None	GameCreator.Runtime.Core
input.button	GameCreator.Runtime.Common.TInputButton	GameCreator.Runtime.Common.InputButtonTouchPress	True	Mobile/Touch Press	GameCreator.Runtime.Core
input.button	GameCreator.Runtime.Common.TInputButton	GameCreator.Runtime.Common.InputButtonTouchRelease	True	Mobile/Touch Release	GameCreator.Runtime.Core
input.button	GameCreator.Runtime.Common.TInputButton	GameCreator.Runtime.Common.InputButtonTouchWhilePressing	True	Mobile/Touch While Pressing	GameCreator.Runtime.Core
input.button	GameCreator.Runtime.Common.TInputButton	GameCreator.Runtime.Common.InputButtonWalk	True	Usage/Walk	GameCreator.Runtime.Core
input.button	GameCreator.Runtime.Common.TInputButton	GameCreator.Runtime.Common.InputValueButtonGamepadPress	True	Gamepad/Gamepad Press	GameCreator.Runtime.Core
input.button	GameCreator.Runtime.Common.TInputButton	GameCreator.Runtime.Common.InputValueButtonGamepadRelease	True	Gamepad/Gamepad Release	GameCreator.Runtime.Core
input.button	GameCreator.Runtime.Common.TInputButton	GameCreator.Runtime.Common.InputValueButtonGamepadTimeout	True	Gamepad/Gamepad Timeout	GameCreator.Runtime.Core
input.button	GameCreator.Runtime.Common.TInputButton	GameCreator.Runtime.Common.InputValueButtonGamepadWhilePressing	True	Gamepad/Gamepad While Pressing	GameCreator.Runtime.Core
input.value	GameCreator.Runtime.Common.TInputValue`1	GameCreator.Runtime.Common.InputValueFloatGamepadLeftStick	True	Gamepad/Gamepad Left Stick	GameCreator.Runtime.Core
input.value	GameCreator.Runtime.Common.TInputValue`1	GameCreator.Runtime.Common.InputValueFloatGamepadRightStick	True	Gamepad/Gamepad Right Stick	GameCreator.Runtime.Core
input.value	GameCreator.Runtime.Common.TInputValue`1	GameCreator.Runtime.Common.InputValueFloatInputAction	True	Input System/Input Action (Number)	GameCreator.Runtime.Core
input.value	GameCreator.Runtime.Common.TInputValue`1	GameCreator.Runtime.Common.InputValueFloatMouseScroll	True	Mouse/Mouse Scroll-Wheel	GameCreator.Runtime.Core
input.value	GameCreator.Runtime.Common.TInputValue`1	GameCreator.Runtime.Common.InputValueFloatMouseScrollDown	True	Mouse/Mouse Scroll-Wheel Down	GameCreator.Runtime.Core
input.value	GameCreator.Runtime.Common.TInputValue`1	GameCreator.Runtime.Common.InputValueFloatMouseScrollUp	True	Mouse/Mouse Scroll-Wheel Up	GameCreator.Runtime.Core
input.value	GameCreator.Runtime.Common.TInputValue`1	GameCreator.Runtime.Common.InputValueFloatNone	True	None	GameCreator.Runtime.Core
input.value	GameCreator.Runtime.Common.TInputValue`1	GameCreator.Runtime.Common.InputValueVector2GamepadLeftStick	True	Gamepad/Gamepad Left Stick	GameCreator.Runtime.Core
input.value	GameCreator.Runtime.Common.TInputValue`1	GameCreator.Runtime.Common.InputValueVector2GamepadRightStick	True	Gamepad/Gamepad Right Stick	GameCreator.Runtime.Core
input.value	GameCreator.Runtime.Common.TInputValue`1	GameCreator.Runtime.Common.InputValueVector2InputAction	True	Input System/Input Action (Vector2)	GameCreator.Runtime.Core
input.value	GameCreator.Runtime.Common.TInputValue`1	GameCreator.Runtime.Common.InputValueVector2KeyboardArrows	True	Keyboard/Arrow Keys	GameCreator.Runtime.Core
input.value	GameCreator.Runtime.Common.TInputValue`1	GameCreator.Runtime.Common.InputValueVector2KeyboardWASD	True	Keyboard/WASD	GameCreator.Runtime.Core
input.value	GameCreator.Runtime.Common.TInputValue`1	GameCreator.Runtime.Common.InputValueVector2MobileStickLeft	True	Mobile/Left Stick	GameCreator.Runtime.Core
input.value	GameCreator.Runtime.Common.TInputValue`1	GameCreator.Runtime.Common.InputValueVector2MobileStickPrefab	True	Mobile/Custom Stick	GameCreator.Runtime.Core
input.value	GameCreator.Runtime.Common.TInputValue`1	GameCreator.Runtime.Common.InputValueVector2MobileStickRight	True	Mobile/Right Stick	GameCreator.Runtime.Core
input.value	GameCreator.Runtime.Common.TInputValue`1	GameCreator.Runtime.Common.InputValueVector2MotionConstant	True	Usage/Constant Motion	GameCreator.Runtime.Core
input.value	GameCreator.Runtime.Common.TInputValue`1	GameCreator.Runtime.Common.InputValueVector2MotionPrimary	True	Usage/Primary Motion	GameCreator.Runtime.Core
input.value	GameCreator.Runtime.Common.TInputValue`1	GameCreator.Runtime.Common.InputValueVector2MotionSecondary	True	Usage/Secondary Motion	GameCreator.Runtime.Core
input.value	GameCreator.Runtime.Common.TInputValue`1	GameCreator.Runtime.Common.InputValueVector2MouseDelta	True	Mouse/Mouse Delta	GameCreator.Runtime.Core
input.value	GameCreator.Runtime.Common.TInputValue`1	GameCreator.Runtime.Common.InputValueVector2MousePosition	True	Mouse/Mouse Position	GameCreator.Runtime.Core
input.value	GameCreator.Runtime.Common.TInputValue`1	GameCreator.Runtime.Common.InputValueVector2None	True	None	GameCreator.Runtime.Core
input.value	GameCreator.Runtime.Common.TInputValue`1	GameCreator.Runtime.Common.InputValueVector2Scroll	True	Mouse/Mouse Scroll	GameCreator.Runtime.Core
navigation.marker-type	GameCreator.Runtime.Common.TMarkerType	GameCreator.Runtime.Common.MarkerTypeDirection	True	Direction	GameCreator.Runtime.Core
navigation.marker-type	GameCreator.Runtime.Common.TMarkerType	GameCreator.Runtime.Common.MarkerTypeInwards	True	Inwards	GameCreator.Runtime.Core
property.get	GameCreator.Runtime.Common.TPropertyTypeGet`1	GameCreator.Runtime.Cameras.GetGameObjectCamera	True	Cameras/Camera	GameCreator.Runtime.Core
property.get	GameCreator.Runtime.Common.TPropertyTypeGet`1	GameCreator.Runtime.Cameras.GetGameObjectCameraMain	True	Cameras/Main Camera	GameCreator.Runtime.Core
property.get	GameCreator.Runtime.Common.TPropertyTypeGet`1	GameCreator.Runtime.Cameras.GetGameObjectShot	True	Cameras/Shot	GameCreator.Runtime.Core
property.get	GameCreator.Runtime.Common.TPropertyTypeGet`1	GameCreator.Runtime.Cameras.GetGameObjectShotMain	True	Cameras/Main Shot	GameCreator.Runtime.Core
property.get	GameCreator.Runtime.Common.TPropertyTypeGet`1	GameCreator.Runtime.Cameras.GetGameObjectShotPrevious	True	Cameras/Previous Shot	GameCreator.Runtime.Core
property.get	GameCreator.Runtime.Common.TPropertyTypeGet`1	GameCreator.Runtime.Characters.GetBoolCharacterCanJump	True	Characters/Can Jump	GameCreator.Runtime.Core
property.get	GameCreator.Runtime.Common.TPropertyTypeGet`1	GameCreator.Runtime.Characters.GetBoolCharacterIsAlive	True	Characters/Is Alive	GameCreator.Runtime.Core
property.get	GameCreator.Runtime.Common.TPropertyTypeGet`1	GameCreator.Runtime.Characters.GetBoolCharacterIsDead	True	Characters/Is Dead	GameCreator.Runtime.Core
property.get	GameCreator.Runtime.Common.TPropertyTypeGet`1	GameCreator.Runtime.Characters.GetBoolCharacterIsPlayer	True	Characters/Is Player	GameCreator.Runtime.Core
property.get	GameCreator.Runtime.Common.TPropertyTypeGet`1	GameCreator.Runtime.Characters.GetDecimalCharacterDefenseCurrent	True	Characters/Combat/Defense Current	GameCreator.Runtime.Core
property.get	GameCreator.Runtime.Common.TPropertyTypeGet`1	GameCreator.Runtime.Characters.GetDecimalCharacterDefenseMaximum	True	Characters/Combat/Defense Maximum	GameCreator.Runtime.Core
property.get	GameCreator.Runtime.Common.TPropertyTypeGet`1	GameCreator.Runtime.Characters.GetDecimalCharacterDefenseRatio	True	Characters/Combat/Defense Ratio	GameCreator.Runtime.Core
property.get	GameCreator.Runtime.Common.TPropertyTypeGet`1	GameCreator.Runtime.Characters.GetDecimalCharacterHeight	True	Characters/Properties/Character Height	GameCreator.Runtime.Core
property.get	GameCreator.Runtime.Common.TPropertyTypeGet`1	GameCreator.Runtime.Characters.GetDecimalCharacterPoiseCurrent	True	Characters/Combat/Poise	GameCreator.Runtime.Core
property.get	GameCreator.Runtime.Common.TPropertyTypeGet`1	GameCreator.Runtime.Characters.GetDecimalCharacterPoiseRatio	True	Characters/Combat/Poise Ratio	GameCreator.Runtime.Core
property.get	GameCreator.Runtime.Common.TPropertyTypeGet`1	GameCreator.Runtime.Characters.GetDecimalCharacterRadius	True	Characters/Properties/Character Radius	GameCreator.Runtime.Core
property.get	GameCreator.Runtime.Common.TPropertyTypeGet`1	GameCreator.Runtime.Characters.GetDecimalCharactersAngularSpeed	True	Characters/Navigation/Angular Speed	GameCreator.Runtime.Core
property.get	GameCreator.Runtime.Common.TPropertyTypeGet`1	GameCreator.Runtime.Characters.GetDecimalCharactersCurrentVelocity	True	Characters/Navigation/Current Velocity	GameCreator.Runtime.Core
property.get	GameCreator.Runtime.Common.TPropertyTypeGet`1	GameCreator.Runtime.Characters.GetDecimalCharactersJumpForce	True	Characters/Navigation/Jump Force	GameCreator.Runtime.Core
property.get	GameCreator.Runtime.Common.TPropertyTypeGet`1	GameCreator.Runtime.Characters.GetDecimalCharactersLinearSpeed	True	Characters/Navigation/Linear Speed	GameCreator.Runtime.Core
property.get	GameCreator.Runtime.Common.TPropertyTypeGet`1	GameCreator.Runtime.Characters.GetDirectionCharactersFacing	True	Characters/Facing Direction	GameCreator.Runtime.Core
property.get	GameCreator.Runtime.Common.TPropertyTypeGet`1	GameCreator.Runtime.Characters.GetDirectionCharactersInput	True	Characters/Input Direction	GameCreator.Runtime.Core
property.get	GameCreator.Runtime.Common.TPropertyTypeGet`1	GameCreator.Runtime.Characters.GetDirectionCharactersLocalInput	True	Characters/Local Input Direction	GameCreator.Runtime.Core
property.get	GameCreator.Runtime.Common.TPropertyTypeGet`1	GameCreator.Runtime.Characters.GetDirectionCharactersMoving	True	Characters/Moving Direction	GameCreator.Runtime.Core
property.get	GameCreator.Runtime.Common.TPropertyTypeGet`1	GameCreator.Runtime.Characters.GetGameObjectCharacterModel	True	Characters/Character Model	GameCreator.Runtime.Core
property.get	GameCreator.Runtime.Common.TPropertyTypeGet`1	GameCreator.Runtime.Characters.GetGameObjectCharactersBone	True	Characters/Character Bone	GameCreator.Runtime.Core
property.get	GameCreator.Runtime.Common.TPropertyTypeGet`1	GameCreator.Runtime.Characters.GetGameObjectCharactersIKLookTarget	True	Characters/IK/Character Look Target	GameCreator.Runtime.Core
property.get	GameCreator.Runtime.Common.TPropertyTypeGet`1	GameCreator.Runtime.Characters.GetGameObjectCharactersInstance	True	Characters/Character	GameCreator.Runtime.Core
property.get	GameCreator.Runtime.Common.TPropertyTypeGet`1	GameCreator.Runtime.Characters.GetGameObjectCharactersInteraction	True	Characters/Character Interaction	GameCreator.Runtime.Core
property.get	GameCreator.Runtime.Common.TPropertyTypeGet`1	GameCreator.Runtime.Characters.GetGameObjectCharactersLastFootstep	True	Characters/Character Last Footstep	GameCreator.Runtime.Core
property.get	GameCreator.Runtime.Common.TPropertyTypeGet`1	GameCreator.Runtime.Characters.GetGameObjectCharactersLastPropAttached	True	Characters/Props/Last Prop Instance Attached	GameCreator.Runtime.Core
property.get	GameCreator.Runtime.Common.TPropertyTypeGet`1	GameCreator.Runtime.Characters.GetGameObjectCharactersLastPropAttachedPrefab	True	Characters/Props/Last Prop Prefab Attached	GameCreator.Runtime.Core
property.get	GameCreator.Runtime.Common.TPropertyTypeGet`1	GameCreator.Runtime.Characters.GetGameObjectCharactersLastPropDetached	True	Characters/Props/Last Prop Instance Detached	GameCreator.Runtime.Core
property.get	GameCreator.Runtime.Common.TPropertyTypeGet`1	GameCreator.Runtime.Characters.GetGameObjectCharactersLastPropDetachedPrefab	True	Characters/Props/Last Prop Prefab Detached	GameCreator.Runtime.Core
property.get	GameCreator.Runtime.Common.TPropertyTypeGet`1	GameCreator.Runtime.Characters.GetGameObjectCharacterTarget	True	Characters/Combat/Character Target	GameCreator.Runtime.Core
property.get	GameCreator.Runtime.Common.TPropertyTypeGet`1	GameCreator.Runtime.Characters.GetGameObjectPlayer	True	Characters/Player	GameCreator.Runtime.Core
property.get	GameCreator.Runtime.Common.TPropertyTypeGet`1	GameCreator.Runtime.Characters.GetPositionCharacter	True	Characters/Character Position	GameCreator.Runtime.Core
property.get	GameCreator.Runtime.Common.TPropertyTypeGet`1	GameCreator.Runtime.Characters.GetPositionCharacterBone	True	Characters/Character Bone Position	GameCreator.Runtime.Core
property.get	GameCreator.Runtime.Common.TPropertyTypeGet`1	GameCreator.Runtime.Characters.GetPositionCharacterBottom	True	Characters/Character Position Feet	GameCreator.Runtime.Core
property.get	GameCreator.Runtime.Common.TPropertyTypeGet`1	GameCreator.Runtime.Characters.GetPositionCharacterTop	True	Characters/Character Position Head	GameCreator.Runtime.Core
property.get	GameCreator.Runtime.Common.TPropertyTypeGet`1	GameCreator.Runtime.Characters.GetRotationCharacter	True	Characters/Character Rotation	GameCreator.Runtime.Core
property.get	GameCreator.Runtime.Common.TPropertyTypeGet`1	GameCreator.Runtime.Characters.GetScaleCharacter	True	Characters/Character Scale	GameCreator.Runtime.Core
property.get	GameCreator.Runtime.Common.TPropertyTypeGet`1	GameCreator.Runtime.Common.GetAnimationInstance	True	Animation Clip	GameCreator.Runtime.Core
property.get	GameCreator.Runtime.Common.TPropertyTypeGet`1	GameCreator.Runtime.Common.GetAnimationNone	True	None	GameCreator.Runtime.Core
property.get	GameCreator.Runtime.Common.TPropertyTypeGet`1	GameCreator.Runtime.Common.GetAnimationRandom	True	Random/Random Animation Clip	GameCreator.Runtime.Core
property.get	GameCreator.Runtime.Common.TPropertyTypeGet`1	GameCreator.Runtime.Common.GetAudioClip	True	Audio Clip	GameCreator.Runtime.Core
property.get	GameCreator.Runtime.Common.TPropertyTypeGet`1	GameCreator.Runtime.Common.GetAudioClipAudioSource	True	Audio Clip	GameCreator.Runtime.Core
property.get	GameCreator.Runtime.Common.TPropertyTypeGet`1	GameCreator.Runtime.Common.GetAudioNone	True	None	GameCreator.Runtime.Core
property.get	GameCreator.Runtime.Common.TPropertyTypeGet`1	GameCreator.Runtime.Common.GetAudioRandomClip	True	Random/Random Audio Clip	GameCreator.Runtime.Core
property.get	GameCreator.Runtime.Common.TPropertyTypeGet`1	GameCreator.Runtime.Common.GetBoolCheckConditions	True	Visual Scripting/Check Conditions	GameCreator.Runtime.Core
property.get	GameCreator.Runtime.Common.TPropertyTypeGet`1	GameCreator.Runtime.Common.GetBoolFalse	True	Constants/False	GameCreator.Runtime.Core
property.get	GameCreator.Runtime.Common.TPropertyTypeGet`1	GameCreator.Runtime.Common.GetBoolGameObjectActive	True	Game Objects/Is Active	GameCreator.Runtime.Core
property.get	GameCreator.Runtime.Common.TPropertyTypeGet`1	GameCreator.Runtime.Common.GetBoolGameObjectExists	True	Game Objects/Exists	GameCreator.Runtime.Core
property.get	GameCreator.Runtime.Common.TPropertyTypeGet`1	GameCreator.Runtime.Common.GetBoolMathBetweenDecimals	True	Math/Between Decimals	GameCreator.Runtime.Core
property.get	GameCreator.Runtime.Common.TPropertyTypeGet`1	GameCreator.Runtime.Common.GetBoolMathInvert	True	Math/Invert	GameCreator.Runtime.Core
property.get	GameCreator.Runtime.Common.TPropertyTypeGet`1	GameCreator.Runtime.Common.GetBoolRandom	True	Random/Random	GameCreator.Runtime.Core
property.get	GameCreator.Runtime.Common.TPropertyTypeGet`1	GameCreator.Runtime.Common.GetBoolReflectionFieldBool	True	Reflection/Field Bool	GameCreator.Runtime.Core
property.get	GameCreator.Runtime.Common.TPropertyTypeGet`1	GameCreator.Runtime.Common.GetBoolReflectionPropertyBool	True	Reflection/Property Bool	GameCreator.Runtime.Core
property.get	GameCreator.Runtime.Common.TPropertyTypeGet`1	GameCreator.Runtime.Common.GetBoolTrue	True	Constants/True	GameCreator.Runtime.Core
property.get	GameCreator.Runtime.Common.TPropertyTypeGet`1	GameCreator.Runtime.Common.GetBoolValue	True	Value	GameCreator.Runtime.Core
property.get	GameCreator.Runtime.Common.TPropertyTypeGet`1	GameCreator.Runtime.Common.GetColorBlackAndWhite	True	Math/Black & White of Color	GameCreator.Runtime.Core
property.get	GameCreator.Runtime.Common.TPropertyTypeGet`1	GameCreator.Runtime.Common.GetColorColorsBlack	True	Colors/Black	GameCreator.Runtime.Core
property.get	GameCreator.Runtime.Common.TPropertyTypeGet`1	GameCreator.Runtime.Common.GetColorColorsBlue	True	Colors/Blue	GameCreator.Runtime.Core
property.get	GameCreator.Runtime.Common.TPropertyTypeGet`1	GameCreator.Runtime.Common.GetColorColorsCyan	True	Colors/Cyan	GameCreator.Runtime.Core
property.get	GameCreator.Runtime.Common.TPropertyTypeGet`1	GameCreator.Runtime.Common.GetColorColorsGreen	True	Colors/Green	GameCreator.Runtime.Core
property.get	GameCreator.Runtime.Common.TPropertyTypeGet`1	GameCreator.Runtime.Common.GetColorColorsMagenta	True	Colors/Magenta	GameCreator.Runtime.Core
property.get	GameCreator.Runtime.Common.TPropertyTypeGet`1	GameCreator.Runtime.Common.GetColorColorsRed	True	Colors/Red	GameCreator.Runtime.Core
property.get	GameCreator.Runtime.Common.TPropertyTypeGet`1	GameCreator.Runtime.Common.GetColorColorsWhite	True	Colors/White	GameCreator.Runtime.Core
property.get	GameCreator.Runtime.Common.TPropertyTypeGet`1	GameCreator.Runtime.Common.GetColorColorsYellow	True	Colors/Yellow	GameCreator.Runtime.Core
property.get	GameCreator.Runtime.Common.TPropertyTypeGet`1	GameCreator.Runtime.Common.GetColorMaterialsMaterial	True	Materials/Material Color	GameCreator.Runtime.Core
property.get	GameCreator.Runtime.Common.TPropertyTypeGet`1	GameCreator.Runtime.Common.GetColorMaterialsRenderer	True	Materials/Renderer Color	GameCreator.Runtime.Core
property.get	GameCreator.Runtime.Common.TPropertyTypeGet`1	GameCreator.Runtime.Common.GetColorOpposite	True	Math/Opposite of Color	GameCreator.Runtime.Core
property.get	GameCreator.Runtime.Common.TPropertyTypeGet`1	GameCreator.Runtime.Common.GetColorReflectionFieldColor	True	Reflection/Field Color	GameCreator.Runtime.Core
property.get	GameCreator.Runtime.Common.TPropertyTypeGet`1	GameCreator.Runtime.Common.GetColorReflectionPropertyColor	True	Reflection/Property Color	GameCreator.Runtime.Core
property.get	GameCreator.Runtime.Common.TPropertyTypeGet`1	GameCreator.Runtime.Common.GetColorValue	True	Color	GameCreator.Runtime.Core
property.get	GameCreator.Runtime.Common.TPropertyTypeGet`1	GameCreator.Runtime.Common.GetColorValueHDR	True	Color HDR	GameCreator.Runtime.Core
property.get	GameCreator.Runtime.Common.TPropertyTypeGet`1	GameCreator.Runtime.Common.GetDecimalAudioMixer	True	Audio/Audio Mixer Parameter	GameCreator.Runtime.Core
property.get	GameCreator.Runtime.Common.TPropertyTypeGet`1	GameCreator.Runtime.Common.GetDecimalCameraFoV	True	Camera/Field of View	GameCreator.Runtime.Core
property.get	GameCreator.Runtime.Common.TPropertyTypeGet`1	GameCreator.Runtime.Common.GetDecimalCondition	True	Visual Scripting/Condition	GameCreator.Runtime.Core
property.get	GameCreator.Runtime.Common.TPropertyTypeGet`1	GameCreator.Runtime.Common.GetDecimalConstantMinusOne	True	Constant/Minus One	GameCreator.Runtime.Core
property.get	GameCreator.Runtime.Common.TPropertyTypeGet`1	GameCreator.Runtime.Common.GetDecimalConstantMinusOnePointFive	True	Constant/Minus One point Five	GameCreator.Runtime.Core
property.get	GameCreator.Runtime.Common.TPropertyTypeGet`1	GameCreator.Runtime.Common.GetDecimalConstantMinusPointFive	True	Constant/Minus Point Five	GameCreator.Runtime.Core
property.get	GameCreator.Runtime.Common.TPropertyTypeGet`1	GameCreator.Runtime.Common.GetDecimalConstantMinusPointOne	True	Constant/Minus Point One	GameCreator.Runtime.Core
property.get	GameCreator.Runtime.Common.TPropertyTypeGet`1	GameCreator.Runtime.Common.GetDecimalConstantMinusTwo	True	Constant/Minus Two	GameCreator.Runtime.Core
property.get	GameCreator.Runtime.Common.TPropertyTypeGet`1	GameCreator.Runtime.Common.GetDecimalConstantOne	True	Constant/One	GameCreator.Runtime.Core
property.get	GameCreator.Runtime.Common.TPropertyTypeGet`1	GameCreator.Runtime.Common.GetDecimalConstantOnePointFive	True	Constant/One point Five	GameCreator.Runtime.Core
property.get	GameCreator.Runtime.Common.TPropertyTypeGet`1	GameCreator.Runtime.Common.GetDecimalConstantPointFive	True	Constant/Point Five	GameCreator.Runtime.Core
property.get	GameCreator.Runtime.Common.TPropertyTypeGet`1	GameCreator.Runtime.Common.GetDecimalConstantPointOne	True	Constant/Point One	GameCreator.Runtime.Core
property.get	GameCreator.Runtime.Common.TPropertyTypeGet`1	GameCreator.Runtime.Common.GetDecimalConstantTwo	True	Constant/Two	GameCreator.Runtime.Core
property.get	GameCreator.Runtime.Common.TPropertyTypeGet`1	GameCreator.Runtime.Common.GetDecimalConstantZero	True	Constant/Zero	GameCreator.Runtime.Core
property.get	GameCreator.Runtime.Common.TPropertyTypeGet`1	GameCreator.Runtime.Common.GetDecimalDecimal	True	Decimal	GameCreator.Runtime.Core
property.get	GameCreator.Runtime.Common.TPropertyTypeGet`1	GameCreator.Runtime.Common.GetDecimalInputAction	True	Input/Input Action	GameCreator.Runtime.Core
property.get	GameCreator.Runtime.Common.TPropertyTypeGet`1	GameCreator.Runtime.Common.GetDecimalInteger	True	Integer	GameCreator.Runtime.Core
property.get	GameCreator.Runtime.Common.TPropertyTypeGet`1	GameCreator.Runtime.Common.GetDecimalLightIntensity	True	Light/Intensity	GameCreator.Runtime.Core
property.get	GameCreator.Runtime.Common.TPropertyTypeGet`1	GameCreator.Runtime.Common.GetDecimalLightRange	True	Light/Range	GameCreator.Runtime.Core
property.get	GameCreator.Runtime.Common.TPropertyTypeGet`1	GameCreator.Runtime.Common.GetDecimalMathAbsolute	True	Math/Arithmetic/Absolute Number	GameCreator.Runtime.Core
property.get	GameCreator.Runtime.Common.TPropertyTypeGet`1	GameCreator.Runtime.Common.GetDecimalMathAngle	True	Math/Geometry/Directions Angle Absolute	GameCreator.Runtime.Core
property.get	GameCreator.Runtime.Common.TPropertyTypeGet`1	GameCreator.Runtime.Common.GetDecimalMathAngleSigned	True	Math/Geometry/Directions Angle Signed	GameCreator.Runtime.Core
property.get	GameCreator.Runtime.Common.TPropertyTypeGet`1	GameCreator.Runtime.Common.GetDecimalMathCeil	True	Math/Arithmetic/Ceil Decimal	GameCreator.Runtime.Core
property.get	GameCreator.Runtime.Common.TPropertyTypeGet`1	GameCreator.Runtime.Common.GetDecimalMathClamp	True	Math/Arithmetic/Clamp Number	GameCreator.Runtime.Core
property.get	GameCreator.Runtime.Common.TPropertyTypeGet`1	GameCreator.Runtime.Common.GetDecimalMathDistance	True	Math/Geometry/Distance between Points	GameCreator.Runtime.Core
property.get	GameCreator.Runtime.Common.TPropertyTypeGet`1	GameCreator.Runtime.Common.GetDecimalMathDivide	True	Math/Arithmetic/Divide Decimals	GameCreator.Runtime.Core
property.get	GameCreator.Runtime.Common.TPropertyTypeGet`1	GameCreator.Runtime.Common.GetDecimalMathDotProduct	True	Math/Geometry/Dot Product	GameCreator.Runtime.Core
property.get	GameCreator.Runtime.Common.TPropertyTypeGet`1	GameCreator.Runtime.Common.GetDecimalMathFloor	True	Math/Arithmetic/Floor Decimal	GameCreator.Runtime.Core
property.get	GameCreator.Runtime.Common.TPropertyTypeGet`1	GameCreator.Runtime.Common.GetDecimalMathModulus	True	Math/Arithmetic/Modulus Decimals	GameCreator.Runtime.Core
property.get	GameCreator.Runtime.Common.TPropertyTypeGet`1	GameCreator.Runtime.Common.GetDecimalMathMultiply	True	Math/Arithmetic/Multiply Decimals	GameCreator.Runtime.Core
property.get	GameCreator.Runtime.Common.TPropertyTypeGet`1	GameCreator.Runtime.Common.GetDecimalMathPercent	True	Math/Arithmetic/Percentage	GameCreator.Runtime.Core
property.get	GameCreator.Runtime.Common.TPropertyTypeGet`1	GameCreator.Runtime.Common.GetDecimalMathRound	True	Math/Arithmetic/Round Decimal	GameCreator.Runtime.Core
property.get	GameCreator.Runtime.Common.TPropertyTypeGet`1	GameCreator.Runtime.Common.GetDecimalMathSubtract	True	Math/Arithmetic/Subtract Decimals	GameCreator.Runtime.Core
property.get	GameCreator.Runtime.Common.TPropertyTypeGet`1	GameCreator.Runtime.Common.GetDecimalMathSum	True	Math/Arithmetic/Add Decimals	GameCreator.Runtime.Core
property.get	GameCreator.Runtime.Common.TPropertyTypeGet`1	GameCreator.Runtime.Common.GetDecimalPhysicsGravityEarth	True	Physics/Earth Gravity	GameCreator.Runtime.Core
property.get	GameCreator.Runtime.Common.TPropertyTypeGet`1	GameCreator.Runtime.Common.GetDecimalPhysicsGravityMars	True	Physics/Mars Gravity	GameCreator.Runtime.Core
property.get	GameCreator.Runtime.Common.TPropertyTypeGet`1	GameCreator.Runtime.Common.GetDecimalPhysicsGravityMoon	True	Physics/Moon Gravity	GameCreator.Runtime.Core
property.get	GameCreator.Runtime.Common.TPropertyTypeGet`1	GameCreator.Runtime.Common.GetDecimalRandomRange	True	Random/Random Range	GameCreator.Runtime.Core
property.get	GameCreator.Runtime.Common.TPropertyTypeGet`1	GameCreator.Runtime.Common.GetDecimalRandomUnit	True	Random/Random Unit	GameCreator.Runtime.Core
property.get	GameCreator.Runtime.Common.TPropertyTypeGet`1	GameCreator.Runtime.Common.GetDecimalReflectionFieldDouble	True	Reflection/Field Double	GameCreator.Runtime.Core
property.get	GameCreator.Runtime.Common.TPropertyTypeGet`1	GameCreator.Runtime.Common.GetDecimalReflectionFieldFloat	True	Reflection/Field Float	GameCreator.Runtime.Core
property.get	GameCreator.Runtime.Common.TPropertyTypeGet`1	GameCreator.Runtime.Common.GetDecimalReflectionFieldInteger	True	Reflection/Field Integer	GameCreator.Runtime.Core
property.get	GameCreator.Runtime.Common.TPropertyTypeGet`1	GameCreator.Runtime.Common.GetDecimalReflectionPropertyDouble	True	Reflection/Property Double	GameCreator.Runtime.Core
property.get	GameCreator.Runtime.Common.TPropertyTypeGet`1	GameCreator.Runtime.Common.GetDecimalReflectionPropertyFloat	True	Reflection/Property Float	GameCreator.Runtime.Core
property.get	GameCreator.Runtime.Common.TPropertyTypeGet`1	GameCreator.Runtime.Common.GetDecimalReflectionPropertyInteger	True	Reflection/Property Integer	GameCreator.Runtime.Core
property.get	GameCreator.Runtime.Common.TPropertyTypeGet`1	GameCreator.Runtime.Common.GetDecimalScreenHeight	True	Screen/Screen Height	GameCreator.Runtime.Core
property.get	GameCreator.Runtime.Common.TPropertyTypeGet`1	GameCreator.Runtime.Common.GetDecimalScreenWidth	True	Screen/Screen Width	GameCreator.Runtime.Core
property.get	GameCreator.Runtime.Common.TPropertyTypeGet`1	GameCreator.Runtime.Common.GetDecimalTimeDeltaTime	True	Time/Delta Time	GameCreator.Runtime.Core
property.get	GameCreator.Runtime.Common.TPropertyTypeGet`1	GameCreator.Runtime.Common.GetDecimalTimeGameTime	True	Time/Game Time	GameCreator.Runtime.Core
property.get	GameCreator.Runtime.Common.TPropertyTypeGet`1	GameCreator.Runtime.Common.GetDecimalTimeRealTime	True	Time/Real Time	GameCreator.Runtime.Core
property.get	GameCreator.Runtime.Common.TPropertyTypeGet`1	GameCreator.Runtime.Common.GetDecimalTimeScale	True	Time/Time Scale	GameCreator.Runtime.Core
property.get	GameCreator.Runtime.Common.TPropertyTypeGet`1	GameCreator.Runtime.Common.GetDecimalTimeUnscaledDeltaTime	True	Time/Real Delta Time	GameCreator.Runtime.Core
property.get	GameCreator.Runtime.Common.TPropertyTypeGet`1	GameCreator.Runtime.Common.GetDecimalTransformsChildCount	True	Transforms/Child Count	GameCreator.Runtime.Core
property.get	GameCreator.Runtime.Common.TPropertyTypeGet`1	GameCreator.Runtime.Common.GetDecimalTransformsDirectionX	True	Transforms/Direction X	GameCreator.Runtime.Core
property.get	GameCreator.Runtime.Common.TPropertyTypeGet`1	GameCreator.Runtime.Common.GetDecimalTransformsDirectionY	True	Transforms/Direction Y	GameCreator.Runtime.Core
property.get	GameCreator.Runtime.Common.TPropertyTypeGet`1	GameCreator.Runtime.Common.GetDecimalTransformsDirectionZ	True	Transforms/Direction Z	GameCreator.Runtime.Core
property.get	GameCreator.Runtime.Common.TPropertyTypeGet`1	GameCreator.Runtime.Common.GetDecimalTransformsLastChildIndex	True	Transforms/Last Child Index	GameCreator.Runtime.Core
property.get	GameCreator.Runtime.Common.TPropertyTypeGet`1	GameCreator.Runtime.Common.GetDecimalTransformsPositionX	True	Transforms/Position X	GameCreator.Runtime.Core
property.get	GameCreator.Runtime.Common.TPropertyTypeGet`1	GameCreator.Runtime.Common.GetDecimalTransformsPositionY	True	Transforms/Position Y	GameCreator.Runtime.Core
property.get	GameCreator.Runtime.Common.TPropertyTypeGet`1	GameCreator.Runtime.Common.GetDecimalTransformsPositionZ	True	Transforms/Position Z	GameCreator.Runtime.Core
property.get	GameCreator.Runtime.Common.TPropertyTypeGet`1	GameCreator.Runtime.Common.GetDecimalTransformsScaleX	True	Transforms/Scale X	GameCreator.Runtime.Core
property.get	GameCreator.Runtime.Common.TPropertyTypeGet`1	GameCreator.Runtime.Common.GetDecimalTransformsScaleY	True	Transforms/Scale Y	GameCreator.Runtime.Core
property.get	GameCreator.Runtime.Common.TPropertyTypeGet`1	GameCreator.Runtime.Common.GetDecimalTransformsScaleZ	True	Transforms/Scale Z	GameCreator.Runtime.Core
property.get	GameCreator.Runtime.Common.TPropertyTypeGet`1	GameCreator.Runtime.Common.GetDecimalVolumeAmbient	True	Audio/Volume Ambient	GameCreator.Runtime.Core
property.get	GameCreator.Runtime.Common.TPropertyTypeGet`1	GameCreator.Runtime.Common.GetDecimalVolumeMaster	True	Audio/Volume Master	GameCreator.Runtime.Core
property.get	GameCreator.Runtime.Common.TPropertyTypeGet`1	GameCreator.Runtime.Common.GetDecimalVolumeMusic	True	Audio/Volume Music	GameCreator.Runtime.Core
property.get	GameCreator.Runtime.Common.TPropertyTypeGet`1	GameCreator.Runtime.Common.GetDecimalVolumeSFX	True	Audio/Volume SFX	GameCreator.Runtime.Core
property.get	GameCreator.Runtime.Common.TPropertyTypeGet`1	GameCreator.Runtime.Common.GetDecimalVolumeSpeech	True	Audio/Volume Speech	GameCreator.Runtime.Core
property.get	GameCreator.Runtime.Common.TPropertyTypeGet`1	GameCreator.Runtime.Common.GetDecimalVolumeUI	True	Audio/Volume UI	GameCreator.Runtime.Core
property.get	GameCreator.Runtime.Common.TPropertyTypeGet`1	GameCreator.Runtime.Common.GetDirectionConstantBackward	True	Constants/Backward	GameCreator.Runtime.Core
property.get	GameCreator.Runtime.Common.TPropertyTypeGet`1	GameCreator.Runtime.Common.GetDirectionConstantDown	True	Constants/Down	GameCreator.Runtime.Core
property.get	GameCreator.Runtime.Common.TPropertyTypeGet`1	GameCreator.Runtime.Common.GetDirectionConstantForward	True	Constants/Forward	GameCreator.Runtime.Core
property.get	GameCreator.Runtime.Common.TPropertyTypeGet`1	GameCreator.Runtime.Common.GetDirectionConstantLeft	True	Constants/Left	GameCreator.Runtime.Core
property.get	GameCreator.Runtime.Common.TPropertyTypeGet`1	GameCreator.Runtime.Common.GetDirectionConstantRight	True	Constants/Right	GameCreator.Runtime.Core
property.get	GameCreator.Runtime.Common.TPropertyTypeGet`1	GameCreator.Runtime.Common.GetDirectionConstantUp	True	Constants/Up	GameCreator.Runtime.Core
property.get	GameCreator.Runtime.Common.TPropertyTypeGet`1	GameCreator.Runtime.Common.GetDirectionGameObject	True	Game Objects/Game Object Direction	GameCreator.Runtime.Core
property.get	GameCreator.Runtime.Common.TPropertyTypeGet`1	GameCreator.Runtime.Common.GetDirectionInputAction	True	Input/Input Action	GameCreator.Runtime.Core
property.get	GameCreator.Runtime.Common.TPropertyTypeGet`1	GameCreator.Runtime.Common.GetDirectionLocalBackward	True	Transforms/Local to World Backward	GameCreator.Runtime.Core
property.get	GameCreator.Runtime.Common.TPropertyTypeGet`1	GameCreator.Runtime.Common.GetDirectionLocalForward	True	Transforms/Local to World Forward	GameCreator.Runtime.Core
property.get	GameCreator.Runtime.Common.TPropertyTypeGet`1	GameCreator.Runtime.Common.GetDirectionLocalLeft	True	Transforms/Local to World Left	GameCreator.Runtime.Core
property.get	GameCreator.Runtime.Common.TPropertyTypeGet`1	GameCreator.Runtime.Common.GetDirectionLocalRight	True	Transforms/Local to World Right	GameCreator.Runtime.Core
property.get	GameCreator.Runtime.Common.TPropertyTypeGet`1	GameCreator.Runtime.Common.GetDirectionLocalValue	True	Transforms/Local to World Direction	GameCreator.Runtime.Core
property.get	GameCreator.Runtime.Common.TPropertyTypeGet`1	GameCreator.Runtime.Common.GetDirectionMathCrossProduct	True	Math/Cross Product	GameCreator.Runtime.Core
property.get	GameCreator.Runtime.Common.TPropertyTypeGet`1	GameCreator.Runtime.Common.GetDirectionMathFromQuaternion	True	Math/From Rotation	GameCreator.Runtime.Core
property.get	GameCreator.Runtime.Common.TPropertyTypeGet`1	GameCreator.Runtime.Common.GetDirectionMathFromTo	True	Math/From Positions	GameCreator.Runtime.Core
property.get	GameCreator.Runtime.Common.TPropertyTypeGet`1	GameCreator.Runtime.Common.GetDirectionMathInvert	True	Math/Invert Direction	GameCreator.Runtime.Core
property.get	GameCreator.Runtime.Common.TPropertyTypeGet`1	GameCreator.Runtime.Common.GetDirectionMathNormalize	True	Math/Normalize Direction	GameCreator.Runtime.Core
property.get	GameCreator.Runtime.Common.TPropertyTypeGet`1	GameCreator.Runtime.Common.GetDirectionMathProjectPlane	True	Math/Project on Plane	GameCreator.Runtime.Core
property.get	GameCreator.Runtime.Common.TPropertyTypeGet`1	GameCreator.Runtime.Common.GetDirectionMathReflectPlane	True	Math/Reflect from Plane	GameCreator.Runtime.Core
property.get	GameCreator.Runtime.Common.TPropertyTypeGet`1	GameCreator.Runtime.Common.GetDirectionMathRemap	True	Math/Remap Direction	GameCreator.Runtime.Core
property.get	GameCreator.Runtime.Common.TPropertyTypeGet`1	GameCreator.Runtime.Common.GetDirectionMathScaleProduct	True	Math/Scale Product	GameCreator.Runtime.Core
property.get	GameCreator.Runtime.Common.TPropertyTypeGet`1	GameCreator.Runtime.Common.GetDirectionMathSubtract	True	Math/Subtract Directions	GameCreator.Runtime.Core
property.get	GameCreator.Runtime.Common.TPropertyTypeGet`1	GameCreator.Runtime.Common.GetDirectionMathSubtractPositions	True	Math/Subtract Positions	GameCreator.Runtime.Core
property.get	GameCreator.Runtime.Common.TPropertyTypeGet`1	GameCreator.Runtime.Common.GetDirectionMathSum	True	Math/Add Directions	GameCreator.Runtime.Core
property.get	GameCreator.Runtime.Common.TPropertyTypeGet`1	GameCreator.Runtime.Common.GetDirectionReflectionFieldVector2	True	Reflection/Field Vector2	GameCreator.Runtime.Core
property.get	GameCreator.Runtime.Common.TPropertyTypeGet`1	GameCreator.Runtime.Common.GetDirectionReflectionFieldVector3	True	Reflection/Field Vector3	GameCreator.Runtime.Core
property.get	GameCreator.Runtime.Common.TPropertyTypeGet`1	GameCreator.Runtime.Common.GetDirectionReflectionPropertyVector2	True	Reflection/Property Vector2	GameCreator.Runtime.Core
property.get	GameCreator.Runtime.Common.TPropertyTypeGet`1	GameCreator.Runtime.Common.GetDirectionReflectionPropertyVector3	True	Reflection/Property Vector3	GameCreator.Runtime.Core
property.get	GameCreator.Runtime.Common.TPropertyTypeGet`1	GameCreator.Runtime.Common.GetDirectionRotationRotation	True	Rotation/From Rotation	GameCreator.Runtime.Core
property.get	GameCreator.Runtime.Common.TPropertyTypeGet`1	GameCreator.Runtime.Common.GetDirectionSelf	True	Game Objects/Self Direction	GameCreator.Runtime.Core
property.get	GameCreator.Runtime.Common.TPropertyTypeGet`1	GameCreator.Runtime.Common.GetDirectionTarget	True	Game Objects/Target Direction	GameCreator.Runtime.Core
property.get	GameCreator.Runtime.Common.TPropertyTypeGet`1	GameCreator.Runtime.Common.GetDirectionTransformDirection	True	Transforms/Transform Direction	GameCreator.Runtime.Core
property.get	GameCreator.Runtime.Common.TPropertyTypeGet`1	GameCreator.Runtime.Common.GetDirectionTransformInverseDirection	True	Transforms/Inverse Transform Direction	GameCreator.Runtime.Core
property.get	GameCreator.Runtime.Common.TPropertyTypeGet`1	GameCreator.Runtime.Common.GetDirectionValueDecimals	True	Values/Vector Components	GameCreator.Runtime.Core
property.get	GameCreator.Runtime.Common.TPropertyTypeGet`1	GameCreator.Runtime.Common.GetDirectionVector	True	Constants/Vector	GameCreator.Runtime.Core
property.get	GameCreator.Runtime.Common.TPropertyTypeGet`1	GameCreator.Runtime.Common.GetDirectionVector3One	True	Constants/One	GameCreator.Runtime.Core
property.get	GameCreator.Runtime.Common.TPropertyTypeGet`1	GameCreator.Runtime.Common.GetDirectionVector3Zero	True	Constants/Zero	GameCreator.Runtime.Core
property.get	GameCreator.Runtime.Common.TPropertyTypeGet`1	GameCreator.Runtime.Common.GetDirectionWorldValue	True	Transforms/World to Local Direction	GameCreator.Runtime.Core
property.get	GameCreator.Runtime.Common.TPropertyTypeGet`1	GameCreator.Runtime.Common.GetGameObjectByName	True	Game Objects/Find by Name	GameCreator.Runtime.Core
property.get	GameCreator.Runtime.Common.TPropertyTypeGet`1	GameCreator.Runtime.Common.GetGameObjectByTag	True	Game Objects/Find by Tag	GameCreator.Runtime.Core
property.get	GameCreator.Runtime.Common.TPropertyTypeGet`1	GameCreator.Runtime.Common.GetGameObjectChildByIndex	True	Transforms/Game Object Child Index	GameCreator.Runtime.Core
property.get	GameCreator.Runtime.Common.TPropertyTypeGet`1	GameCreator.Runtime.Common.GetGameObjectChildByPath	True	Transforms/Game Object Child Path	GameCreator.Runtime.Core
property.get	GameCreator.Runtime.Common.TPropertyTypeGet`1	GameCreator.Runtime.Common.GetGameObjectFindComponentInChildren	True	Transforms/Component in Children	GameCreator.Runtime.Core
property.get	GameCreator.Runtime.Common.TPropertyTypeGet`1	GameCreator.Runtime.Common.GetGameObjectFindComponentInParents	True	Transforms/Component in Parents	GameCreator.Runtime.Core
property.get	GameCreator.Runtime.Common.TPropertyTypeGet`1	GameCreator.Runtime.Common.GetGameObjectInstance	True	Game Objects/Game Object	GameCreator.Runtime.Core
property.get	GameCreator.Runtime.Common.TPropertyTypeGet`1	GameCreator.Runtime.Common.GetGameObjectLastCollidedEnter	True	Physics/Last Collided Enter	GameCreator.Runtime.Core
property.get	GameCreator.Runtime.Common.TPropertyTypeGet`1	GameCreator.Runtime.Common.GetGameObjectLastCollidedExit	True	Physics/Last Collided Exit	GameCreator.Runtime.Core
property.get	GameCreator.Runtime.Common.TPropertyTypeGet`1	GameCreator.Runtime.Common.GetGameObjectLastPoolPick	True	Game Objects/Last Pick from Pool	GameCreator.Runtime.Core
property.get	GameCreator.Runtime.Common.TPropertyTypeGet`1	GameCreator.Runtime.Common.GetGameObjectLastTriggerEnter	True	Physics/Last Trigger Enter	GameCreator.Runtime.Core
property.get	GameCreator.Runtime.Common.TPropertyTypeGet`1	GameCreator.Runtime.Common.GetGameObjectLastTriggerExit	True	Physics/Last Trigger Exit	GameCreator.Runtime.Core
property.get	GameCreator.Runtime.Common.TPropertyTypeGet`1	GameCreator.Runtime.Common.GetGameObjectNavigationMarker	True	Navigation/Marker	GameCreator.Runtime.Core
property.get	GameCreator.Runtime.Common.TPropertyTypeGet`1	GameCreator.Runtime.Common.GetGameObjectNavigationMarkerID	True	Navigation/Marker by ID	GameCreator.Runtime.Core
property.get	GameCreator.Runtime.Common.TPropertyTypeGet`1	GameCreator.Runtime.Common.GetGameObjectNone	True	Game Objects/None	GameCreator.Runtime.Core
property.get	GameCreator.Runtime.Common.TPropertyTypeGet`1	GameCreator.Runtime.Common.GetGameObjectParent	True	Transforms/Parent	GameCreator.Runtime.Core
property.get	GameCreator.Runtime.Common.TPropertyTypeGet`1	GameCreator.Runtime.Common.GetGameObjectRectTransform	True	Transforms/Rect Transform	GameCreator.Runtime.Core
property.get	GameCreator.Runtime.Common.TPropertyTypeGet`1	GameCreator.Runtime.Common.GetGameObjectReflectionFieldObject	True	Reflection/Field GameObject	GameCreator.Runtime.Core
property.get	GameCreator.Runtime.Common.TPropertyTypeGet`1	GameCreator.Runtime.Common.GetGameObjectReflectionPropertyObject	True	Reflection/Property GameObject	GameCreator.Runtime.Core
property.get	GameCreator.Runtime.Common.TPropertyTypeGet`1	GameCreator.Runtime.Common.GetGameObjectRoot	True	Transforms/Root	GameCreator.Runtime.Core
property.get	GameCreator.Runtime.Common.TPropertyTypeGet`1	GameCreator.Runtime.Common.GetGameObjectSelf	True	Self	GameCreator.Runtime.Core
property.get	GameCreator.Runtime.Common.TPropertyTypeGet`1	GameCreator.Runtime.Common.GetGameObjectTarget	True	Target	GameCreator.Runtime.Core
property.get	GameCreator.Runtime.Common.TPropertyTypeGet`1	GameCreator.Runtime.Common.GetGameObjectTransform	True	Transforms/Transform	GameCreator.Runtime.Core
property.get	GameCreator.Runtime.Common.TPropertyTypeGet`1	GameCreator.Runtime.Common.GetInputCursorScreenPosition	True	Input/Cursor Screen Position	GameCreator.Runtime.Core
property.get	GameCreator.Runtime.Common.TPropertyTypeGet`1	GameCreator.Runtime.Common.GetInputCursorWorldPosition	True	Input/Cursor World Position	GameCreator.Runtime.Core
property.get	GameCreator.Runtime.Common.TPropertyTypeGet`1	GameCreator.Runtime.Common.GetInputFingerScreenPosition	True	Input/Finger Screen Position	GameCreator.Runtime.Core
property.get	GameCreator.Runtime.Common.TPropertyTypeGet`1	GameCreator.Runtime.Common.GetInputFingerWorldPosition	True	Input/Finger World Position	GameCreator.Runtime.Core
property.get	GameCreator.Runtime.Common.TPropertyTypeGet`1	GameCreator.Runtime.Common.GetLocationNavigationMarker	True	Navigation/Marker	GameCreator.Runtime.Core
property.get	GameCreator.Runtime.Common.TPropertyTypeGet`1	GameCreator.Runtime.Common.GetLocationNone	True	None	GameCreator.Runtime.Core
property.get	GameCreator.Runtime.Common.TPropertyTypeGet`1	GameCreator.Runtime.Common.GetLocationPosition	True	Constants/Position	GameCreator.Runtime.Core
property.get	GameCreator.Runtime.Common.TPropertyTypeGet`1	GameCreator.Runtime.Common.GetLocationPositionRotation	True	Constants/Location	GameCreator.Runtime.Core
property.get	GameCreator.Runtime.Common.TPropertyTypeGet`1	GameCreator.Runtime.Common.GetLocationRotation	True	Constants/Rotation	GameCreator.Runtime.Core
property.get	GameCreator.Runtime.Common.TPropertyTypeGet`1	GameCreator.Runtime.Common.GetLocationTrackLocation	True	Tracking/Track Target	GameCreator.Runtime.Core
property.get	GameCreator.Runtime.Common.TPropertyTypeGet`1	GameCreator.Runtime.Common.GetLocationTrackRotationAway	True	Tracking/Rotation Away	GameCreator.Runtime.Core
property.get	GameCreator.Runtime.Common.TPropertyTypeGet`1	GameCreator.Runtime.Common.GetLocationTrackRotationTowards	True	Tracking/Rotation Towards	GameCreator.Runtime.Core
property.get	GameCreator.Runtime.Common.TPropertyTypeGet`1	GameCreator.Runtime.Common.GetMaterialInstance	True	Constants/Material	GameCreator.Runtime.Core
property.get	GameCreator.Runtime.Common.TPropertyTypeGet`1	GameCreator.Runtime.Common.GetMaterialNone	True	None	GameCreator.Runtime.Core
property.get	GameCreator.Runtime.Common.TPropertyTypeGet`1	GameCreator.Runtime.Common.GetMaterialReflectionFieldMaterial	True	Reflection/Field Material	GameCreator.Runtime.Core
property.get	GameCreator.Runtime.Common.TPropertyTypeGet`1	GameCreator.Runtime.Common.GetMaterialReflectionPropertyMaterial	True	Reflection/Property Material	GameCreator.Runtime.Core
property.get	GameCreator.Runtime.Common.TPropertyTypeGet`1	GameCreator.Runtime.Common.GetMaterialRendererInstance	True	Renderers/Renderer Material	GameCreator.Runtime.Core
property.get	GameCreator.Runtime.Common.TPropertyTypeGet`1	GameCreator.Runtime.Common.GetMaterialRendererShared	True	Renderers/Renderer Shared Material	GameCreator.Runtime.Core
property.get	GameCreator.Runtime.Common.TPropertyTypeGet`1	GameCreator.Runtime.Common.GetMaterialUIGraphic	True	UI/Graphic Material	GameCreator.Runtime.Core
property.get	GameCreator.Runtime.Common.TPropertyTypeGet`1	GameCreator.Runtime.Common.GetPositionCamerasMain	True	Cameras/Main Camera	GameCreator.Runtime.Core
property.get	GameCreator.Runtime.Common.TPropertyTypeGet`1	GameCreator.Runtime.Common.GetPositionCamerasMainShot	True	Cameras/Main Shot	GameCreator.Runtime.Core
property.get	GameCreator.Runtime.Common.TPropertyTypeGet`1	GameCreator.Runtime.Common.GetPositionCharactersPlayer	True	Characters/Player Position	GameCreator.Runtime.Core
property.get	GameCreator.Runtime.Common.TPropertyTypeGet`1	GameCreator.Runtime.Common.GetPositionGameObject	True	Game Objects/Game Object Position	GameCreator.Runtime.Core
property.get	GameCreator.Runtime.Common.TPropertyTypeGet`1	GameCreator.Runtime.Common.GetPositionMathLinearInterpolate	True	Math/Linear Interpolation	GameCreator.Runtime.Core
property.get	GameCreator.Runtime.Common.TPropertyTypeGet`1	GameCreator.Runtime.Common.GetPositionMathProductScale	True	Math/Multiply Positions	GameCreator.Runtime.Core
property.get	GameCreator.Runtime.Common.TPropertyTypeGet`1	GameCreator.Runtime.Common.GetPositionMathProductUniform	True	Math/Multiply Decimal	GameCreator.Runtime.Core
property.get	GameCreator.Runtime.Common.TPropertyTypeGet`1	GameCreator.Runtime.Common.GetPositionMathSphereInterpolation	True	Math/Sphere Interpolation	GameCreator.Runtime.Core
property.get	GameCreator.Runtime.Common.TPropertyTypeGet`1	GameCreator.Runtime.Common.GetPositionMathSubtract	True	Math/Subtract Positions	GameCreator.Runtime.Core
property.get	GameCreator.Runtime.Common.TPropertyTypeGet`1	GameCreator.Runtime.Common.GetPositionMathSum	True	Math/Add Positions	GameCreator.Runtime.Core
property.get	GameCreator.Runtime.Common.TPropertyTypeGet`1	GameCreator.Runtime.Common.GetPositionPhysicsCapsuleCast	True	Physics/Capsule Cast Position	GameCreator.Runtime.Core
property.get	GameCreator.Runtime.Common.TPropertyTypeGet`1	GameCreator.Runtime.Common.GetPositionPhysicsRaycast	True	Physics/Raycast Position	GameCreator.Runtime.Core
property.get	GameCreator.Runtime.Common.TPropertyTypeGet`1	GameCreator.Runtime.Common.GetPositionPhysicsSphereCast	True	Physics/Sphere Cast Position	GameCreator.Runtime.Core
property.get	GameCreator.Runtime.Common.TPropertyTypeGet`1	GameCreator.Runtime.Common.GetPositionRandomSphere	True	Random/Sphere Volume	GameCreator.Runtime.Core
property.get	GameCreator.Runtime.Common.TPropertyTypeGet`1	GameCreator.Runtime.Common.GetPositionRandomSphereSurface	True	Random/Sphere Surface	GameCreator.Runtime.Core
property.get	GameCreator.Runtime.Common.TPropertyTypeGet`1	GameCreator.Runtime.Common.GetPositionReflectionFieldVector2	True	Reflection/Field Vector2	GameCreator.Runtime.Core
property.get	GameCreator.Runtime.Common.TPropertyTypeGet`1	GameCreator.Runtime.Common.GetPositionReflectionFieldVector3	True	Reflection/Field Vector3	GameCreator.Runtime.Core
property.get	GameCreator.Runtime.Common.TPropertyTypeGet`1	GameCreator.Runtime.Common.GetPositionReflectionPropertyVector2	True	Reflection/Property Vector2	GameCreator.Runtime.Core
property.get	GameCreator.Runtime.Common.TPropertyTypeGet`1	GameCreator.Runtime.Common.GetPositionReflectionPropertyVector3	True	Reflection/Property Vector3	GameCreator.Runtime.Core
property.get	GameCreator.Runtime.Common.TPropertyTypeGet`1	GameCreator.Runtime.Common.GetPositionSelf	True	Game Objects/Self Position	GameCreator.Runtime.Core
property.get	GameCreator.Runtime.Common.TPropertyTypeGet`1	GameCreator.Runtime.Common.GetPositionTarget	True	Game Objects/Target Position	GameCreator.Runtime.Core
property.get	GameCreator.Runtime.Common.TPropertyTypeGet`1	GameCreator.Runtime.Common.GetPositionTransformInversePoint	True	Transforms/Inverse Transform Point	GameCreator.Runtime.Core
property.get	GameCreator.Runtime.Common.TPropertyTypeGet`1	GameCreator.Runtime.Common.GetPositionTransformPoint	True	Transforms/Transform Point	GameCreator.Runtime.Core
property.get	GameCreator.Runtime.Common.TPropertyTypeGet`1	GameCreator.Runtime.Common.GetPositionValueDecimals	True	Values/Vector Components	GameCreator.Runtime.Core
property.get	GameCreator.Runtime.Common.TPropertyTypeGet`1	GameCreator.Runtime.Common.GetPositionValueDirection	True	Values/Direction	GameCreator.Runtime.Core
property.get	GameCreator.Runtime.Common.TPropertyTypeGet`1	GameCreator.Runtime.Common.GetPositionVector2	True	Constants/Vector2	GameCreator.Runtime.Core
property.get	GameCreator.Runtime.Common.TPropertyTypeGet`1	GameCreator.Runtime.Common.GetPositionVector3	True	Constants/Vector3	GameCreator.Runtime.Core
property.get	GameCreator.Runtime.Common.TPropertyTypeGet`1	GameCreator.Runtime.Common.GetPositionVectorZero	True	Constants/Vector Zero	GameCreator.Runtime.Core
property.get	GameCreator.Runtime.Common.TPropertyTypeGet`1	GameCreator.Runtime.Common.GetRotationAwayDirection	True	Math/Away Direction	GameCreator.Runtime.Core
property.get	GameCreator.Runtime.Common.TPropertyTypeGet`1	GameCreator.Runtime.Common.GetRotationCamera	True	Cameras/Camera	GameCreator.Runtime.Core
property.get	GameCreator.Runtime.Common.TPropertyTypeGet`1	GameCreator.Runtime.Common.GetRotationCharactersPlayer	True	Characters/Player Rotation	GameCreator.Runtime.Core
property.get	GameCreator.Runtime.Common.TPropertyTypeGet`1	GameCreator.Runtime.Common.GetRotationConstantDirectionVector	True	Constants/Direction Vector3	GameCreator.Runtime.Core
property.get	GameCreator.Runtime.Common.TPropertyTypeGet`1	GameCreator.Runtime.Common.GetRotationConstantEulerVector	True	Constants/Euler Vector3	GameCreator.Runtime.Core
property.get	GameCreator.Runtime.Common.TPropertyTypeGet`1	GameCreator.Runtime.Common.GetRotationEuler	True	Values/Euler Angles	GameCreator.Runtime.Core
property.get	GameCreator.Runtime.Common.TPropertyTypeGet`1	GameCreator.Runtime.Common.GetRotationFromToDirection	True	Math/From To Direction	GameCreator.Runtime.Core
property.get	GameCreator.Runtime.Common.TPropertyTypeGet`1	GameCreator.Runtime.Common.GetRotationGameObject	True	Game Objects/Game Object Rotation	GameCreator.Runtime.Core
property.get	GameCreator.Runtime.Common.TPropertyTypeGet`1	GameCreator.Runtime.Common.GetRotationIdentity	True	Math/Identity	GameCreator.Runtime.Core
property.get	GameCreator.Runtime.Common.TPropertyTypeGet`1	GameCreator.Runtime.Common.GetRotationMathInverse	True	Math/Inverse Rotation	GameCreator.Runtime.Core
property.get	GameCreator.Runtime.Common.TPropertyTypeGet`1	GameCreator.Runtime.Common.GetRotationMathMultiply	True	Math/Multiply Rotations	GameCreator.Runtime.Core
property.get	GameCreator.Runtime.Common.TPropertyTypeGet`1	GameCreator.Runtime.Common.GetRotationQuaternion	True	Values/Quaternion	GameCreator.Runtime.Core
property.get	GameCreator.Runtime.Common.TPropertyTypeGet`1	GameCreator.Runtime.Common.GetRotationRandomEulerX	True	Random/Random Euler X	GameCreator.Runtime.Core
property.get	GameCreator.Runtime.Common.TPropertyTypeGet`1	GameCreator.Runtime.Common.GetRotationRandomEulerY	True	Random/Random Euler Y	GameCreator.Runtime.Core
property.get	GameCreator.Runtime.Common.TPropertyTypeGet`1	GameCreator.Runtime.Common.GetRotationRandomEulerZ	True	Random/Random Euler Z	GameCreator.Runtime.Core
property.get	GameCreator.Runtime.Common.TPropertyTypeGet`1	GameCreator.Runtime.Common.GetRotationReflectionFieldQuaternion	True	Reflection/Field Quaternion	GameCreator.Runtime.Core
property.get	GameCreator.Runtime.Common.TPropertyTypeGet`1	GameCreator.Runtime.Common.GetRotationReflectionPropertyQuaternion	True	Reflection/Property Quaternion	GameCreator.Runtime.Core
property.get	GameCreator.Runtime.Common.TPropertyTypeGet`1	GameCreator.Runtime.Common.GetRotationSelf	True	Game Objects/Self Rotation	GameCreator.Runtime.Core
property.get	GameCreator.Runtime.Common.TPropertyTypeGet`1	GameCreator.Runtime.Common.GetRotationTarget	True	Game Objects/Target Rotation	GameCreator.Runtime.Core
property.get	GameCreator.Runtime.Common.TPropertyTypeGet`1	GameCreator.Runtime.Common.GetRotationTowardsDirection	True	Math/Towards Direction	GameCreator.Runtime.Core
property.get	GameCreator.Runtime.Common.TPropertyTypeGet`1	GameCreator.Runtime.Common.GetRotationTowardsPosition	True	Math/Towards Position	GameCreator.Runtime.Core
property.get	GameCreator.Runtime.Common.TPropertyTypeGet`1	GameCreator.Runtime.Common.GetScaleGameObject	True	Game Objects/Game Object Scale	GameCreator.Runtime.Core
property.get	GameCreator.Runtime.Common.TPropertyTypeGet`1	GameCreator.Runtime.Common.GetScaleMathScale	True	Math/Scale Number	GameCreator.Runtime.Core
property.get	GameCreator.Runtime.Common.TPropertyTypeGet`1	GameCreator.Runtime.Common.GetScalePlayer	True	Characters/Player Scale	GameCreator.Runtime.Core
property.get	GameCreator.Runtime.Common.TPropertyTypeGet`1	GameCreator.Runtime.Common.GetScaleReflectionFieldVector2	True	Reflection/Field Vector2	GameCreator.Runtime.Core
property.get	GameCreator.Runtime.Common.TPropertyTypeGet`1	GameCreator.Runtime.Common.GetScaleReflectionFieldVector3	True	Reflection/Field Vector3	GameCreator.Runtime.Core
property.get	GameCreator.Runtime.Common.TPropertyTypeGet`1	GameCreator.Runtime.Common.GetScaleReflectionPropertyVector2	True	Reflection/Property Vector2	GameCreator.Runtime.Core
property.get	GameCreator.Runtime.Common.TPropertyTypeGet`1	GameCreator.Runtime.Common.GetScaleReflectionPropertyVector3	True	Reflection/Property Vector3	GameCreator.Runtime.Core
property.get	GameCreator.Runtime.Common.TPropertyTypeGet`1	GameCreator.Runtime.Common.GetScaleSelf	True	Game Objects/Self Scale	GameCreator.Runtime.Core
property.get	GameCreator.Runtime.Common.TPropertyTypeGet`1	GameCreator.Runtime.Common.GetScaleTarget	True	Game Objects/Target Scale	GameCreator.Runtime.Core
property.get	GameCreator.Runtime.Common.TPropertyTypeGet`1	GameCreator.Runtime.Common.GetScaleValueDecimals	True	Values/Vector Components	GameCreator.Runtime.Core
property.get	GameCreator.Runtime.Common.TPropertyTypeGet`1	GameCreator.Runtime.Common.GetScaleVector3	True	Constants/Vector	GameCreator.Runtime.Core
property.get	GameCreator.Runtime.Common.TPropertyTypeGet`1	GameCreator.Runtime.Common.GetSceneActive	True	Active Scene	GameCreator.Runtime.Core
property.get	GameCreator.Runtime.Common.TPropertyTypeGet`1	GameCreator.Runtime.Common.GetSceneAsset	True	Scene Asset	GameCreator.Runtime.Core
property.get	GameCreator.Runtime.Common.TPropertyTypeGet`1	GameCreator.Runtime.Common.GetSceneIndex	True	Scene Index	GameCreator.Runtime.Core
property.get	GameCreator.Runtime.Common.TPropertyTypeGet`1	GameCreator.Runtime.Common.GetSceneName	True	Scene Name	GameCreator.Runtime.Core
property.get	GameCreator.Runtime.Common.TPropertyTypeGet`1	GameCreator.Runtime.Common.GetShieldNone	True	None	GameCreator.Runtime.Core
property.get	GameCreator.Runtime.Common.TPropertyTypeGet`1	GameCreator.Runtime.Common.GetSpriteInstance	True	Sprite	GameCreator.Runtime.Core
property.get	GameCreator.Runtime.Common.TPropertyTypeGet`1	GameCreator.Runtime.Common.GetSpriteNone	True	Game Objects/None	GameCreator.Runtime.Core
property.get	GameCreator.Runtime.Common.TPropertyTypeGet`1	GameCreator.Runtime.Common.GetSpriteReflectionFieldSprite	True	Reflection/Field Sprite	GameCreator.Runtime.Core
property.get	GameCreator.Runtime.Common.TPropertyTypeGet`1	GameCreator.Runtime.Common.GetSpriteReflectionPropertySprite	True	Reflection/Property Sprite	GameCreator.Runtime.Core
property.get	GameCreator.Runtime.Common.TPropertyTypeGet`1	GameCreator.Runtime.Common.GetSpriteSpriteRenderer	True	Game Objects/Sprite Renderer	GameCreator.Runtime.Core
property.get	GameCreator.Runtime.Common.TPropertyTypeGet`1	GameCreator.Runtime.Common.GetStringAppVersion	True	Application/App Version	GameCreator.Runtime.Core
property.get	GameCreator.Runtime.Common.TPropertyTypeGet`1	GameCreator.Runtime.Common.GetStringDateTime	True	Time/Date Time	GameCreator.Runtime.Core
property.get	GameCreator.Runtime.Common.TPropertyTypeGet`1	GameCreator.Runtime.Common.GetStringEditorVersion	True	Application/Editor Version	GameCreator.Runtime.Core
property.get	GameCreator.Runtime.Common.TPropertyTypeGet`1	GameCreator.Runtime.Common.GetStringEmpty	True	Constants/Empty	GameCreator.Runtime.Core
property.get	GameCreator.Runtime.Common.TPropertyTypeGet`1	GameCreator.Runtime.Common.GetStringGameObjectsName	True	Game Objects/Game Object Name	GameCreator.Runtime.Core
property.get	GameCreator.Runtime.Common.TPropertyTypeGet`1	GameCreator.Runtime.Common.GetStringGuid	True	Random/Unique ID	GameCreator.Runtime.Core
property.get	GameCreator.Runtime.Common.TPropertyTypeGet`1	GameCreator.Runtime.Common.GetStringId	True	Constants/String ID	GameCreator.Runtime.Core
property.get	GameCreator.Runtime.Common.TPropertyTypeGet`1	GameCreator.Runtime.Common.GetStringMathJoin	True	Math/Join Strings	GameCreator.Runtime.Core
property.get	GameCreator.Runtime.Common.TPropertyTypeGet`1	GameCreator.Runtime.Common.GetStringMathReplace	True	Math/Replace Strings	GameCreator.Runtime.Core
property.get	GameCreator.Runtime.Common.TPropertyTypeGet`1	GameCreator.Runtime.Common.GetStringMathSubstring	True	Math/Substring	GameCreator.Runtime.Core
property.get	GameCreator.Runtime.Common.TPropertyTypeGet`1	GameCreator.Runtime.Common.GetStringRandom	True	Random/Random	GameCreator.Runtime.Core
property.get	GameCreator.Runtime.Common.TPropertyTypeGet`1	GameCreator.Runtime.Common.GetStringReflectionFieldString	True	Reflection/Field String	GameCreator.Runtime.Core
property.get	GameCreator.Runtime.Common.TPropertyTypeGet`1	GameCreator.Runtime.Common.GetStringReflectionPropertyString	True	Reflection/Property String	GameCreator.Runtime.Core
property.get	GameCreator.Runtime.Common.TPropertyTypeGet`1	GameCreator.Runtime.Common.GetStringSaveDate	True	Storage/Slot Save Date	GameCreator.Runtime.Core
property.get	GameCreator.Runtime.Common.TPropertyTypeGet`1	GameCreator.Runtime.Common.GetStringSelfName	True	Game Objects/Self Name	GameCreator.Runtime.Core
property.get	GameCreator.Runtime.Common.TPropertyTypeGet`1	GameCreator.Runtime.Common.GetStringString	True	Constants/String	GameCreator.Runtime.Core
property.get	GameCreator.Runtime.Common.TPropertyTypeGet`1	GameCreator.Runtime.Common.GetStringTargetName	True	Game Objects/Target Name	GameCreator.Runtime.Core
property.get	GameCreator.Runtime.Common.TPropertyTypeGet`1	GameCreator.Runtime.Common.GetStringTextArea	True	Constants/Text Area	GameCreator.Runtime.Core
property.get	GameCreator.Runtime.Common.TPropertyTypeGet`1	GameCreator.Runtime.Common.GetStringValueDecimal	True	Values/Number Decimal	GameCreator.Runtime.Core
property.get	GameCreator.Runtime.Common.TPropertyTypeGet`1	GameCreator.Runtime.Common.GetStringValueInteger	True	Values/Number Integer	GameCreator.Runtime.Core
property.get	GameCreator.Runtime.Common.TPropertyTypeGet`1	GameCreator.Runtime.Common.GetTextureInstance	True	Texture	GameCreator.Runtime.Core
property.get	GameCreator.Runtime.Common.TPropertyTypeGet`1	GameCreator.Runtime.Common.GetTextureReflectionFieldTexture	True	Reflection/Field Texture	GameCreator.Runtime.Core
property.get	GameCreator.Runtime.Common.TPropertyTypeGet`1	GameCreator.Runtime.Common.GetTextureReflectionPropertyTexture	True	Reflection/Property Texture	GameCreator.Runtime.Core
property.get	GameCreator.Runtime.Common.TPropertyTypeGet`1	GameCreator.Runtime.Common.GetWeaponNone	True	None	GameCreator.Runtime.Core
property.get	GameCreator.Runtime.Common.TPropertyTypeGet`1	GameCreator.Runtime.Common.UnityUI.GetBoolUIToggle	True	UI/Toggle	GameCreator.Runtime.Core
property.get	GameCreator.Runtime.Common.TPropertyTypeGet`1	GameCreator.Runtime.Common.UnityUI.GetColorUIGraphic	True	UI/Graphic	GameCreator.Runtime.Core
property.get	GameCreator.Runtime.Common.TPropertyTypeGet`1	GameCreator.Runtime.Common.UnityUI.GetDecimalInputField	True	UI/Input Field	GameCreator.Runtime.Core
property.get	GameCreator.Runtime.Common.TPropertyTypeGet`1	GameCreator.Runtime.Common.UnityUI.GetDecimalUIButton	True	UI/Button	GameCreator.Runtime.Core
property.get	GameCreator.Runtime.Common.TPropertyTypeGet`1	GameCreator.Runtime.Common.UnityUI.GetDecimalUIDropdown	True	UI/Dropdown	GameCreator.Runtime.Core
property.get	GameCreator.Runtime.Common.TPropertyTypeGet`1	GameCreator.Runtime.Common.UnityUI.GetDecimalUISlider	True	UI/Slider	GameCreator.Runtime.Core
property.get	GameCreator.Runtime.Common.TPropertyTypeGet`1	GameCreator.Runtime.Common.UnityUI.GetDecimalUIText	True	UI/Text	GameCreator.Runtime.Core
property.get	GameCreator.Runtime.Common.TPropertyTypeGet`1	GameCreator.Runtime.Common.UnityUI.GetSpriteUIImage	True	UI/Image	GameCreator.Runtime.Core
property.get	GameCreator.Runtime.Common.TPropertyTypeGet`1	GameCreator.Runtime.Common.UnityUI.GetStringUIButton	True	UI/Button	GameCreator.Runtime.Core
property.get	GameCreator.Runtime.Common.TPropertyTypeGet`1	GameCreator.Runtime.Common.UnityUI.GetStringUIDropdown	True	UI/Dropdown	GameCreator.Runtime.Core
property.get	GameCreator.Runtime.Common.TPropertyTypeGet`1	GameCreator.Runtime.Common.UnityUI.GetStringUIInputField	True	UI/Input Field	GameCreator.Runtime.Core
property.get	GameCreator.Runtime.Common.TPropertyTypeGet`1	GameCreator.Runtime.Common.UnityUI.GetStringUIText	True	UI/Text	GameCreator.Runtime.Core
property.get	GameCreator.Runtime.Common.TPropertyTypeGet`1	GameCreator.Runtime.Variables.GetAnimationGlobalList	True	Variables/Global List Variable	GameCreator.Runtime.Core
property.get	GameCreator.Runtime.Common.TPropertyTypeGet`1	GameCreator.Runtime.Variables.GetAnimationGlobalName	True	Variables/Global Name Variable	GameCreator.Runtime.Core
property.get	GameCreator.Runtime.Common.TPropertyTypeGet`1	GameCreator.Runtime.Variables.GetAnimationLocalList	True	Variables/Local List Variable	GameCreator.Runtime.Core
property.get	GameCreator.Runtime.Common.TPropertyTypeGet`1	GameCreator.Runtime.Variables.GetAnimationLocalName	True	Variables/Local Name Variable	GameCreator.Runtime.Core
property.get	GameCreator.Runtime.Common.TPropertyTypeGet`1	GameCreator.Runtime.Variables.GetAudioClipGlobalList	True	Variables/Global List Variable	GameCreator.Runtime.Core
property.get	GameCreator.Runtime.Common.TPropertyTypeGet`1	GameCreator.Runtime.Variables.GetAudioClipGlobalName	True	Variables/Global Name Variable	GameCreator.Runtime.Core
property.get	GameCreator.Runtime.Common.TPropertyTypeGet`1	GameCreator.Runtime.Variables.GetAudioClipLocalList	True	Variables/Local List Variable	GameCreator.Runtime.Core
property.get	GameCreator.Runtime.Common.TPropertyTypeGet`1	GameCreator.Runtime.Variables.GetAudioClipLocalName	True	Variables/Local Name Variable	GameCreator.Runtime.Core
property.get	GameCreator.Runtime.Common.TPropertyTypeGet`1	GameCreator.Runtime.Variables.GetBoolGlobalList	True	Variables/Global List Variable	GameCreator.Runtime.Core
property.get	GameCreator.Runtime.Common.TPropertyTypeGet`1	GameCreator.Runtime.Variables.GetBoolGlobalListAny	True	Variables/Any Global List Variable	GameCreator.Runtime.Core
property.get	GameCreator.Runtime.Common.TPropertyTypeGet`1	GameCreator.Runtime.Variables.GetBoolGlobalListEmpty	True	Variables/Empty Global List Variable	GameCreator.Runtime.Core
property.get	GameCreator.Runtime.Common.TPropertyTypeGet`1	GameCreator.Runtime.Variables.GetBoolGlobalName	True	Variables/Global Name Variable	GameCreator.Runtime.Core
property.get	GameCreator.Runtime.Common.TPropertyTypeGet`1	GameCreator.Runtime.Variables.GetBoolLocalList	True	Variables/Local List Variable	GameCreator.Runtime.Core
property.get	GameCreator.Runtime.Common.TPropertyTypeGet`1	GameCreator.Runtime.Variables.GetBoolLocalListAny	True	Variables/Any Local List Variable	GameCreator.Runtime.Core
property.get	GameCreator.Runtime.Common.TPropertyTypeGet`1	GameCreator.Runtime.Variables.GetBoolLocalListEmpty	True	Variables/Empty Local List Variable	GameCreator.Runtime.Core
property.get	GameCreator.Runtime.Common.TPropertyTypeGet`1	GameCreator.Runtime.Variables.GetBoolLocalName	True	Variables/Local Name Variable	GameCreator.Runtime.Core
property.get	GameCreator.Runtime.Common.TPropertyTypeGet`1	GameCreator.Runtime.Variables.GetColorGlobalList	True	Variables/Global List Variable	GameCreator.Runtime.Core
property.get	GameCreator.Runtime.Common.TPropertyTypeGet`1	GameCreator.Runtime.Variables.GetColorGlobalName	True	Variables/Global Name Variable	GameCreator.Runtime.Core
property.get	GameCreator.Runtime.Common.TPropertyTypeGet`1	GameCreator.Runtime.Variables.GetColorLocalList	True	Variables/Local List Variable	GameCreator.Runtime.Core
property.get	GameCreator.Runtime.Common.TPropertyTypeGet`1	GameCreator.Runtime.Variables.GetColorLocalName	True	Variables/Local Name Variable	GameCreator.Runtime.Core
property.get	GameCreator.Runtime.Common.TPropertyTypeGet`1	GameCreator.Runtime.Variables.GetDecimalGlobalList	True	Variables/Global List Variable	GameCreator.Runtime.Core
property.get	GameCreator.Runtime.Common.TPropertyTypeGet`1	GameCreator.Runtime.Variables.GetDecimalGlobalListLength	True	Variables/Count of Global List Variable	GameCreator.Runtime.Core
property.get	GameCreator.Runtime.Common.TPropertyTypeGet`1	GameCreator.Runtime.Variables.GetDecimalGlobalName	True	Variables/Global Name Variable	GameCreator.Runtime.Core
property.get	GameCreator.Runtime.Common.TPropertyTypeGet`1	GameCreator.Runtime.Variables.GetDecimalLocalList	True	Variables/Local List Variable	GameCreator.Runtime.Core
property.get	GameCreator.Runtime.Common.TPropertyTypeGet`1	GameCreator.Runtime.Variables.GetDecimalLocalListLength	True	Variables/Count of Local List Variable	GameCreator.Runtime.Core
property.get	GameCreator.Runtime.Common.TPropertyTypeGet`1	GameCreator.Runtime.Variables.GetDecimalLocalName	True	Variables/Local Name Variable	GameCreator.Runtime.Core
property.get	GameCreator.Runtime.Common.TPropertyTypeGet`1	GameCreator.Runtime.Variables.GetDirectionGlobalList	True	Variables/Global List Variable	GameCreator.Runtime.Core
property.get	GameCreator.Runtime.Common.TPropertyTypeGet`1	GameCreator.Runtime.Variables.GetDirectionGlobalName	True	Variables/Global Name Variable	GameCreator.Runtime.Core
property.get	GameCreator.Runtime.Common.TPropertyTypeGet`1	GameCreator.Runtime.Variables.GetDirectionLocalList	True	Variables/Local List Variable	GameCreator.Runtime.Core
property.get	GameCreator.Runtime.Common.TPropertyTypeGet`1	GameCreator.Runtime.Variables.GetDirectionLocalName	True	Variables/Local Name Variable	GameCreator.Runtime.Core
property.get	GameCreator.Runtime.Common.TPropertyTypeGet`1	GameCreator.Runtime.Variables.GetGameObjectGlobalList	True	Variables/Global List Variable	GameCreator.Runtime.Core
property.get	GameCreator.Runtime.Common.TPropertyTypeGet`1	GameCreator.Runtime.Variables.GetGameObjectGlobalName	True	Variables/Global Name Variable	GameCreator.Runtime.Core
property.get	GameCreator.Runtime.Common.TPropertyTypeGet`1	GameCreator.Runtime.Variables.GetGameObjectLocalList	True	Variables/Local List Variable	GameCreator.Runtime.Core
property.get	GameCreator.Runtime.Common.TPropertyTypeGet`1	GameCreator.Runtime.Variables.GetGameObjectLocalName	True	Variables/Local Name Variable	GameCreator.Runtime.Core
property.get	GameCreator.Runtime.Common.TPropertyTypeGet`1	GameCreator.Runtime.Variables.GetMaterialGlobalList	True	Variables/Global List Variable	GameCreator.Runtime.Core
property.get	GameCreator.Runtime.Common.TPropertyTypeGet`1	GameCreator.Runtime.Variables.GetMaterialGlobalName	True	Variables/Global Name Variable	GameCreator.Runtime.Core
property.get	GameCreator.Runtime.Common.TPropertyTypeGet`1	GameCreator.Runtime.Variables.GetMaterialLocalList	True	Variables/Local List Variable	GameCreator.Runtime.Core
property.get	GameCreator.Runtime.Common.TPropertyTypeGet`1	GameCreator.Runtime.Variables.GetMaterialLocalName	True	Variables/Local Name Variable	GameCreator.Runtime.Core
property.get	GameCreator.Runtime.Common.TPropertyTypeGet`1	GameCreator.Runtime.Variables.GetPositionGlobalList	True	Variables/Global List Variable	GameCreator.Runtime.Core
property.get	GameCreator.Runtime.Common.TPropertyTypeGet`1	GameCreator.Runtime.Variables.GetPositionGlobalName	True	Variables/Global Name Variable	GameCreator.Runtime.Core
property.get	GameCreator.Runtime.Common.TPropertyTypeGet`1	GameCreator.Runtime.Variables.GetPositionLocalList	True	Variables/Local List Variable	GameCreator.Runtime.Core
property.get	GameCreator.Runtime.Common.TPropertyTypeGet`1	GameCreator.Runtime.Variables.GetPositionLocalName	True	Variables/Local Name Variable	GameCreator.Runtime.Core
property.get	GameCreator.Runtime.Common.TPropertyTypeGet`1	GameCreator.Runtime.Variables.GetRotationDirectionGlobalList	True	Variables/Direction Global List Variable	GameCreator.Runtime.Core
property.get	GameCreator.Runtime.Common.TPropertyTypeGet`1	GameCreator.Runtime.Variables.GetRotationDirectionGlobalName	True	Variables/Direction Global Name Variable	GameCreator.Runtime.Core
property.get	GameCreator.Runtime.Common.TPropertyTypeGet`1	GameCreator.Runtime.Variables.GetRotationDirectionLocalList	True	Variables/Direction Local List Variable	GameCreator.Runtime.Core
property.get	GameCreator.Runtime.Common.TPropertyTypeGet`1	GameCreator.Runtime.Variables.GetRotationDirectionLocalName	True	Variables/Direction Local Name Variable	GameCreator.Runtime.Core
property.get	GameCreator.Runtime.Common.TPropertyTypeGet`1	GameCreator.Runtime.Variables.GetRotationEulerGlobalList	True	Variables/Euler Global List Variable	GameCreator.Runtime.Core
property.get	GameCreator.Runtime.Common.TPropertyTypeGet`1	GameCreator.Runtime.Variables.GetRotationEulerGlobalName	True	Variables/Euler Global Name Variable	GameCreator.Runtime.Core
property.get	GameCreator.Runtime.Common.TPropertyTypeGet`1	GameCreator.Runtime.Variables.GetRotationEulerLocalList	True	Variables/Euler Local List Variable	GameCreator.Runtime.Core
property.get	GameCreator.Runtime.Common.TPropertyTypeGet`1	GameCreator.Runtime.Variables.GetRotationEulerLocalName	True	Variables/Euler Local Name Variable	GameCreator.Runtime.Core
property.get	GameCreator.Runtime.Common.TPropertyTypeGet`1	GameCreator.Runtime.Variables.GetScaleGlobalList	True	Variables/Global List Variable	GameCreator.Runtime.Core
property.get	GameCreator.Runtime.Common.TPropertyTypeGet`1	GameCreator.Runtime.Variables.GetScaleGlobalName	True	Variables/Global Name Variable	GameCreator.Runtime.Core
property.get	GameCreator.Runtime.Common.TPropertyTypeGet`1	GameCreator.Runtime.Variables.GetScaleLocalList	True	Variables/Local List Variable	GameCreator.Runtime.Core
property.get	GameCreator.Runtime.Common.TPropertyTypeGet`1	GameCreator.Runtime.Variables.GetScaleLocalName	True	Variables/Local Name Variable	GameCreator.Runtime.Core
property.get	GameCreator.Runtime.Common.TPropertyTypeGet`1	GameCreator.Runtime.Variables.GetSpriteGlobalList	True	Variables/Global List Variable	GameCreator.Runtime.Core
property.get	GameCreator.Runtime.Common.TPropertyTypeGet`1	GameCreator.Runtime.Variables.GetSpriteGlobalName	True	Variables/Global Name Variable	GameCreator.Runtime.Core
property.get	GameCreator.Runtime.Common.TPropertyTypeGet`1	GameCreator.Runtime.Variables.GetSpriteLocalList	True	Variables/Local List Variable	GameCreator.Runtime.Core
property.get	GameCreator.Runtime.Common.TPropertyTypeGet`1	GameCreator.Runtime.Variables.GetSpriteLocalName	True	Variables/Local Name Variable	GameCreator.Runtime.Core
property.get	GameCreator.Runtime.Common.TPropertyTypeGet`1	GameCreator.Runtime.Variables.GetStringGlobalList	True	Variables/Global List Variable	GameCreator.Runtime.Core
property.get	GameCreator.Runtime.Common.TPropertyTypeGet`1	GameCreator.Runtime.Variables.GetStringGlobalName	True	Variables/Global Name Variable	GameCreator.Runtime.Core
property.get	GameCreator.Runtime.Common.TPropertyTypeGet`1	GameCreator.Runtime.Variables.GetStringLocalList	True	Variables/Local List Variable	GameCreator.Runtime.Core
property.get	GameCreator.Runtime.Common.TPropertyTypeGet`1	GameCreator.Runtime.Variables.GetStringLocalName	True	Variables/Local Name Variable	GameCreator.Runtime.Core
property.get	GameCreator.Runtime.Common.TPropertyTypeGet`1	GameCreator.Runtime.Variables.GetTextureGlobalList	True	Variables/Global List Variable	GameCreator.Runtime.Core
property.get	GameCreator.Runtime.Common.TPropertyTypeGet`1	GameCreator.Runtime.Variables.GetTextureGlobalName	True	Variables/Global Name Variable	GameCreator.Runtime.Core
property.get	GameCreator.Runtime.Common.TPropertyTypeGet`1	GameCreator.Runtime.Variables.GetTextureLocalList	True	Variables/Local List Variable	GameCreator.Runtime.Core
property.get	GameCreator.Runtime.Common.TPropertyTypeGet`1	GameCreator.Runtime.Variables.GetTextureLocalName	True	Variables/Local Name Variable	GameCreator.Runtime.Core
property.get	GameCreator.Runtime.Common.TPropertyTypeGet`1	GameCreator.Runtime.VisualScripting.GetGameObjectActions	True	Visual Scripting/Actions	GameCreator.Runtime.Core
property.get	GameCreator.Runtime.Common.TPropertyTypeGet`1	GameCreator.Runtime.VisualScripting.GetGameObjectConditions	True	Visual Scripting/Conditions	GameCreator.Runtime.Core
property.get	GameCreator.Runtime.Common.TPropertyTypeGet`1	GameCreator.Runtime.VisualScripting.GetGameObjectHotspot	True	Visual Scripting/Hotspot	GameCreator.Runtime.Core
property.get	GameCreator.Runtime.Common.TPropertyTypeGet`1	GameCreator.Runtime.VisualScripting.GetGameObjectTrigger	True	Visual Scripting/Trigger	GameCreator.Runtime.Core
property.set	GameCreator.Runtime.Common.TPropertyTypeSet`1	GameCreator.Runtime.Common.SetAnimationNone	True	None	GameCreator.Runtime.Core
property.set	GameCreator.Runtime.Common.TPropertyTypeSet`1	GameCreator.Runtime.Common.SetAudioNone	True	None	GameCreator.Runtime.Core
property.set	GameCreator.Runtime.Common.TPropertyTypeSet`1	GameCreator.Runtime.Common.SetAudioSource	True	Game Objects/Audio Source Clip	GameCreator.Runtime.Core
property.set	GameCreator.Runtime.Common.TPropertyTypeSet`1	GameCreator.Runtime.Common.SetBoolNone	True	None	GameCreator.Runtime.Core
property.set	GameCreator.Runtime.Common.TPropertyTypeSet`1	GameCreator.Runtime.Common.SetBoolReflectionFieldBool	True	Reflection/Field Bool	GameCreator.Runtime.Core
property.set	GameCreator.Runtime.Common.TPropertyTypeSet`1	GameCreator.Runtime.Common.SetBoolReflectionPropertyBool	True	Reflection/Property Bool	GameCreator.Runtime.Core
property.set	GameCreator.Runtime.Common.TPropertyTypeSet`1	GameCreator.Runtime.Common.SetColorNone	True	None	GameCreator.Runtime.Core
property.set	GameCreator.Runtime.Common.TPropertyTypeSet`1	GameCreator.Runtime.Common.SetColorReflectionFieldColor	True	Reflection/Field Color	GameCreator.Runtime.Core
property.set	GameCreator.Runtime.Common.TPropertyTypeSet`1	GameCreator.Runtime.Common.SetColorReflectionPropertyColor	True	Reflection/Property Color	GameCreator.Runtime.Core
property.set	GameCreator.Runtime.Common.TPropertyTypeSet`1	GameCreator.Runtime.Common.SetGameObjectNone	True	None	GameCreator.Runtime.Core
property.set	GameCreator.Runtime.Common.TPropertyTypeSet`1	GameCreator.Runtime.Common.SetGameObjectReflectionFieldGameObject	True	Reflection/Field GameObject	GameCreator.Runtime.Core
property.set	GameCreator.Runtime.Common.TPropertyTypeSet`1	GameCreator.Runtime.Common.SetGameObjectReflectionPropertyGameObject	True	Reflection/Property GameObject	GameCreator.Runtime.Core
property.set	GameCreator.Runtime.Common.TPropertyTypeSet`1	GameCreator.Runtime.Common.SetMaterialNone	True	None	GameCreator.Runtime.Core
property.set	GameCreator.Runtime.Common.TPropertyTypeSet`1	GameCreator.Runtime.Common.SetMaterialReflectionFieldMaterial	True	Reflection/Field Material	GameCreator.Runtime.Core
property.set	GameCreator.Runtime.Common.TPropertyTypeSet`1	GameCreator.Runtime.Common.SetMaterialReflectionPropertyMaterial	True	Reflection/Property Material	GameCreator.Runtime.Core
property.set	GameCreator.Runtime.Common.TPropertyTypeSet`1	GameCreator.Runtime.Common.SetMaterialRendererInstance	True	Renderers/Renderer Material	GameCreator.Runtime.Core
property.set	GameCreator.Runtime.Common.TPropertyTypeSet`1	GameCreator.Runtime.Common.SetMaterialRendererShared	True	Renderers/Renderer Shared Material	GameCreator.Runtime.Core
property.set	GameCreator.Runtime.Common.TPropertyTypeSet`1	GameCreator.Runtime.Common.SetNumberAudioMixer	True	Audio/Audio Mixer Parameter	GameCreator.Runtime.Core
property.set	GameCreator.Runtime.Common.TPropertyTypeSet`1	GameCreator.Runtime.Common.SetNumberLightIntensity	True	Light/Intensity	GameCreator.Runtime.Core
property.set	GameCreator.Runtime.Common.TPropertyTypeSet`1	GameCreator.Runtime.Common.SetNumberLightRange	True	Light/Range	GameCreator.Runtime.Core
property.set	GameCreator.Runtime.Common.TPropertyTypeSet`1	GameCreator.Runtime.Common.SetNumberNone	True	None	GameCreator.Runtime.Core
property.set	GameCreator.Runtime.Common.TPropertyTypeSet`1	GameCreator.Runtime.Common.SetNumberReflectionFieldDouble	True	Reflection/Field Double	GameCreator.Runtime.Core
property.set	GameCreator.Runtime.Common.TPropertyTypeSet`1	GameCreator.Runtime.Common.SetNumberReflectionFieldFloat	True	Reflection/Field Float	GameCreator.Runtime.Core
property.set	GameCreator.Runtime.Common.TPropertyTypeSet`1	GameCreator.Runtime.Common.SetNumberReflectionFieldInteger	True	Reflection/Field Integer	GameCreator.Runtime.Core
property.set	GameCreator.Runtime.Common.TPropertyTypeSet`1	GameCreator.Runtime.Common.SetNumberReflectionPropertyDouble	True	Reflection/Property Double	GameCreator.Runtime.Core
property.set	GameCreator.Runtime.Common.TPropertyTypeSet`1	GameCreator.Runtime.Common.SetNumberReflectionPropertyFloat	True	Reflection/Property Float	GameCreator.Runtime.Core
property.set	GameCreator.Runtime.Common.TPropertyTypeSet`1	GameCreator.Runtime.Common.SetNumberReflectionPropertyInteger	True	Reflection/Property Integer	GameCreator.Runtime.Core
property.set	GameCreator.Runtime.Common.TPropertyTypeSet`1	GameCreator.Runtime.Common.SetNumberVolumeAmbient	True	Audio/Volume Ambient	GameCreator.Runtime.Core
property.set	GameCreator.Runtime.Common.TPropertyTypeSet`1	GameCreator.Runtime.Common.SetNumberVolumeMaster	True	Audio/Volume Master	GameCreator.Runtime.Core
property.set	GameCreator.Runtime.Common.TPropertyTypeSet`1	GameCreator.Runtime.Common.SetNumberVolumeMusic	True	Audio/Volume Music	GameCreator.Runtime.Core
property.set	GameCreator.Runtime.Common.TPropertyTypeSet`1	GameCreator.Runtime.Common.SetNumberVolumeSFX	True	Audio/Volume SFX	GameCreator.Runtime.Core
property.set	GameCreator.Runtime.Common.TPropertyTypeSet`1	GameCreator.Runtime.Common.SetNumberVolumeSpeech	True	Audio/Volume Speech	GameCreator.Runtime.Core
property.set	GameCreator.Runtime.Common.TPropertyTypeSet`1	GameCreator.Runtime.Common.SetNumberVolumeUI	True	Audio/Volume UI	GameCreator.Runtime.Core
property.set	GameCreator.Runtime.Common.TPropertyTypeSet`1	GameCreator.Runtime.Common.SetShieldNone	True	None	GameCreator.Runtime.Core
property.set	GameCreator.Runtime.Common.TPropertyTypeSet`1	GameCreator.Runtime.Common.SetSpriteNone	True	None	GameCreator.Runtime.Core
property.set	GameCreator.Runtime.Common.TPropertyTypeSet`1	GameCreator.Runtime.Common.SetSpriteReflectionFieldSprite	True	Reflection/Field Sprite	GameCreator.Runtime.Core
property.set	GameCreator.Runtime.Common.TPropertyTypeSet`1	GameCreator.Runtime.Common.SetSpriteReflectionPropertySprite	True	Reflection/Property Sprite	GameCreator.Runtime.Core
property.set	GameCreator.Runtime.Common.TPropertyTypeSet`1	GameCreator.Runtime.Common.SetSpriteSpriteRenderer	True	Game Objects/Sprite Renderer	GameCreator.Runtime.Core
property.set	GameCreator.Runtime.Common.TPropertyTypeSet`1	GameCreator.Runtime.Common.SetStringNone	True	None	GameCreator.Runtime.Core
property.set	GameCreator.Runtime.Common.TPropertyTypeSet`1	GameCreator.Runtime.Common.SetStringReflectionFieldString	True	Reflection/Field String	GameCreator.Runtime.Core
property.set	GameCreator.Runtime.Common.TPropertyTypeSet`1	GameCreator.Runtime.Common.SetStringReflectionPropertyString	True	Reflection/Property String	GameCreator.Runtime.Core
property.set	GameCreator.Runtime.Common.TPropertyTypeSet`1	GameCreator.Runtime.Common.SetTextureNone	True	None	GameCreator.Runtime.Core
property.set	GameCreator.Runtime.Common.TPropertyTypeSet`1	GameCreator.Runtime.Common.SetTextureReflectionFieldTexture	True	Reflection/Field Texture	GameCreator.Runtime.Core
property.set	GameCreator.Runtime.Common.TPropertyTypeSet`1	GameCreator.Runtime.Common.SetTextureReflectionPropertyTexture	True	Reflection/Property Texture	GameCreator.Runtime.Core
property.set	GameCreator.Runtime.Common.TPropertyTypeSet`1	GameCreator.Runtime.Common.SetVector3None	True	None	GameCreator.Runtime.Core
property.set	GameCreator.Runtime.Common.TPropertyTypeSet`1	GameCreator.Runtime.Common.SetVector3ReflectionFieldVector2	True	Reflection/Field Vector2	GameCreator.Runtime.Core
property.set	GameCreator.Runtime.Common.TPropertyTypeSet`1	GameCreator.Runtime.Common.SetVector3ReflectionFieldVector3	True	Reflection/Field Vector3	GameCreator.Runtime.Core
property.set	GameCreator.Runtime.Common.TPropertyTypeSet`1	GameCreator.Runtime.Common.SetVector3ReflectionPropertyVector2	True	Reflection/Property Vector2	GameCreator.Runtime.Core
property.set	GameCreator.Runtime.Common.TPropertyTypeSet`1	GameCreator.Runtime.Common.SetVector3ReflectionPropertyVector3	True	Reflection/Property Vector3	GameCreator.Runtime.Core
property.set	GameCreator.Runtime.Common.TPropertyTypeSet`1	GameCreator.Runtime.Common.SetWeaponNone	True	None	GameCreator.Runtime.Core
property.set	GameCreator.Runtime.Common.TPropertyTypeSet`1	GameCreator.Runtime.Common.UnityUI.SetBoolUIToggle	True	UI/Toggle	GameCreator.Runtime.Core
property.set	GameCreator.Runtime.Common.TPropertyTypeSet`1	GameCreator.Runtime.Common.UnityUI.SetColorUIGraphic	True	UI/Graphic	GameCreator.Runtime.Core
property.set	GameCreator.Runtime.Common.TPropertyTypeSet`1	GameCreator.Runtime.Common.UnityUI.SetMaterialUIGraphic	True	UI/Graphic	GameCreator.Runtime.Core
property.set	GameCreator.Runtime.Common.TPropertyTypeSet`1	GameCreator.Runtime.Common.UnityUI.SetNumberUIButton	True	UI/Button	GameCreator.Runtime.Core
property.set	GameCreator.Runtime.Common.TPropertyTypeSet`1	GameCreator.Runtime.Common.UnityUI.SetNumberUIDropdown	True	UI/Dropdown	GameCreator.Runtime.Core
property.set	GameCreator.Runtime.Common.TPropertyTypeSet`1	GameCreator.Runtime.Common.UnityUI.SetNumberUIInputField	True	UI/Input Field	GameCreator.Runtime.Core
property.set	GameCreator.Runtime.Common.TPropertyTypeSet`1	GameCreator.Runtime.Common.UnityUI.SetNumberUISlider	True	UI/Slider	GameCreator.Runtime.Core
property.set	GameCreator.Runtime.Common.TPropertyTypeSet`1	GameCreator.Runtime.Common.UnityUI.SetNumberUIText	True	UI/Text	GameCreator.Runtime.Core
property.set	GameCreator.Runtime.Common.TPropertyTypeSet`1	GameCreator.Runtime.Common.UnityUI.SetSpriteUIImage	True	UI/Image	GameCreator.Runtime.Core
property.set	GameCreator.Runtime.Common.TPropertyTypeSet`1	GameCreator.Runtime.Common.UnityUI.SetStringUIButton	True	UI/Button	GameCreator.Runtime.Core
property.set	GameCreator.Runtime.Common.TPropertyTypeSet`1	GameCreator.Runtime.Common.UnityUI.SetStringUIDropdown	True	UI/Dropdown	GameCreator.Runtime.Core
property.set	GameCreator.Runtime.Common.TPropertyTypeSet`1	GameCreator.Runtime.Common.UnityUI.SetStringUIInputField	True	UI/Input Field	GameCreator.Runtime.Core
property.set	GameCreator.Runtime.Common.TPropertyTypeSet`1	GameCreator.Runtime.Common.UnityUI.SetStringUIText	True	UI/Text	GameCreator.Runtime.Core
property.set	GameCreator.Runtime.Common.TPropertyTypeSet`1	GameCreator.Runtime.Variables.SetAnimationGlobalList	True	Variables/Global List Variable	GameCreator.Runtime.Core
property.set	GameCreator.Runtime.Common.TPropertyTypeSet`1	GameCreator.Runtime.Variables.SetAnimationGlobalName	True	Variables/Global Name Variable	GameCreator.Runtime.Core
property.set	GameCreator.Runtime.Common.TPropertyTypeSet`1	GameCreator.Runtime.Variables.SetAnimationLocalList	True	Variables/Local List Variable	GameCreator.Runtime.Core
property.set	GameCreator.Runtime.Common.TPropertyTypeSet`1	GameCreator.Runtime.Variables.SetAnimationLocalName	True	Variables/Local Name Variable	GameCreator.Runtime.Core
property.set	GameCreator.Runtime.Common.TPropertyTypeSet`1	GameCreator.Runtime.Variables.SetBoolGlobalList	True	Variables/Global List Variable	GameCreator.Runtime.Core
property.set	GameCreator.Runtime.Common.TPropertyTypeSet`1	GameCreator.Runtime.Variables.SetBoolGlobalName	True	Variables/Global Name Variable	GameCreator.Runtime.Core
property.set	GameCreator.Runtime.Common.TPropertyTypeSet`1	GameCreator.Runtime.Variables.SetBoolLocalList	True	Variables/Local List Variable	GameCreator.Runtime.Core
property.set	GameCreator.Runtime.Common.TPropertyTypeSet`1	GameCreator.Runtime.Variables.SetBoolLocalName	True	Variables/Local Name Variable	GameCreator.Runtime.Core
property.set	GameCreator.Runtime.Common.TPropertyTypeSet`1	GameCreator.Runtime.Variables.SetColorGlobalList	True	Variables/Global List Variable	GameCreator.Runtime.Core
property.set	GameCreator.Runtime.Common.TPropertyTypeSet`1	GameCreator.Runtime.Variables.SetColorGlobalName	True	Variables/Global Name Variable	GameCreator.Runtime.Core
property.set	GameCreator.Runtime.Common.TPropertyTypeSet`1	GameCreator.Runtime.Variables.SetColorLocalList	True	Variables/Local List Variable	GameCreator.Runtime.Core
property.set	GameCreator.Runtime.Common.TPropertyTypeSet`1	GameCreator.Runtime.Variables.SetColorLocalName	True	Variables/Local Name Variable	GameCreator.Runtime.Core
property.set	GameCreator.Runtime.Common.TPropertyTypeSet`1	GameCreator.Runtime.Variables.SetGameObjectGlobalList	True	Variables/Global List Variable	GameCreator.Runtime.Core
property.set	GameCreator.Runtime.Common.TPropertyTypeSet`1	GameCreator.Runtime.Variables.SetGameObjectGlobalName	True	Variables/Global Name Variable	GameCreator.Runtime.Core
property.set	GameCreator.Runtime.Common.TPropertyTypeSet`1	GameCreator.Runtime.Variables.SetGameObjectLocalList	True	Variables/Local List Variable	GameCreator.Runtime.Core
property.set	GameCreator.Runtime.Common.TPropertyTypeSet`1	GameCreator.Runtime.Variables.SetGameObjectLocalName	True	Variables/Local Name Variable	GameCreator.Runtime.Core
property.set	GameCreator.Runtime.Common.TPropertyTypeSet`1	GameCreator.Runtime.Variables.SetMaterialGlobalList	True	Variables/Global List Variable	GameCreator.Runtime.Core
property.set	GameCreator.Runtime.Common.TPropertyTypeSet`1	GameCreator.Runtime.Variables.SetMaterialGlobalName	True	Variables/Global Name Variable	GameCreator.Runtime.Core
property.set	GameCreator.Runtime.Common.TPropertyTypeSet`1	GameCreator.Runtime.Variables.SetMaterialLocalList	True	Variables/Local List Variable	GameCreator.Runtime.Core
property.set	GameCreator.Runtime.Common.TPropertyTypeSet`1	GameCreator.Runtime.Variables.SetMaterialLocalName	True	Variables/Local Name Variable	GameCreator.Runtime.Core
property.set	GameCreator.Runtime.Common.TPropertyTypeSet`1	GameCreator.Runtime.Variables.SetNumberGlobalList	True	Variables/Global List Variable	GameCreator.Runtime.Core
property.set	GameCreator.Runtime.Common.TPropertyTypeSet`1	GameCreator.Runtime.Variables.SetNumberGlobalName	True	Variables/Global Name Variable	GameCreator.Runtime.Core
property.set	GameCreator.Runtime.Common.TPropertyTypeSet`1	GameCreator.Runtime.Variables.SetNumberLocalList	True	Variables/Local List Variable	GameCreator.Runtime.Core
property.set	GameCreator.Runtime.Common.TPropertyTypeSet`1	GameCreator.Runtime.Variables.SetNumberLocalName	True	Variables/Local Name Variable	GameCreator.Runtime.Core
property.set	GameCreator.Runtime.Common.TPropertyTypeSet`1	GameCreator.Runtime.Variables.SetSpriteGlobalList	True	Variables/Global List Variable	GameCreator.Runtime.Core
property.set	GameCreator.Runtime.Common.TPropertyTypeSet`1	GameCreator.Runtime.Variables.SetSpriteGlobalName	True	Variables/Global Name Variable	GameCreator.Runtime.Core
property.set	GameCreator.Runtime.Common.TPropertyTypeSet`1	GameCreator.Runtime.Variables.SetSpriteLocalList	True	Variables/Local List Variable	GameCreator.Runtime.Core
property.set	GameCreator.Runtime.Common.TPropertyTypeSet`1	GameCreator.Runtime.Variables.SetSpriteLocalName	True	Variables/Local Name Variable	GameCreator.Runtime.Core
property.set	GameCreator.Runtime.Common.TPropertyTypeSet`1	GameCreator.Runtime.Variables.SetStringGlobalList	True	Variables/Global List Variable	GameCreator.Runtime.Core
property.set	GameCreator.Runtime.Common.TPropertyTypeSet`1	GameCreator.Runtime.Variables.SetStringGlobalName	True	Variables/Global Name Variable	GameCreator.Runtime.Core
property.set	GameCreator.Runtime.Common.TPropertyTypeSet`1	GameCreator.Runtime.Variables.SetStringLocalList	True	Variables/Local List Variable	GameCreator.Runtime.Core
property.set	GameCreator.Runtime.Common.TPropertyTypeSet`1	GameCreator.Runtime.Variables.SetStringLocalName	True	Variables/Local Name Variable	GameCreator.Runtime.Core
property.set	GameCreator.Runtime.Common.TPropertyTypeSet`1	GameCreator.Runtime.Variables.SetTextureGlobalList	True	Variables/Global List Variable	GameCreator.Runtime.Core
property.set	GameCreator.Runtime.Common.TPropertyTypeSet`1	GameCreator.Runtime.Variables.SetTextureGlobalName	True	Variables/Global Name Variable	GameCreator.Runtime.Core
property.set	GameCreator.Runtime.Common.TPropertyTypeSet`1	GameCreator.Runtime.Variables.SetTextureLocalList	True	Variables/Local List Variable	GameCreator.Runtime.Core
property.set	GameCreator.Runtime.Common.TPropertyTypeSet`1	GameCreator.Runtime.Variables.SetTextureLocalName	True	Variables/Local Name Variable	GameCreator.Runtime.Core
property.set	GameCreator.Runtime.Common.TPropertyTypeSet`1	GameCreator.Runtime.Variables.SetVector3GlobalList	True	Variables/Global List Variable	GameCreator.Runtime.Core
property.set	GameCreator.Runtime.Common.TPropertyTypeSet`1	GameCreator.Runtime.Variables.SetVector3GlobalName	True	Variables/Global Name Variable	GameCreator.Runtime.Core
property.set	GameCreator.Runtime.Common.TPropertyTypeSet`1	GameCreator.Runtime.Variables.SetVector3LocalList	True	Variables/Local List Variable	GameCreator.Runtime.Core
property.set	GameCreator.Runtime.Common.TPropertyTypeSet`1	GameCreator.Runtime.Variables.SetVector3LocalName	True	Variables/Local Name Variable	GameCreator.Runtime.Core
runtime.manager-singleton	GameCreator.Runtime.Common.Singleton`1	GameCreator.Runtime.Common.ApplicationManager	True		GameCreator.Runtime.Core
runtime.manager-singleton	GameCreator.Runtime.Common.Singleton`1	GameCreator.Runtime.Common.AsyncManager	True		GameCreator.Runtime.Core
runtime.manager-singleton	GameCreator.Runtime.Common.Singleton`1	GameCreator.Runtime.Common.AudioManager	True		GameCreator.Runtime.Core
runtime.manager-singleton	GameCreator.Runtime.Common.Singleton`1	GameCreator.Runtime.Common.EventSystemManager	True		GameCreator.Runtime.Core
runtime.manager-singleton	GameCreator.Runtime.Common.Singleton`1	GameCreator.Runtime.Common.InputManager	True		GameCreator.Runtime.Core
runtime.manager-singleton	GameCreator.Runtime.Common.Singleton`1	GameCreator.Runtime.Common.PoolManager	True		GameCreator.Runtime.Core
runtime.manager-singleton	GameCreator.Runtime.Common.Singleton`1	GameCreator.Runtime.Common.RoomManager	True		GameCreator.Runtime.Core
runtime.manager-singleton	GameCreator.Runtime.Common.Singleton`1	GameCreator.Runtime.Common.SaveLoadManager	True		GameCreator.Runtime.Core
runtime.manager-singleton	GameCreator.Runtime.Common.Singleton`1	GameCreator.Runtime.Common.ScheduleManager	True		GameCreator.Runtime.Core
runtime.manager-singleton	GameCreator.Runtime.Common.Singleton`1	GameCreator.Runtime.Common.TimeManager	True		GameCreator.Runtime.Core
runtime.manager-singleton	GameCreator.Runtime.Common.Singleton`1	GameCreator.Runtime.Common.UpdateManager	True		GameCreator.Runtime.Core
runtime.manager-singleton	GameCreator.Runtime.Common.Singleton`1	GameCreator.Runtime.Variables.GlobalListVariablesManager	True		GameCreator.Runtime.Core
runtime.manager-singleton	GameCreator.Runtime.Common.Singleton`1	GameCreator.Runtime.Variables.GlobalNameVariablesManager	True		GameCreator.Runtime.Core
save.encryption	GameCreator.Runtime.Common.SaveSystem.TDataEncryption	GameCreator.Runtime.Common.SaveSystem.EncryptionCaesar	True	Caesar	GameCreator.Runtime.Core
save.encryption	GameCreator.Runtime.Common.SaveSystem.TDataEncryption	GameCreator.Runtime.Common.SaveSystem.EncryptionNone	True	None	GameCreator.Runtime.Core
save.encryption	GameCreator.Runtime.Common.SaveSystem.TDataEncryption	GameCreator.Runtime.Common.SaveSystem.EncryptionXOR	True	XOR	GameCreator.Runtime.Core
save.game-save-host	GameCreator.Runtime.Common.IGameSave	GameCreator.Runtime.Common.AudioManager	True		GameCreator.Runtime.Core
save.game-save-host	GameCreator.Runtime.Common.IGameSave	GameCreator.Runtime.Common.Remember	True		GameCreator.Runtime.Core
save.game-save-host	GameCreator.Runtime.Common.IGameSave	GameCreator.Runtime.Common.SaveSystem.Scenes	True		GameCreator.Runtime.Core
save.game-save-host	GameCreator.Runtime.Common.IGameSave	GameCreator.Runtime.Common.SaveSystem.Slots	True		GameCreator.Runtime.Core
save.game-save-host	GameCreator.Runtime.Common.IGameSave	GameCreator.Runtime.Variables.GlobalListVariablesManager	True		GameCreator.Runtime.Core
save.game-save-host	GameCreator.Runtime.Common.IGameSave	GameCreator.Runtime.Variables.GlobalNameVariablesManager	True		GameCreator.Runtime.Core
save.game-save-host	GameCreator.Runtime.Common.IGameSave	GameCreator.Runtime.Variables.LocalListVariables	True		GameCreator.Runtime.Core
save.game-save-host	GameCreator.Runtime.Common.IGameSave	GameCreator.Runtime.Variables.LocalNameVariables	True		GameCreator.Runtime.Core
save.remember-memory	GameCreator.Runtime.Common.Memory	GameCreator.Runtime.Common.MemoryComponent	True	Game Object/Component Enabled	GameCreator.Runtime.Core
save.remember-memory	GameCreator.Runtime.Common.Memory	GameCreator.Runtime.Common.MemoryExists	True	Game Object/Exists	GameCreator.Runtime.Core
save.remember-memory	GameCreator.Runtime.Common.Memory	GameCreator.Runtime.Common.MemoryIsActive	True	Game Object/Is Active	GameCreator.Runtime.Core
save.remember-memory	GameCreator.Runtime.Common.Memory	GameCreator.Runtime.Common.MemoryLayers	True	Game Object/Layers	GameCreator.Runtime.Core
save.remember-memory	GameCreator.Runtime.Common.Memory	GameCreator.Runtime.Common.MemoryLightColor	True	Light/Color	GameCreator.Runtime.Core
save.remember-memory	GameCreator.Runtime.Common.Memory	GameCreator.Runtime.Common.MemoryLightIntensity	True	Light/Intensity	GameCreator.Runtime.Core
save.remember-memory	GameCreator.Runtime.Common.Memory	GameCreator.Runtime.Common.MemoryName	True	Game Object/Name	GameCreator.Runtime.Core
save.remember-memory	GameCreator.Runtime.Common.Memory	GameCreator.Runtime.Common.MemoryPosition	True	Transform/Position	GameCreator.Runtime.Core
save.remember-memory	GameCreator.Runtime.Common.Memory	GameCreator.Runtime.Common.MemoryRotation	True	Transform/Rotation	GameCreator.Runtime.Core
save.remember-memory	GameCreator.Runtime.Common.Memory	GameCreator.Runtime.Common.MemoryScale	True	Transform/Scale	GameCreator.Runtime.Core
save.remember-memory	GameCreator.Runtime.Common.Memory	GameCreator.Runtime.Common.MemoryTag	True	Game Object/Tag	GameCreator.Runtime.Core
save.storage	GameCreator.Runtime.Common.SaveSystem.TDataStorage	GameCreator.Runtime.Common.SaveSystem.StorageJsonFile	True	Json File	GameCreator.Runtime.Core
save.storage	GameCreator.Runtime.Common.SaveSystem.TDataStorage	GameCreator.Runtime.Common.SaveSystem.StoragePlayerPrefs	True	Player Prefs	GameCreator.Runtime.Core
variables.value-type	GameCreator.Runtime.Variables.TVariable	GameCreator.Runtime.Variables.IndexVariable	True		GameCreator.Runtime.Core
variables.value-type	GameCreator.Runtime.Variables.TVariable	GameCreator.Runtime.Variables.NameVariable	True		GameCreator.Runtime.Core
visual-scripting.condition	GameCreator.Runtime.VisualScripting.Condition	GameCreator.Runtime.VisualScripting.ConditionAudioIsPlayAmbient	True	Audio/Is Ambient Playing	GameCreator.Runtime.Core
visual-scripting.condition	GameCreator.Runtime.VisualScripting.Condition	GameCreator.Runtime.VisualScripting.ConditionAudioIsPlayMusic	True	Audio/Is Music Playing	GameCreator.Runtime.Core
visual-scripting.condition	GameCreator.Runtime.VisualScripting.Condition	GameCreator.Runtime.VisualScripting.ConditionAudioIsPlaySoundEffect	True	Audio/Is Sound Effect Playing	GameCreator.Runtime.Core
visual-scripting.condition	GameCreator.Runtime.VisualScripting.Condition	GameCreator.Runtime.VisualScripting.ConditionAudioIsPlaySpeech	True	Audio/Is Speech Playing	GameCreator.Runtime.Core
visual-scripting.condition	GameCreator.Runtime.VisualScripting.Condition	GameCreator.Runtime.VisualScripting.ConditionAudioIsPlaySpeechTarget	True	Audio/Is Speech Target Playing	GameCreator.Runtime.Core
visual-scripting.condition	GameCreator.Runtime.VisualScripting.Condition	GameCreator.Runtime.VisualScripting.ConditionAudioIsPlayUI	True	Audio/Is UI Playing	GameCreator.Runtime.Core
visual-scripting.condition	GameCreator.Runtime.VisualScripting.Condition	GameCreator.Runtime.VisualScripting.ConditionCameraShotActive	True	Cameras/Is Shot Active	GameCreator.Runtime.Core
visual-scripting.condition	GameCreator.Runtime.VisualScripting.Condition	GameCreator.Runtime.VisualScripting.ConditionCharacterBusyArms	True	Characters/Busy/Are Arms Available	GameCreator.Runtime.Core
visual-scripting.condition	GameCreator.Runtime.VisualScripting.Condition	GameCreator.Runtime.VisualScripting.ConditionCharacterBusyLeftArm	True	Characters/Busy/Is Left Arm Available	GameCreator.Runtime.Core
visual-scripting.condition	GameCreator.Runtime.VisualScripting.Condition	GameCreator.Runtime.VisualScripting.ConditionCharacterBusyLeftLeg	True	Characters/Busy/Is Left Leg Available	GameCreator.Runtime.Core
visual-scripting.condition	GameCreator.Runtime.VisualScripting.Condition	GameCreator.Runtime.VisualScripting.ConditionCharacterBusyLegs	True	Characters/Busy/Are Legs Available	GameCreator.Runtime.Core
visual-scripting.condition	GameCreator.Runtime.VisualScripting.Condition	GameCreator.Runtime.VisualScripting.ConditionCharacterBusyRightArm	True	Characters/Busy/Is Right Arm Available	GameCreator.Runtime.Core
visual-scripting.condition	GameCreator.Runtime.VisualScripting.Condition	GameCreator.Runtime.VisualScripting.ConditionCharacterBusyRightLeg	True	Characters/Busy/Is Right Leg Available	GameCreator.Runtime.Core
visual-scripting.condition	GameCreator.Runtime.VisualScripting.Condition	GameCreator.Runtime.VisualScripting.ConditionCharacterCanInteract	True	Characters/Interaction/Can Interact	GameCreator.Runtime.Core
visual-scripting.condition	GameCreator.Runtime.VisualScripting.Condition	GameCreator.Runtime.VisualScripting.ConditionCharacterCanJump	True	Characters/Properties/Can Jump	GameCreator.Runtime.Core
visual-scripting.condition	GameCreator.Runtime.VisualScripting.Condition	GameCreator.Runtime.VisualScripting.ConditionCharacterCompareGravity	True	Characters/Properties/Compare Gravity	GameCreator.Runtime.Core
visual-scripting.condition	GameCreator.Runtime.VisualScripting.Condition	GameCreator.Runtime.VisualScripting.ConditionCharacterCompareHeight	True	Characters/Properties/Compare Height	GameCreator.Runtime.Core
visual-scripting.condition	GameCreator.Runtime.VisualScripting.Condition	GameCreator.Runtime.VisualScripting.ConditionCharacterCompareJumpForce	True	Characters/Properties/Jump Force	GameCreator.Runtime.Core
visual-scripting.condition	GameCreator.Runtime.VisualScripting.Condition	GameCreator.Runtime.VisualScripting.ConditionCharacterCompareMass	True	Characters/Properties/Compare Mass	GameCreator.Runtime.Core
visual-scripting.condition	GameCreator.Runtime.VisualScripting.Condition	GameCreator.Runtime.VisualScripting.ConditionCharacterCompareRadius	True	Characters/Properties/Compare Radius	GameCreator.Runtime.Core
visual-scripting.condition	GameCreator.Runtime.VisualScripting.Condition	GameCreator.Runtime.VisualScripting.ConditionCharacterCompareSpeed	True	Characters/Properties/Compare Speed	GameCreator.Runtime.Core
visual-scripting.condition	GameCreator.Runtime.VisualScripting.Condition	GameCreator.Runtime.VisualScripting.ConditionCharacterCompareTerminalVelocity	True	Characters/Properties/Terminal Velocity	GameCreator.Runtime.Core
visual-scripting.condition	GameCreator.Runtime.VisualScripting.Condition	GameCreator.Runtime.VisualScripting.ConditionCharacterIsAirborne	True	Characters/Navigation/Is Airborne	GameCreator.Runtime.Core
visual-scripting.condition	GameCreator.Runtime.VisualScripting.Condition	GameCreator.Runtime.VisualScripting.ConditionCharacterIsAvailable	True	Characters/Busy/Is Available	GameCreator.Runtime.Core
visual-scripting.condition	GameCreator.Runtime.VisualScripting.Condition	GameCreator.Runtime.VisualScripting.ConditionCharacterIsBusy	True	Characters/Busy/Is Busy	GameCreator.Runtime.Core
visual-scripting.condition	GameCreator.Runtime.VisualScripting.Condition	GameCreator.Runtime.VisualScripting.ConditionCharacterIsControllable	True	Characters/Properties/Is Controllable	GameCreator.Runtime.Core
visual-scripting.condition	GameCreator.Runtime.VisualScripting.Condition	GameCreator.Runtime.VisualScripting.ConditionCharacterIsDashing	True	Characters/Navigation/Is Dashing	GameCreator.Runtime.Core
visual-scripting.condition	GameCreator.Runtime.VisualScripting.Condition	GameCreator.Runtime.VisualScripting.ConditionCharacterIsDead	True	Characters/Properties/Is Dead	GameCreator.Runtime.Core
visual-scripting.condition	GameCreator.Runtime.VisualScripting.Condition	GameCreator.Runtime.VisualScripting.ConditionCharacterIsGrounded	True	Characters/Navigation/Is Grounded	GameCreator.Runtime.Core
visual-scripting.condition	GameCreator.Runtime.VisualScripting.Condition	GameCreator.Runtime.VisualScripting.ConditionCharacterIsHumanoid	True	Characters/Busy/Is Humanoid	GameCreator.Runtime.Core
visual-scripting.condition	GameCreator.Runtime.VisualScripting.Condition	GameCreator.Runtime.VisualScripting.ConditionCharacterIsIdle	True	Characters/Navigation/Is Idle	GameCreator.Runtime.Core
visual-scripting.condition	GameCreator.Runtime.VisualScripting.Condition	GameCreator.Runtime.VisualScripting.ConditionCharacterIsInvincible	True	Characters/Combat/Is Invincible	GameCreator.Runtime.Core
visual-scripting.condition	GameCreator.Runtime.VisualScripting.Condition	GameCreator.Runtime.VisualScripting.ConditionCharacterIsMoving	True	Characters/Navigation/Is Moving	GameCreator.Runtime.Core
visual-scripting.condition	GameCreator.Runtime.VisualScripting.Condition	GameCreator.Runtime.VisualScripting.ConditionCharacterIsPlayer	True	Characters/Properties/Is Player	GameCreator.Runtime.Core
visual-scripting.condition	GameCreator.Runtime.VisualScripting.Condition	GameCreator.Runtime.VisualScripting.ConditionCharacterPhase	True	Characters/Properties/Compare Foot Phase	GameCreator.Runtime.Core
visual-scripting.condition	GameCreator.Runtime.VisualScripting.Condition	GameCreator.Runtime.VisualScripting.ConditionCharacterRaycastFloor	True	Characters/Navigation/Raycast Floor	GameCreator.Runtime.Core
visual-scripting.condition	GameCreator.Runtime.VisualScripting.Condition	GameCreator.Runtime.VisualScripting.ConditionCharacterStateLayer	True	Characters/Animation/Has State in Layer	GameCreator.Runtime.Core
visual-scripting.condition	GameCreator.Runtime.VisualScripting.Condition	GameCreator.Runtime.VisualScripting.ConditionGameObjectActive	True	Game Objects/Is Game Object Active	GameCreator.Runtime.Core
visual-scripting.condition	GameCreator.Runtime.VisualScripting.Condition	GameCreator.Runtime.VisualScripting.ConditionGameObjectCompare	True	Game Objects/Compare Game Objects	GameCreator.Runtime.Core
visual-scripting.condition	GameCreator.Runtime.VisualScripting.Condition	GameCreator.Runtime.VisualScripting.ConditionGameObjectComponentEnabled	True	Game Objects/Is Component Enabled	GameCreator.Runtime.Core
visual-scripting.condition	GameCreator.Runtime.VisualScripting.Condition	GameCreator.Runtime.VisualScripting.ConditionGameObjectComponentExists	True	Game Objects/Does Component Exist	GameCreator.Runtime.Core
visual-scripting.condition	GameCreator.Runtime.VisualScripting.Condition	GameCreator.Runtime.VisualScripting.ConditionGameObjectExists	True	Game Objects/Does Game Object Exist	GameCreator.Runtime.Core
visual-scripting.condition	GameCreator.Runtime.VisualScripting.Condition	GameCreator.Runtime.VisualScripting.ConditionGameObjectLayerMask	True	Game Objects/Compare Layer	GameCreator.Runtime.Core
visual-scripting.condition	GameCreator.Runtime.VisualScripting.Condition	GameCreator.Runtime.VisualScripting.ConditionGameObjectTag	True	Game Objects/Compare Tag	GameCreator.Runtime.Core
visual-scripting.condition	GameCreator.Runtime.VisualScripting.Condition	GameCreator.Runtime.VisualScripting.ConditionHasPropAttached	True	Characters/Visuals/Has Prop Attached	GameCreator.Runtime.Core
visual-scripting.condition	GameCreator.Runtime.VisualScripting.Condition	GameCreator.Runtime.VisualScripting.ConditionHasSave	True	Storage/Has Save	GameCreator.Runtime.Core
visual-scripting.condition	GameCreator.Runtime.VisualScripting.Condition	GameCreator.Runtime.VisualScripting.ConditionHasSaveAtSlot	True	Storage/Has Save at Slot	GameCreator.Runtime.Core
visual-scripting.condition	GameCreator.Runtime.VisualScripting.Condition	GameCreator.Runtime.VisualScripting.ConditionInputGamepadHeldDown	True	Input/Is Gamepad Button Held Down	GameCreator.Runtime.Core
visual-scripting.condition	GameCreator.Runtime.VisualScripting.Condition	GameCreator.Runtime.VisualScripting.ConditionInputGamepadRelease	True	Input/Is Gamepad Button Released	GameCreator.Runtime.Core
visual-scripting.condition	GameCreator.Runtime.VisualScripting.Condition	GameCreator.Runtime.VisualScripting.ConditionInputIsGamepadPress	True	Input/Is Gamepad Button Pressed	GameCreator.Runtime.Core
visual-scripting.condition	GameCreator.Runtime.VisualScripting.Condition	GameCreator.Runtime.VisualScripting.ConditionInputIsInputAssetPress	True	Input/Is Input Pressed	GameCreator.Runtime.Core
visual-scripting.condition	GameCreator.Runtime.VisualScripting.Condition	GameCreator.Runtime.VisualScripting.ConditionInputIsInputHeldDown	True	Input/Is Input Held Down	GameCreator.Runtime.Core
visual-scripting.condition	GameCreator.Runtime.VisualScripting.Condition	GameCreator.Runtime.VisualScripting.ConditionInputIsInputRelease	True	Input/Is Input Released	GameCreator.Runtime.Core
visual-scripting.condition	GameCreator.Runtime.VisualScripting.Condition	GameCreator.Runtime.VisualScripting.ConditionInputIsKeyPress	True	Input/Is Key Pressed	GameCreator.Runtime.Core
visual-scripting.condition	GameCreator.Runtime.VisualScripting.Condition	GameCreator.Runtime.VisualScripting.ConditionInputKeyHeldDown	True	Input/Is Key Held Down	GameCreator.Runtime.Core
visual-scripting.condition	GameCreator.Runtime.VisualScripting.Condition	GameCreator.Runtime.VisualScripting.ConditionInputKeyRelease	True	Input/Is Key Released	GameCreator.Runtime.Core
visual-scripting.condition	GameCreator.Runtime.VisualScripting.Condition	GameCreator.Runtime.VisualScripting.ConditionInputMouseHeldDown	True	Input/Is Mouse Held Down	GameCreator.Runtime.Core
visual-scripting.condition	GameCreator.Runtime.VisualScripting.Condition	GameCreator.Runtime.VisualScripting.ConditionInputMousePress	True	Input/Is Mouse Pressed	GameCreator.Runtime.Core
visual-scripting.condition	GameCreator.Runtime.VisualScripting.Condition	GameCreator.Runtime.VisualScripting.ConditionInputMouseRelease	True	Input/Is Mouse Released	GameCreator.Runtime.Core
visual-scripting.condition	GameCreator.Runtime.VisualScripting.Condition	GameCreator.Runtime.VisualScripting.ConditionMathAlwaysFalse	True	Math/Boolean/Always False	GameCreator.Runtime.Core
visual-scripting.condition	GameCreator.Runtime.VisualScripting.Condition	GameCreator.Runtime.VisualScripting.ConditionMathAlwaysTrue	True	Math/Boolean/Always True	GameCreator.Runtime.Core
visual-scripting.condition	GameCreator.Runtime.VisualScripting.Condition	GameCreator.Runtime.VisualScripting.ConditionMathCompareBooleans	True	Math/Boolean/Compare Boolean	GameCreator.Runtime.Core
visual-scripting.condition	GameCreator.Runtime.VisualScripting.Condition	GameCreator.Runtime.VisualScripting.ConditionMathCompareDecimals	True	Math/Arithmetic/Compare Decimal	GameCreator.Runtime.Core
visual-scripting.condition	GameCreator.Runtime.VisualScripting.Condition	GameCreator.Runtime.VisualScripting.ConditionMathCompareDirections	True	Math/Geometry/Compare Direction	GameCreator.Runtime.Core
visual-scripting.condition	GameCreator.Runtime.VisualScripting.Condition	GameCreator.Runtime.VisualScripting.ConditionMathCompareDistance	True	Math/Geometry/Compare Distance	GameCreator.Runtime.Core
visual-scripting.condition	GameCreator.Runtime.VisualScripting.Condition	GameCreator.Runtime.VisualScripting.ConditionMathCompareFlatDistance	True	Math/Geometry/Compare Distance Flat	GameCreator.Runtime.Core
visual-scripting.condition	GameCreator.Runtime.VisualScripting.Condition	GameCreator.Runtime.VisualScripting.ConditionMathCompareIntegers	True	Math/Arithmetic/Compare Integer	GameCreator.Runtime.Core
visual-scripting.condition	GameCreator.Runtime.VisualScripting.Condition	GameCreator.Runtime.VisualScripting.ConditionMathComparePoints	True	Math/Geometry/Compare Point	GameCreator.Runtime.Core
visual-scripting.condition	GameCreator.Runtime.VisualScripting.Condition	GameCreator.Runtime.VisualScripting.ConditionMathCompareVerticalDistance	True	Math/Geometry/Compare Distance Vertical	GameCreator.Runtime.Core
visual-scripting.condition	GameCreator.Runtime.VisualScripting.Condition	GameCreator.Runtime.VisualScripting.ConditionPhysicsCharacter3DFits	True	Physics/Check Character 3D Fits	GameCreator.Runtime.Core
visual-scripting.condition	GameCreator.Runtime.VisualScripting.Condition	GameCreator.Runtime.VisualScripting.ConditionPhysicsCheckBox2D	True	Physics/Check Box 2D	GameCreator.Runtime.Core
visual-scripting.condition	GameCreator.Runtime.VisualScripting.Condition	GameCreator.Runtime.VisualScripting.ConditionPhysicsCheckBox3D	True	Physics/Check Box 3D	GameCreator.Runtime.Core
visual-scripting.condition	GameCreator.Runtime.VisualScripting.Condition	GameCreator.Runtime.VisualScripting.ConditionPhysicsCheckCapsule	True	Physics/Check Capsule	GameCreator.Runtime.Core
visual-scripting.condition	GameCreator.Runtime.VisualScripting.Condition	GameCreator.Runtime.VisualScripting.ConditionPhysicsCheckCircle	True	Physics/Check Circle	GameCreator.Runtime.Core
visual-scripting.condition	GameCreator.Runtime.VisualScripting.Condition	GameCreator.Runtime.VisualScripting.ConditionPhysicsCheckSphere	True	Physics/Check Sphere	GameCreator.Runtime.Core
visual-scripting.condition	GameCreator.Runtime.VisualScripting.Condition	GameCreator.Runtime.VisualScripting.ConditionPhysicsIsKinematic	True	Physics/Is Kinematic	GameCreator.Runtime.Core
visual-scripting.condition	GameCreator.Runtime.VisualScripting.Condition	GameCreator.Runtime.VisualScripting.ConditionPhysicsIsSleeping	True	Physics/Is Sleeping	GameCreator.Runtime.Core
visual-scripting.condition	GameCreator.Runtime.VisualScripting.Condition	GameCreator.Runtime.VisualScripting.ConditionPhysicsRaycast2D	True	Physics/Raycast 2D	GameCreator.Runtime.Core
visual-scripting.condition	GameCreator.Runtime.VisualScripting.Condition	GameCreator.Runtime.VisualScripting.ConditionPhysicsRaycast3D	True	Physics/Raycast 3D	GameCreator.Runtime.Core
visual-scripting.condition	GameCreator.Runtime.VisualScripting.Condition	GameCreator.Runtime.VisualScripting.ConditionPlatformCheckPlatform	True	Platforms/Check Platform	GameCreator.Runtime.Core
visual-scripting.condition	GameCreator.Runtime.VisualScripting.Condition	GameCreator.Runtime.VisualScripting.ConditionPlatformIsBatch	True	Platforms/Is Batch mode	GameCreator.Runtime.Core
visual-scripting.condition	GameCreator.Runtime.VisualScripting.Condition	GameCreator.Runtime.VisualScripting.ConditionPlatformIsConsole	True	Platforms/Is Console	GameCreator.Runtime.Core
visual-scripting.condition	GameCreator.Runtime.VisualScripting.Condition	GameCreator.Runtime.VisualScripting.ConditionPlatformIsEditor	True	Platforms/Is Editor	GameCreator.Runtime.Core
visual-scripting.condition	GameCreator.Runtime.VisualScripting.Condition	GameCreator.Runtime.VisualScripting.ConditionPlatformIsMobile	True	Platforms/Is Mobile	GameCreator.Runtime.Core
visual-scripting.condition	GameCreator.Runtime.VisualScripting.Condition	GameCreator.Runtime.VisualScripting.ConditionScenesIsLoaded	True	Scenes/Is Scene Loaded	GameCreator.Runtime.Core
visual-scripting.condition	GameCreator.Runtime.VisualScripting.Condition	GameCreator.Runtime.VisualScripting.ConditionTextContains	True	Text/Text Contains	GameCreator.Runtime.Core
visual-scripting.condition	GameCreator.Runtime.VisualScripting.Condition	GameCreator.Runtime.VisualScripting.ConditionTextEquals	True	Text/Text Equals	GameCreator.Runtime.Core
visual-scripting.condition	GameCreator.Runtime.VisualScripting.Condition	GameCreator.Runtime.VisualScripting.ConditionTransformChildCount	True	Transforms/Child Count	GameCreator.Runtime.Core
visual-scripting.condition	GameCreator.Runtime.VisualScripting.Condition	GameCreator.Runtime.VisualScripting.ConditionTransformIsChild	True	Transforms/Is Child Of	GameCreator.Runtime.Core
visual-scripting.condition	GameCreator.Runtime.VisualScripting.Condition	GameCreator.Runtime.VisualScripting.ConditionTransformSiblings	True	Transforms/Is Sibling Of	GameCreator.Runtime.Core
visual-scripting.condition	GameCreator.Runtime.VisualScripting.Condition	GameCreator.Runtime.VisualScripting.ConditionVariablesListEmpty	True	Variables/List is Empty	GameCreator.Runtime.Core
visual-scripting.condition	GameCreator.Runtime.VisualScripting.Condition	GameCreator.Runtime.VisualScripting.ConditionVisualScriptingConditionsAND	True	Visual Scripting/Conditions as AND	GameCreator.Runtime.Core
visual-scripting.condition	GameCreator.Runtime.VisualScripting.Condition	GameCreator.Runtime.VisualScripting.ConditionVisualScriptingConditionsOR	True	Visual Scripting/Run Conditions as OR	GameCreator.Runtime.Core
visual-scripting.event	GameCreator.Runtime.VisualScripting.Event	GameCreator.Runtime.VisualScripting.EventCharacterInvincibility	True	Characters/Combat/On Invincibility Change	GameCreator.Runtime.Core
visual-scripting.event	GameCreator.Runtime.VisualScripting.Event	GameCreator.Runtime.VisualScripting.EventCharacterOnBecomeNPC	True	Characters/On Become NPC	GameCreator.Runtime.Core
visual-scripting.event	GameCreator.Runtime.VisualScripting.Event	GameCreator.Runtime.VisualScripting.EventCharacterOnBecomePlayer	True	Characters/On Become Player	GameCreator.Runtime.Core
visual-scripting.event	GameCreator.Runtime.VisualScripting.Event	GameCreator.Runtime.VisualScripting.EventCharacterOnBlurInteractive	True	Interactive/On Blur	GameCreator.Runtime.Core
visual-scripting.event	GameCreator.Runtime.VisualScripting.Event	GameCreator.Runtime.VisualScripting.EventCharacterOnChangeModel	True	Characters/On Change Model	GameCreator.Runtime.Core
visual-scripting.event	GameCreator.Runtime.VisualScripting.Event	GameCreator.Runtime.VisualScripting.EventCharacterOnDash	True	Characters/Navigation/On Dash	GameCreator.Runtime.Core
visual-scripting.event	GameCreator.Runtime.VisualScripting.Event	GameCreator.Runtime.VisualScripting.EventCharacterOnDefenseChange	True	Characters/Combat/On Defense Change	GameCreator.Runtime.Core
visual-scripting.event	GameCreator.Runtime.VisualScripting.Event	GameCreator.Runtime.VisualScripting.EventCharacterOnDie	True	Characters/On Die	GameCreator.Runtime.Core
visual-scripting.event	GameCreator.Runtime.VisualScripting.Event	GameCreator.Runtime.VisualScripting.EventCharacterOnDodge	True	Characters/Combat/On Dodge	GameCreator.Runtime.Core
visual-scripting.event	GameCreator.Runtime.VisualScripting.Event	GameCreator.Runtime.VisualScripting.EventCharacterOnFocusInteractive	True	Interactive/On Focus	GameCreator.Runtime.Core
visual-scripting.event	GameCreator.Runtime.VisualScripting.Event	GameCreator.Runtime.VisualScripting.EventCharacterOnInteract	True	Interactive/On Interact	GameCreator.Runtime.Core
visual-scripting.event	GameCreator.Runtime.VisualScripting.Event	GameCreator.Runtime.VisualScripting.EventCharacterOnJump	True	Characters/Navigation/On Jump	GameCreator.Runtime.Core
visual-scripting.event	GameCreator.Runtime.VisualScripting.Event	GameCreator.Runtime.VisualScripting.EventCharacterOnLand	True	Characters/Navigation/On Land	GameCreator.Runtime.Core
visual-scripting.event	GameCreator.Runtime.VisualScripting.Event	GameCreator.Runtime.VisualScripting.EventCharacterOnPoiseBreak	True	Characters/Combat/On Poise Break	GameCreator.Runtime.Core
visual-scripting.event	GameCreator.Runtime.VisualScripting.Event	GameCreator.Runtime.VisualScripting.EventCharacterOnPoiseChange	True	Characters/Combat/On Poise Change	GameCreator.Runtime.Core
visual-scripting.event	GameCreator.Runtime.VisualScripting.Event	GameCreator.Runtime.VisualScripting.EventCharacterOnRecoverRagdoll	True	Characters/Ragdoll/On Recover Ragdoll	GameCreator.Runtime.Core
visual-scripting.event	GameCreator.Runtime.VisualScripting.Event	GameCreator.Runtime.VisualScripting.EventCharacterOnRevive	True	Characters/On Revive	GameCreator.Runtime.Core
visual-scripting.event	GameCreator.Runtime.VisualScripting.Event	GameCreator.Runtime.VisualScripting.EventCharacterOnStartRagdoll	True	Characters/Ragdoll/On Start Ragdoll	GameCreator.Runtime.Core
visual-scripting.event	GameCreator.Runtime.VisualScripting.Event	GameCreator.Runtime.VisualScripting.EventCharacterOnStep	True	Characters/Navigation/On Step	GameCreator.Runtime.Core
visual-scripting.event	GameCreator.Runtime.VisualScripting.Event	GameCreator.Runtime.VisualScripting.EventCharacterOnTarget	True	Characters/Combat/On Target Change	GameCreator.Runtime.Core
visual-scripting.event	GameCreator.Runtime.VisualScripting.Event	GameCreator.Runtime.VisualScripting.EventCollideExitWith	True	Physics/On Collide Exit	GameCreator.Runtime.Core
visual-scripting.event	GameCreator.Runtime.VisualScripting.Event	GameCreator.Runtime.VisualScripting.EventCollideWith	True	Physics/On Collide	GameCreator.Runtime.Core
visual-scripting.event	GameCreator.Runtime.VisualScripting.Event	GameCreator.Runtime.VisualScripting.EventOnAppFocus	True	Lifecycle/On App Focus	GameCreator.Runtime.Core
visual-scripting.event	GameCreator.Runtime.VisualScripting.Event	GameCreator.Runtime.VisualScripting.EventOnAppPause	True	Lifecycle/On App Pause	GameCreator.Runtime.Core
visual-scripting.event	GameCreator.Runtime.VisualScripting.Event	GameCreator.Runtime.VisualScripting.EventOnAppQuit	True	Lifecycle/On App Quit	GameCreator.Runtime.Core
visual-scripting.event	GameCreator.Runtime.VisualScripting.Event	GameCreator.Runtime.VisualScripting.EventOnBecomeInvisible	True	Lifecycle/On Become Invisible	GameCreator.Runtime.Core
visual-scripting.event	GameCreator.Runtime.VisualScripting.Event	GameCreator.Runtime.VisualScripting.EventOnBecomeVisible	True	Lifecycle/On Become Visible	GameCreator.Runtime.Core
visual-scripting.event	GameCreator.Runtime.VisualScripting.Event	GameCreator.Runtime.VisualScripting.EventOnCameraChange	True	Cameras/On Camera Change	GameCreator.Runtime.Core
visual-scripting.event	GameCreator.Runtime.VisualScripting.Event	GameCreator.Runtime.VisualScripting.EventOnCameraShotActivate	True	Cameras/On Change to Shot	GameCreator.Runtime.Core
visual-scripting.event	GameCreator.Runtime.VisualScripting.Event	GameCreator.Runtime.VisualScripting.EventOnCameraShotDeactivate	True	Cameras/On Change from Shot	GameCreator.Runtime.Core
visual-scripting.event	GameCreator.Runtime.VisualScripting.Event	GameCreator.Runtime.VisualScripting.EventOnCursorClick	True	Input/On Cursor Click	GameCreator.Runtime.Core
visual-scripting.event	GameCreator.Runtime.VisualScripting.Event	GameCreator.Runtime.VisualScripting.EventOnDelete	True	Storage/On Delete	GameCreator.Runtime.Core
visual-scripting.event	GameCreator.Runtime.VisualScripting.Event	GameCreator.Runtime.VisualScripting.EventOnDisable	True	Lifecycle/On Disable	GameCreator.Runtime.Core
visual-scripting.event	GameCreator.Runtime.VisualScripting.Event	GameCreator.Runtime.VisualScripting.EventOnEnable	True	Lifecycle/On Enable	GameCreator.Runtime.Core
visual-scripting.event	GameCreator.Runtime.VisualScripting.Event	GameCreator.Runtime.VisualScripting.EventOnFixedUpdate	True	Lifecycle/On Fixed Update	GameCreator.Runtime.Core
visual-scripting.event	GameCreator.Runtime.VisualScripting.Event	GameCreator.Runtime.VisualScripting.EventOnHotspotActivate	True	Logic/On Hotspot Activate	GameCreator.Runtime.Core
visual-scripting.event	GameCreator.Runtime.VisualScripting.Event	GameCreator.Runtime.VisualScripting.EventOnHotspotDeactivate	True	Logic/On Hotspot Deactivate	GameCreator.Runtime.Core
visual-scripting.event	GameCreator.Runtime.VisualScripting.Event	GameCreator.Runtime.VisualScripting.EventOnInputButton	True	Input/On Input Button	GameCreator.Runtime.Core
visual-scripting.event	GameCreator.Runtime.VisualScripting.Event	GameCreator.Runtime.VisualScripting.EventOnInputFlick	True	Input/On Input Flick	GameCreator.Runtime.Core
visual-scripting.event	GameCreator.Runtime.VisualScripting.Event	GameCreator.Runtime.VisualScripting.EventOnInterval	True	Lifecycle/On Interval	GameCreator.Runtime.Core
visual-scripting.event	GameCreator.Runtime.VisualScripting.Event	GameCreator.Runtime.VisualScripting.EventOnInvoke	True	Lifecycle/On Invoke	GameCreator.Runtime.Core
visual-scripting.event	GameCreator.Runtime.VisualScripting.Event	GameCreator.Runtime.VisualScripting.EventOnLateUpdate	True	Lifecycle/On Late Update	GameCreator.Runtime.Core
visual-scripting.event	GameCreator.Runtime.VisualScripting.Event	GameCreator.Runtime.VisualScripting.EventOnLoad	True	Storage/On Load	GameCreator.Runtime.Core
visual-scripting.event	GameCreator.Runtime.VisualScripting.Event	GameCreator.Runtime.VisualScripting.EventOnReceiveSignal	True	Logic/On Receive Signal	GameCreator.Runtime.Core
visual-scripting.event	GameCreator.Runtime.VisualScripting.Event	GameCreator.Runtime.VisualScripting.EventOnSave	True	Storage/On Save	GameCreator.Runtime.Core
visual-scripting.event	GameCreator.Runtime.VisualScripting.Event	GameCreator.Runtime.VisualScripting.EventOnStart	True	Lifecycle/On Start	GameCreator.Runtime.Core
visual-scripting.event	GameCreator.Runtime.VisualScripting.Event	GameCreator.Runtime.VisualScripting.EventOnTouch	True	Input/On Touch	GameCreator.Runtime.Core
visual-scripting.event	GameCreator.Runtime.VisualScripting.Event	GameCreator.Runtime.VisualScripting.EventOnUpdate	True	Lifecycle/On Update	GameCreator.Runtime.Core
visual-scripting.event	GameCreator.Runtime.VisualScripting.Event	GameCreator.Runtime.VisualScripting.EventOnVariableGlobalListChange	True	Variables/On Global List Variable Change	GameCreator.Runtime.Core
visual-scripting.event	GameCreator.Runtime.VisualScripting.Event	GameCreator.Runtime.VisualScripting.EventOnVariableGlobalNameChange	True	Variables/On Global Name Variable Change	GameCreator.Runtime.Core
visual-scripting.event	GameCreator.Runtime.VisualScripting.Event	GameCreator.Runtime.VisualScripting.EventOnVariableLocalListChange	True	Variables/On Local List Variable Change	GameCreator.Runtime.Core
visual-scripting.event	GameCreator.Runtime.VisualScripting.Event	GameCreator.Runtime.VisualScripting.EventOnVariableLocalNameChange	True	Variables/On Local Name Variable Change	GameCreator.Runtime.Core
visual-scripting.event	GameCreator.Runtime.VisualScripting.Event	GameCreator.Runtime.VisualScripting.EventOnVolumeAmbientChange	True	Audio/On Change Ambient Volume	GameCreator.Runtime.Core
visual-scripting.event	GameCreator.Runtime.VisualScripting.Event	GameCreator.Runtime.VisualScripting.EventOnVolumeMasterChange	True	Audio/On Change Master Volume	GameCreator.Runtime.Core
visual-scripting.event	GameCreator.Runtime.VisualScripting.Event	GameCreator.Runtime.VisualScripting.EventOnVolumeMusicChange	True	Audio/On Change Music Volume	GameCreator.Runtime.Core
visual-scripting.event	GameCreator.Runtime.VisualScripting.Event	GameCreator.Runtime.VisualScripting.EventOnVolumeSFXChange	True	Audio/On Change Sound Effects Volume	GameCreator.Runtime.Core
visual-scripting.event	GameCreator.Runtime.VisualScripting.Event	GameCreator.Runtime.VisualScripting.EventOnVolumeSpeechChange	True	Audio/On Change Speech Volume	GameCreator.Runtime.Core
visual-scripting.event	GameCreator.Runtime.VisualScripting.Event	GameCreator.Runtime.VisualScripting.EventOnVolumeUIChange	True	Audio/On Change UI Volume	GameCreator.Runtime.Core
visual-scripting.event	GameCreator.Runtime.VisualScripting.Event	GameCreator.Runtime.VisualScripting.EventTriggerEnter	True	Physics/On Trigger Enter	GameCreator.Runtime.Core
visual-scripting.event	GameCreator.Runtime.VisualScripting.Event	GameCreator.Runtime.VisualScripting.EventTriggerEnterTag	True	Physics/On Trigger Enter Tag	GameCreator.Runtime.Core
visual-scripting.event	GameCreator.Runtime.VisualScripting.Event	GameCreator.Runtime.VisualScripting.EventTriggerExit	True	Physics/On Trigger Exit	GameCreator.Runtime.Core
visual-scripting.event	GameCreator.Runtime.VisualScripting.Event	GameCreator.Runtime.VisualScripting.EventTriggerExitTag	True	Physics/On Trigger Exit Tag	GameCreator.Runtime.Core
visual-scripting.event	GameCreator.Runtime.VisualScripting.Event	GameCreator.Runtime.VisualScripting.EventTriggerStay	True	Physics/On Trigger Stay	GameCreator.Runtime.Core
visual-scripting.event	GameCreator.Runtime.VisualScripting.Event	GameCreator.Runtime.VisualScripting.EventUIOnDeselect	True	UI/On Deselect	GameCreator.Runtime.Core
visual-scripting.event	GameCreator.Runtime.VisualScripting.Event	GameCreator.Runtime.VisualScripting.EventUIOnHoverEnter	True	UI/On Hover Enter	GameCreator.Runtime.Core
visual-scripting.event	GameCreator.Runtime.VisualScripting.Event	GameCreator.Runtime.VisualScripting.EventUIOnHoverExit	True	UI/On Hover Exit	GameCreator.Runtime.Core
visual-scripting.event	GameCreator.Runtime.VisualScripting.Event	GameCreator.Runtime.VisualScripting.EventUIOnSelect	True	UI/On Select	GameCreator.Runtime.Core
visual-scripting.hotspot-spot	GameCreator.Runtime.VisualScripting.Spot	GameCreator.Runtime.VisualScripting.SpotChangeText	True	UI/Change Text	GameCreator.Runtime.Core
visual-scripting.hotspot-spot	GameCreator.Runtime.VisualScripting.Spot	GameCreator.Runtime.VisualScripting.SpotCursor	True	UI/Cursor	GameCreator.Runtime.Core
visual-scripting.hotspot-spot	GameCreator.Runtime.VisualScripting.Spot	GameCreator.Runtime.VisualScripting.SpotLook	True	Characters/Look At	GameCreator.Runtime.Core
visual-scripting.hotspot-spot	GameCreator.Runtime.VisualScripting.Spot	GameCreator.Runtime.VisualScripting.SpotMaterial	True	Materials/Change Material	GameCreator.Runtime.Core
visual-scripting.hotspot-spot	GameCreator.Runtime.VisualScripting.Spot	GameCreator.Runtime.VisualScripting.SpotObjectsActivateObject	True	Game Objects/Activate Object	GameCreator.Runtime.Core
visual-scripting.hotspot-spot	GameCreator.Runtime.VisualScripting.Spot	GameCreator.Runtime.VisualScripting.SpotObjectsInstantiatePrefab	True	Game Objects/Instantiate Prefab	GameCreator.Runtime.Core
visual-scripting.hotspot-spot	GameCreator.Runtime.VisualScripting.Spot	GameCreator.Runtime.VisualScripting.SpotShowText	True	UI/Show Floating Text	GameCreator.Runtime.Core
visual-scripting.hotspot-spot	GameCreator.Runtime.VisualScripting.Spot	GameCreator.Runtime.VisualScripting.SpotSound	True	Audio/Play Sound	GameCreator.Runtime.Core
visual-scripting.instruction	GameCreator.Runtime.VisualScripting.Instruction	GameCreator.Runtime.Console.InstructionConsoleClose	True	Debug/Console/Console Close	GameCreator.Runtime.Core
visual-scripting.instruction	GameCreator.Runtime.VisualScripting.Instruction	GameCreator.Runtime.Console.InstructionConsoleOpen	True	Debug/Console/Console Open	GameCreator.Runtime.Core
visual-scripting.instruction	GameCreator.Runtime.VisualScripting.Instruction	GameCreator.Runtime.Console.InstructionConsolePrint	True	Debug/Console/Console Text	GameCreator.Runtime.Core
visual-scripting.instruction	GameCreator.Runtime.VisualScripting.Instruction	GameCreator.Runtime.Console.InstructionConsoleSubmit	True	Debug/Console/Console Command	GameCreator.Runtime.Core
visual-scripting.instruction	GameCreator.Runtime.VisualScripting.Instruction	GameCreator.Runtime.Console.InstructionConsoleToggle	True	Debug/Console/Console Toggle	GameCreator.Runtime.Core
visual-scripting.instruction	GameCreator.Runtime.VisualScripting.Instruction	GameCreator.Runtime.VisualScripting.InstructionAnimatorBlendShape	True	Animations/Change Blend Shape	GameCreator.Runtime.Core
visual-scripting.instruction	GameCreator.Runtime.VisualScripting.Instruction	GameCreator.Runtime.VisualScripting.InstructionAnimatorChangeFloat	True	Animations/Change Animator Float	GameCreator.Runtime.Core
visual-scripting.instruction	GameCreator.Runtime.VisualScripting.Instruction	GameCreator.Runtime.VisualScripting.InstructionAnimatorChangeInteger	True	Animations/Change Animator Integer	GameCreator.Runtime.Core
visual-scripting.instruction	GameCreator.Runtime.VisualScripting.Instruction	GameCreator.Runtime.VisualScripting.InstructionAnimatorLayer	True	Animations/Change Animator Layer	GameCreator.Runtime.Core
visual-scripting.instruction	GameCreator.Runtime.VisualScripting.Instruction	GameCreator.Runtime.VisualScripting.InstructionAnimatorPlayAnimation	True	Animations/Play Animation Clip	GameCreator.Runtime.Core
visual-scripting.instruction	GameCreator.Runtime.VisualScripting.Instruction	GameCreator.Runtime.VisualScripting.InstructionAnimatorSetAnimation	True	Animations/Set Animation	GameCreator.Runtime.Core
visual-scripting.instruction	GameCreator.Runtime.VisualScripting.Instruction	GameCreator.Runtime.VisualScripting.InstructionAnimatorSetBoolean	True	Animations/Set Animator Boolean	GameCreator.Runtime.Core
visual-scripting.instruction	GameCreator.Runtime.VisualScripting.Instruction	GameCreator.Runtime.VisualScripting.InstructionAnimatorSetTrigger	True	Animations/Set Animator Trigger	GameCreator.Runtime.Core
visual-scripting.instruction	GameCreator.Runtime.VisualScripting.Instruction	GameCreator.Runtime.VisualScripting.InstructionAppCursorLock	True	Application/Cursor/Lock Cursor	GameCreator.Runtime.Core
visual-scripting.instruction	GameCreator.Runtime.VisualScripting.Instruction	GameCreator.Runtime.VisualScripting.InstructionAppOpenWeb	True	Application/Open Web Page	GameCreator.Runtime.Core
visual-scripting.instruction	GameCreator.Runtime.VisualScripting.Instruction	GameCreator.Runtime.VisualScripting.InstructionAppQuit	True	Application/Quit Application	GameCreator.Runtime.Core
visual-scripting.instruction	GameCreator.Runtime.VisualScripting.Instruction	GameCreator.Runtime.VisualScripting.InstructionArithmeticAbsoluteNumber	True	Math/Arithmetic/Absolute Number	GameCreator.Runtime.Core
visual-scripting.instruction	GameCreator.Runtime.VisualScripting.Instruction	GameCreator.Runtime.VisualScripting.InstructionArithmeticAddNumbers	True	Math/Arithmetic/Add Numbers	GameCreator.Runtime.Core
visual-scripting.instruction	GameCreator.Runtime.VisualScripting.Instruction	GameCreator.Runtime.VisualScripting.InstructionArithmeticClampNumber	True	Math/Arithmetic/Clamp Number	GameCreator.Runtime.Core
visual-scripting.instruction	GameCreator.Runtime.VisualScripting.Instruction	GameCreator.Runtime.VisualScripting.InstructionArithmeticCosineNumber	True	Math/Arithmetic/Cosine	GameCreator.Runtime.Core
visual-scripting.instruction	GameCreator.Runtime.VisualScripting.Instruction	GameCreator.Runtime.VisualScripting.InstructionArithmeticDivideNumbers	True	Math/Arithmetic/Divide Numbers	GameCreator.Runtime.Core
visual-scripting.instruction	GameCreator.Runtime.VisualScripting.Instruction	GameCreator.Runtime.VisualScripting.InstructionArithmeticIncrementNumber	True	Math/Arithmetic/Increment Number	GameCreator.Runtime.Core
visual-scripting.instruction	GameCreator.Runtime.VisualScripting.Instruction	GameCreator.Runtime.VisualScripting.InstructionArithmeticModulusNumbers	True	Math/Arithmetic/Modulus Numbers	GameCreator.Runtime.Core
visual-scripting.instruction	GameCreator.Runtime.VisualScripting.Instruction	GameCreator.Runtime.VisualScripting.InstructionArithmeticMultiplyNumbers	True	Math/Arithmetic/Multiply Numbers	GameCreator.Runtime.Core
visual-scripting.instruction	GameCreator.Runtime.VisualScripting.Instruction	GameCreator.Runtime.VisualScripting.InstructionArithmeticSetNumber	True	Math/Arithmetic/Set Number	GameCreator.Runtime.Core
visual-scripting.instruction	GameCreator.Runtime.VisualScripting.Instruction	GameCreator.Runtime.VisualScripting.InstructionArithmeticSignNumber	True	Math/Arithmetic/Sign of Number	GameCreator.Runtime.Core
visual-scripting.instruction	GameCreator.Runtime.VisualScripting.Instruction	GameCreator.Runtime.VisualScripting.InstructionArithmeticSineNumber	True	Math/Arithmetic/Sine	GameCreator.Runtime.Core
visual-scripting.instruction	GameCreator.Runtime.VisualScripting.Instruction	GameCreator.Runtime.VisualScripting.InstructionArithmeticSubtractNumbers	True	Math/Arithmetic/Subtract Numbers	GameCreator.Runtime.Core
visual-scripting.instruction	GameCreator.Runtime.VisualScripting.Instruction	GameCreator.Runtime.VisualScripting.InstructionArithmeticTangentNumber	True	Math/Arithmetic/Tangent	GameCreator.Runtime.Core
visual-scripting.instruction	GameCreator.Runtime.VisualScripting.Instruction	GameCreator.Runtime.VisualScripting.InstructionBooleanAND	True	Math/Boolean/AND Bool	GameCreator.Runtime.Core
visual-scripting.instruction	GameCreator.Runtime.VisualScripting.Instruction	GameCreator.Runtime.VisualScripting.InstructionBooleanNAND	True	Math/Boolean/NAND Bool	GameCreator.Runtime.Core
visual-scripting.instruction	GameCreator.Runtime.VisualScripting.Instruction	GameCreator.Runtime.VisualScripting.InstructionBooleanNOR	True	Math/Boolean/NOR Bool	GameCreator.Runtime.Core
visual-scripting.instruction	GameCreator.Runtime.VisualScripting.Instruction	GameCreator.Runtime.VisualScripting.InstructionBooleanOR	True	Math/Boolean/OR Bool	GameCreator.Runtime.Core
visual-scripting.instruction	GameCreator.Runtime.VisualScripting.Instruction	GameCreator.Runtime.VisualScripting.InstructionBooleanSetBool	True	Math/Boolean/Set Bool	GameCreator.Runtime.Core
visual-scripting.instruction	GameCreator.Runtime.VisualScripting.Instruction	GameCreator.Runtime.VisualScripting.InstructionBooleanToggle	True	Math/Boolean/Toggle Bool	GameCreator.Runtime.Core
visual-scripting.instruction	GameCreator.Runtime.VisualScripting.Instruction	GameCreator.Runtime.VisualScripting.InstructionCameraCullingMask	True	Cameras/Properties/Change Culling Mask	GameCreator.Runtime.Core
visual-scripting.instruction	GameCreator.Runtime.VisualScripting.Instruction	GameCreator.Runtime.VisualScripting.InstructionCameraFOV	True	Cameras/Properties/Change Field of View	GameCreator.Runtime.Core
visual-scripting.instruction	GameCreator.Runtime.VisualScripting.Instruction	GameCreator.Runtime.VisualScripting.InstructionCameraProjection	True	Cameras/Properties/Change Projection	GameCreator.Runtime.Core
visual-scripting.instruction	GameCreator.Runtime.VisualScripting.Instruction	GameCreator.Runtime.VisualScripting.InstructionCameraShakeBurst	True	Cameras/Shakes/Shake Camera Burst	GameCreator.Runtime.Core
visual-scripting.instruction	GameCreator.Runtime.VisualScripting.Instruction	GameCreator.Runtime.VisualScripting.InstructionCameraShakeSustain	True	Cameras/Shakes/Shake Camera Sustain	GameCreator.Runtime.Core
visual-scripting.instruction	GameCreator.Runtime.VisualScripting.Instruction	GameCreator.Runtime.VisualScripting.InstructionCameraShotChange	True	Cameras/Change to Shot	GameCreator.Runtime.Core
visual-scripting.instruction	GameCreator.Runtime.VisualScripting.Instruction	GameCreator.Runtime.VisualScripting.InstructionCameraShotRevertPrevious	True	Cameras/Revert to previous Shot	GameCreator.Runtime.Core
visual-scripting.instruction	GameCreator.Runtime.VisualScripting.Instruction	GameCreator.Runtime.VisualScripting.InstructionCameraSize	True	Cameras/Properties/Change Orthographic Size	GameCreator.Runtime.Core
visual-scripting.instruction	GameCreator.Runtime.VisualScripting.Instruction	GameCreator.Runtime.VisualScripting.InstructionCameraSmoothTime	True	Cameras/Properties/Change Smooth Time	GameCreator.Runtime.Core
visual-scripting.instruction	GameCreator.Runtime.VisualScripting.Instruction	GameCreator.Runtime.VisualScripting.InstructionCameraStopBursts	True	Cameras/Shakes/Stop Shake Camera Bursts	GameCreator.Runtime.Core
visual-scripting.instruction	GameCreator.Runtime.VisualScripting.Instruction	GameCreator.Runtime.VisualScripting.InstructionCameraStopSustain	True	Cameras/Shakes/Stop Camera Sustain Shake	GameCreator.Runtime.Core
visual-scripting.instruction	GameCreator.Runtime.VisualScripting.Instruction	GameCreator.Runtime.VisualScripting.InstructionCharacterAddCandidateTarget	True	Characters/Combat/Targeting/Add Target Candidate	GameCreator.Runtime.Core
visual-scripting.instruction	GameCreator.Runtime.VisualScripting.Instruction	GameCreator.Runtime.VisualScripting.InstructionCharacterAttachProp	True	Characters/Visuals/Attach Prop	GameCreator.Runtime.Core
visual-scripting.instruction	GameCreator.Runtime.VisualScripting.Instruction	GameCreator.Runtime.VisualScripting.InstructionCharacterChangeFootsteps	True	Characters/Footsteps/Change Footstep Sounds	GameCreator.Runtime.Core
visual-scripting.instruction	GameCreator.Runtime.VisualScripting.Instruction	GameCreator.Runtime.VisualScripting.InstructionCharacterChangeModel	True	Characters/Visuals/Change Model	GameCreator.Runtime.Core
visual-scripting.instruction	GameCreator.Runtime.VisualScripting.Instruction	GameCreator.Runtime.VisualScripting.InstructionCharacterChangePlayer	True	Characters/Player/Change Player	GameCreator.Runtime.Core
visual-scripting.instruction	GameCreator.Runtime.VisualScripting.Instruction	GameCreator.Runtime.VisualScripting.InstructionCharacterClearTarget	True	Characters/Combat/Targeting/Clear Target	GameCreator.Runtime.Core
visual-scripting.instruction	GameCreator.Runtime.VisualScripting.Instruction	GameCreator.Runtime.VisualScripting.InstructionCharacterDropProp	True	Characters/Visuals/Drop Prop	GameCreator.Runtime.Core
visual-scripting.instruction	GameCreator.Runtime.VisualScripting.Instruction	GameCreator.Runtime.VisualScripting.InstructionCharacterEnterState	True	Characters/Animation/Enter State	GameCreator.Runtime.Core
visual-scripting.instruction	GameCreator.Runtime.VisualScripting.Instruction	GameCreator.Runtime.VisualScripting.InstructionCharacterFootstepsActive	True	Characters/Footsteps/Footsteps Set Active	GameCreator.Runtime.Core
visual-scripting.instruction	GameCreator.Runtime.VisualScripting.Instruction	GameCreator.Runtime.VisualScripting.InstructionCharacterGesture	True	Characters/Animation/Play Gesture	GameCreator.Runtime.Core
visual-scripting.instruction	GameCreator.Runtime.VisualScripting.Instruction	GameCreator.Runtime.VisualScripting.InstructionCharacterIKFeetActive	True	Characters/IK/Active Feet IK	GameCreator.Runtime.Core
visual-scripting.instruction	GameCreator.Runtime.VisualScripting.Instruction	GameCreator.Runtime.VisualScripting.InstructionCharacterIKLeanActive	True	Characters/IK/Active Lean IK	GameCreator.Runtime.Core
visual-scripting.instruction	GameCreator.Runtime.VisualScripting.Instruction	GameCreator.Runtime.VisualScripting.InstructionCharacterIKLookActive	True	Characters/IK/Active Look IK	GameCreator.Runtime.Core
visual-scripting.instruction	GameCreator.Runtime.VisualScripting.Instruction	GameCreator.Runtime.VisualScripting.InstructionCharacterIKLookClear	True	Characters/IK/Clear Looking Around	GameCreator.Runtime.Core
visual-scripting.instruction	GameCreator.Runtime.VisualScripting.Instruction	GameCreator.Runtime.VisualScripting.InstructionCharacterIKLookStart	True	Characters/IK/Start Looking At	GameCreator.Runtime.Core
visual-scripting.instruction	GameCreator.Runtime.VisualScripting.Instruction	GameCreator.Runtime.VisualScripting.InstructionCharacterIKLookStop	True	Characters/IK/Stop Looking At	GameCreator.Runtime.Core
visual-scripting.instruction	GameCreator.Runtime.VisualScripting.Instruction	GameCreator.Runtime.VisualScripting.InstructionCharacterInteract	True	Characters/Interaction/Interact	GameCreator.Runtime.Core
visual-scripting.instruction	GameCreator.Runtime.VisualScripting.Instruction	GameCreator.Runtime.VisualScripting.InstructionCharacterKill	True	Characters/Properties/Kill Character	GameCreator.Runtime.Core
visual-scripting.instruction	GameCreator.Runtime.VisualScripting.Instruction	GameCreator.Runtime.VisualScripting.InstructionCharacterNavigationCancelDash	True	Characters/Navigation/Cancel Dash	GameCreator.Runtime.Core
visual-scripting.instruction	GameCreator.Runtime.VisualScripting.Instruction	GameCreator.Runtime.VisualScripting.InstructionCharacterNavigationDash	True	Characters/Navigation/Dash	GameCreator.Runtime.Core
visual-scripting.instruction	GameCreator.Runtime.VisualScripting.Instruction	GameCreator.Runtime.VisualScripting.InstructionCharacterNavigationDriver	True	Characters/Navigation/Set Character Driver	GameCreator.Runtime.Core
visual-scripting.instruction	GameCreator.Runtime.VisualScripting.Instruction	GameCreator.Runtime.VisualScripting.InstructionCharacterNavigationFacing	True	Characters/Navigation/Set Character Rotation	GameCreator.Runtime.Core
visual-scripting.instruction	GameCreator.Runtime.VisualScripting.Instruction	GameCreator.Runtime.VisualScripting.InstructionCharacterNavigationFollowStart	True	Characters/Navigation/Start Following	GameCreator.Runtime.Core
visual-scripting.instruction	GameCreator.Runtime.VisualScripting.Instruction	GameCreator.Runtime.VisualScripting.InstructionCharacterNavigationFollowStop	True	Characters/Navigation/Stop Following	GameCreator.Runtime.Core
visual-scripting.instruction	GameCreator.Runtime.VisualScripting.Instruction	GameCreator.Runtime.VisualScripting.InstructionCharacterNavigationJump	True	Characters/Navigation/Jump	GameCreator.Runtime.Core
visual-scripting.instruction	GameCreator.Runtime.VisualScripting.Instruction	GameCreator.Runtime.VisualScripting.InstructionCharacterNavigationMoveDirection	True	Characters/Navigation/Move Direction	GameCreator.Runtime.Core
visual-scripting.instruction	GameCreator.Runtime.VisualScripting.Instruction	GameCreator.Runtime.VisualScripting.InstructionCharacterNavigationMoveStop	True	Characters/Navigation/Stop Move	GameCreator.Runtime.Core
visual-scripting.instruction	GameCreator.Runtime.VisualScripting.Instruction	GameCreator.Runtime.VisualScripting.InstructionCharacterNavigationMoveTo	True	Characters/Navigation/Move To	GameCreator.Runtime.Core
visual-scripting.instruction	GameCreator.Runtime.VisualScripting.Instruction	GameCreator.Runtime.VisualScripting.InstructionCharacterNavigationTeleport	True	Characters/Navigation/Teleport	GameCreator.Runtime.Core
visual-scripting.instruction	GameCreator.Runtime.VisualScripting.Instruction	GameCreator.Runtime.VisualScripting.InstructionCharacterPlayer	True	Characters/Player/Set Player Input	GameCreator.Runtime.Core
visual-scripting.instruction	GameCreator.Runtime.VisualScripting.Instruction	GameCreator.Runtime.VisualScripting.InstructionCharacterPlayFootstep	True	Characters/Footsteps/Play Footstep	GameCreator.Runtime.Core
visual-scripting.instruction	GameCreator.Runtime.VisualScripting.Instruction	GameCreator.Runtime.VisualScripting.InstructionCharacterPropertyAngularSpeed	True	Characters/Properties/Change Angular Speed	GameCreator.Runtime.Core
visual-scripting.instruction	GameCreator.Runtime.VisualScripting.Instruction	GameCreator.Runtime.VisualScripting.InstructionCharacterPropertyAxonometry	True	Characters/Properties/Axonometry	GameCreator.Runtime.Core
visual-scripting.instruction	GameCreator.Runtime.VisualScripting.Instruction	GameCreator.Runtime.VisualScripting.InstructionCharacterPropertyCanJump	True	Characters/Properties/Can Jump	GameCreator.Runtime.Core
visual-scripting.instruction	GameCreator.Runtime.VisualScripting.Instruction	GameCreator.Runtime.VisualScripting.InstructionCharacterPropertyCollision	True	Characters/Properties/Can Collide	GameCreator.Runtime.Core
visual-scripting.instruction	GameCreator.Runtime.VisualScripting.Instruction	GameCreator.Runtime.VisualScripting.InstructionCharacterPropertyGravity	True	Characters/Properties/Change Gravity	GameCreator.Runtime.Core
visual-scripting.instruction	GameCreator.Runtime.VisualScripting.Instruction	GameCreator.Runtime.VisualScripting.InstructionCharacterPropertyHeight	True	Characters/Properties/Change Height	GameCreator.Runtime.Core
visual-scripting.instruction	GameCreator.Runtime.VisualScripting.Instruction	GameCreator.Runtime.VisualScripting.InstructionCharacterPropertyIsControllable	True	Characters/Properties/Is Controllable	GameCreator.Runtime.Core
visual-scripting.instruction	GameCreator.Runtime.VisualScripting.Instruction	GameCreator.Runtime.VisualScripting.InstructionCharacterPropertyJumpForce	True	Characters/Properties/Change Jump Force	GameCreator.Runtime.Core
visual-scripting.instruction	GameCreator.Runtime.VisualScripting.Instruction	GameCreator.Runtime.VisualScripting.InstructionCharacterPropertyMannequinPosition	True	Characters/Properties/Mannequin Position	GameCreator.Runtime.Core
visual-scripting.instruction	GameCreator.Runtime.VisualScripting.Instruction	GameCreator.Runtime.VisualScripting.InstructionCharacterPropertyMannequinRotation	True	Characters/Properties/Mannequin Rotation	GameCreator.Runtime.Core
visual-scripting.instruction	GameCreator.Runtime.VisualScripting.Instruction	GameCreator.Runtime.VisualScripting.InstructionCharacterPropertyMannequinScale	True	Characters/Properties/Mannequin Scale	GameCreator.Runtime.Core
visual-scripting.instruction	GameCreator.Runtime.VisualScripting.Instruction	GameCreator.Runtime.VisualScripting.InstructionCharacterPropertyMass	True	Characters/Properties/Change Mass	GameCreator.Runtime.Core
visual-scripting.instruction	GameCreator.Runtime.VisualScripting.Instruction	GameCreator.Runtime.VisualScripting.InstructionCharacterPropertyMoveSpeed	True	Characters/Properties/Change Movement Speed	GameCreator.Runtime.Core
visual-scripting.instruction	GameCreator.Runtime.VisualScripting.Instruction	GameCreator.Runtime.VisualScripting.InstructionCharacterPropertyRadius	True	Characters/Properties/Change Radius	GameCreator.Runtime.Core
visual-scripting.instruction	GameCreator.Runtime.VisualScripting.Instruction	GameCreator.Runtime.VisualScripting.InstructionCharacterPropertyTerminalVelocity	True	Characters/Properties/Change Terminal Velocity	GameCreator.Runtime.Core
visual-scripting.instruction	GameCreator.Runtime.VisualScripting.Instruction	GameCreator.Runtime.VisualScripting.InstructionCharacterPropertyTimeMode	True	Characters/Properties/Change Time Mode	GameCreator.Runtime.Core
visual-scripting.instruction	GameCreator.Runtime.VisualScripting.Instruction	GameCreator.Runtime.VisualScripting.InstructionCharacterPutOnSkinMesh	True	Characters/Visuals/Put on Skin Mesh	GameCreator.Runtime.Core
visual-scripting.instruction	GameCreator.Runtime.VisualScripting.Instruction	GameCreator.Runtime.VisualScripting.InstructionCharacterRecoverRagdoll	True	Characters/Ragdoll/Recover Ragdoll	GameCreator.Runtime.Core
visual-scripting.instruction	GameCreator.Runtime.VisualScripting.Instruction	GameCreator.Runtime.VisualScripting.InstructionCharacterRemoveCandidateTarget	True	Characters/Combat/Targeting/Remove Target Candidate	GameCreator.Runtime.Core
visual-scripting.instruction	GameCreator.Runtime.VisualScripting.Instruction	GameCreator.Runtime.VisualScripting.InstructionCharacterRemoveProp	True	Characters/Visuals/Remove Prop	GameCreator.Runtime.Core
visual-scripting.instruction	GameCreator.Runtime.VisualScripting.Instruction	GameCreator.Runtime.VisualScripting.InstructionCharacterResetVerticalVelocity	True	Characters/Properties/Reset Vertical Velocity	GameCreator.Runtime.Core
visual-scripting.instruction	GameCreator.Runtime.VisualScripting.Instruction	GameCreator.Runtime.VisualScripting.InstructionCharacterRevive	True	Characters/Properties/Revive Character	GameCreator.Runtime.Core
visual-scripting.instruction	GameCreator.Runtime.VisualScripting.Instruction	GameCreator.Runtime.VisualScripting.InstructionCharacterSetDashes	True	Characters/Navigation/Set Dashes	GameCreator.Runtime.Core
visual-scripting.instruction	GameCreator.Runtime.VisualScripting.Instruction	GameCreator.Runtime.VisualScripting.InstructionCharacterSetFulcrum	True	Characters/Footsteps/Set Character Fulcrum	GameCreator.Runtime.Core
visual-scripting.instruction	GameCreator.Runtime.VisualScripting.Instruction	GameCreator.Runtime.VisualScripting.InstructionCharacterSetInvincible	True	Characters/Combat/Invincibility/Set Invincible	GameCreator.Runtime.Core
visual-scripting.instruction	GameCreator.Runtime.VisualScripting.Instruction	GameCreator.Runtime.VisualScripting.InstructionCharacterSetPoise	True	Characters/Combat/Poise/Set Poise	GameCreator.Runtime.Core
visual-scripting.instruction	GameCreator.Runtime.VisualScripting.Instruction	GameCreator.Runtime.VisualScripting.InstructionCharacterSetTarget	True	Characters/Combat/Targeting/Set Target	GameCreator.Runtime.Core
visual-scripting.instruction	GameCreator.Runtime.VisualScripting.Instruction	GameCreator.Runtime.VisualScripting.InstructionCharacterSmoothTime	True	Characters/Animation/Change Smooth Time	GameCreator.Runtime.Core
visual-scripting.instruction	GameCreator.Runtime.VisualScripting.Instruction	GameCreator.Runtime.VisualScripting.InstructionCharactersSetAvailable	True	Characters/Busy/Set Available	GameCreator.Runtime.Core
visual-scripting.instruction	GameCreator.Runtime.VisualScripting.Instruction	GameCreator.Runtime.VisualScripting.InstructionCharactersSetBusy	True	Characters/Busy/Set Busy	GameCreator.Runtime.Core
visual-scripting.instruction	GameCreator.Runtime.VisualScripting.Instruction	GameCreator.Runtime.VisualScripting.InstructionCharacterStartRagdoll	True	Characters/Ragdoll/Start Ragdoll	GameCreator.Runtime.Core
visual-scripting.instruction	GameCreator.Runtime.VisualScripting.Instruction	GameCreator.Runtime.VisualScripting.InstructionCharacterStateWeight	True	Characters/Animation/Change State Weight	GameCreator.Runtime.Core
visual-scripting.instruction	GameCreator.Runtime.VisualScripting.Instruction	GameCreator.Runtime.VisualScripting.InstructionCharacterStopGesture	True	Characters/Animation/Stop Gesture	GameCreator.Runtime.Core
visual-scripting.instruction	GameCreator.Runtime.VisualScripting.Instruction	GameCreator.Runtime.VisualScripting.InstructionCharacterStopState	True	Characters/Animation/Stop State	GameCreator.Runtime.Core
visual-scripting.instruction	GameCreator.Runtime.VisualScripting.Instruction	GameCreator.Runtime.VisualScripting.InstructionCharacterTakeOffSkinMesh	True	Characters/Visuals/Take off Skin Mesh	GameCreator.Runtime.Core
visual-scripting.instruction	GameCreator.Runtime.VisualScripting.Instruction	GameCreator.Runtime.VisualScripting.InstructionCharacterTargetsClosest	True	Characters/Combat/Targeting/Cycle Closest Target	GameCreator.Runtime.Core
visual-scripting.instruction	GameCreator.Runtime.VisualScripting.Instruction	GameCreator.Runtime.VisualScripting.InstructionCharacterTargetsDirection	True	Characters/Combat/Targeting/Cycle Direction Target	GameCreator.Runtime.Core
visual-scripting.instruction	GameCreator.Runtime.VisualScripting.Instruction	GameCreator.Runtime.VisualScripting.InstructionCharacterTargetsNext	True	Characters/Combat/Targeting/Cycle Next Target	GameCreator.Runtime.Core
visual-scripting.instruction	GameCreator.Runtime.VisualScripting.Instruction	GameCreator.Runtime.VisualScripting.InstructionCharacterTargetsPrevious	True	Characters/Combat/Targeting/Cycle Previous Target	GameCreator.Runtime.Core
visual-scripting.instruction	GameCreator.Runtime.VisualScripting.Instruction	GameCreator.Runtime.VisualScripting.InstructionCommonAudioAmbientPlay	True	Audio/Play Ambient	GameCreator.Runtime.Core
visual-scripting.instruction	GameCreator.Runtime.VisualScripting.Instruction	GameCreator.Runtime.VisualScripting.InstructionCommonAudioAmbientStop	True	Audio/Stop Ambient	GameCreator.Runtime.Core
visual-scripting.instruction	GameCreator.Runtime.VisualScripting.Instruction	GameCreator.Runtime.VisualScripting.InstructionCommonAudioAmbientStopAll	True	Audio/Fade all Ambient	GameCreator.Runtime.Core
visual-scripting.instruction	GameCreator.Runtime.VisualScripting.Instruction	GameCreator.Runtime.VisualScripting.InstructionCommonAudioMixerParameter	True	Audio/Audio Mixer Parameter	GameCreator.Runtime.Core
visual-scripting.instruction	GameCreator.Runtime.VisualScripting.Instruction	GameCreator.Runtime.VisualScripting.InstructionCommonAudioMusicPlay	True	Audio/Play Music	GameCreator.Runtime.Core
visual-scripting.instruction	GameCreator.Runtime.VisualScripting.Instruction	GameCreator.Runtime.VisualScripting.InstructionCommonAudioMusicStop	True	Audio/Stop Music	GameCreator.Runtime.Core
visual-scripting.instruction	GameCreator.Runtime.VisualScripting.Instruction	GameCreator.Runtime.VisualScripting.InstructionCommonAudioMusicStopAll	True	Audio/Fade all Music	GameCreator.Runtime.Core
visual-scripting.instruction	GameCreator.Runtime.VisualScripting.Instruction	GameCreator.Runtime.VisualScripting.InstructionCommonAudioSFXPlay	True	Audio/Play Sound Effect	GameCreator.Runtime.Core
visual-scripting.instruction	GameCreator.Runtime.VisualScripting.Instruction	GameCreator.Runtime.VisualScripting.InstructionCommonAudioSFXStop	True	Audio/Stop Sound Effect	GameCreator.Runtime.Core
visual-scripting.instruction	GameCreator.Runtime.VisualScripting.Instruction	GameCreator.Runtime.VisualScripting.InstructionCommonAudioSnapshot	True	Audio/Change Snapshot	GameCreator.Runtime.Core
visual-scripting.instruction	GameCreator.Runtime.VisualScripting.Instruction	GameCreator.Runtime.VisualScripting.InstructionCommonAudioSourcePitch	True	Audio/Audio Source Pitch	GameCreator.Runtime.Core
visual-scripting.instruction	GameCreator.Runtime.VisualScripting.Instruction	GameCreator.Runtime.VisualScripting.InstructionCommonAudioSourceVolume	True	Audio/Audio Source Volume	GameCreator.Runtime.Core
visual-scripting.instruction	GameCreator.Runtime.VisualScripting.Instruction	GameCreator.Runtime.VisualScripting.InstructionCommonAudioSpeechPlay	True	Audio/Play Speech	GameCreator.Runtime.Core
visual-scripting.instruction	GameCreator.Runtime.VisualScripting.Instruction	GameCreator.Runtime.VisualScripting.InstructionCommonAudioSpeechStopGameObject	True	Audio/Stop Speech on Game Object	GameCreator.Runtime.Core
visual-scripting.instruction	GameCreator.Runtime.VisualScripting.Instruction	GameCreator.Runtime.VisualScripting.InstructionCommonAudioUIPlay	True	Audio/Play UI sound	GameCreator.Runtime.Core
visual-scripting.instruction	GameCreator.Runtime.VisualScripting.Instruction	GameCreator.Runtime.VisualScripting.InstructionCommonAudioVolumeAmbient	True	Audio/Change Ambient volume	GameCreator.Runtime.Core
visual-scripting.instruction	GameCreator.Runtime.VisualScripting.Instruction	GameCreator.Runtime.VisualScripting.InstructionCommonAudioVolumeMaster	True	Audio/Change Master volume	GameCreator.Runtime.Core
visual-scripting.instruction	GameCreator.Runtime.VisualScripting.Instruction	GameCreator.Runtime.VisualScripting.InstructionCommonAudioVolumeMusic	True	Audio/Change Music volume	GameCreator.Runtime.Core
visual-scripting.instruction	GameCreator.Runtime.VisualScripting.Instruction	GameCreator.Runtime.VisualScripting.InstructionCommonAudioVolumeSoundEffects	True	Audio/Change Sound Effects volume	GameCreator.Runtime.Core
visual-scripting.instruction	GameCreator.Runtime.VisualScripting.Instruction	GameCreator.Runtime.VisualScripting.InstructionCommonAudioVolumeSpeech	True	Audio/Change Speech volume	GameCreator.Runtime.Core
visual-scripting.instruction	GameCreator.Runtime.VisualScripting.Instruction	GameCreator.Runtime.VisualScripting.InstructionCommonAudioVolumeUI	True	Audio/Change UI volume	GameCreator.Runtime.Core
visual-scripting.instruction	GameCreator.Runtime.VisualScripting.Instruction	GameCreator.Runtime.VisualScripting.InstructionCommonDebugBeep	True	Debug/Beep	GameCreator.Runtime.Core
visual-scripting.instruction	GameCreator.Runtime.VisualScripting.Instruction	GameCreator.Runtime.VisualScripting.InstructionCommonDebugComment	True	Debug/Comment	GameCreator.Runtime.Core
visual-scripting.instruction	GameCreator.Runtime.VisualScripting.Instruction	GameCreator.Runtime.VisualScripting.InstructionCommonDebugConsoleClear	True	Debug/Clear Console	GameCreator.Runtime.Core
visual-scripting.instruction	GameCreator.Runtime.VisualScripting.Instruction	GameCreator.Runtime.VisualScripting.InstructionCommonDebugConsoleToggle	True	Debug/Toggle Console	GameCreator.Runtime.Core
visual-scripting.instruction	GameCreator.Runtime.VisualScripting.Instruction	GameCreator.Runtime.VisualScripting.InstructionCommonDebugNumber	True	Debug/Log Number	GameCreator.Runtime.Core
visual-scripting.instruction	GameCreator.Runtime.VisualScripting.Instruction	GameCreator.Runtime.VisualScripting.InstructionCommonDebugPause	True	Debug/Pause Editor	GameCreator.Runtime.Core
visual-scripting.instruction	GameCreator.Runtime.VisualScripting.Instruction	GameCreator.Runtime.VisualScripting.InstructionCommonDebugText	True	Debug/Log Text	GameCreator.Runtime.Core
visual-scripting.instruction	GameCreator.Runtime.VisualScripting.Instruction	GameCreator.Runtime.VisualScripting.InstructionCommonDeleteGame	True	Storage/Delete Game	GameCreator.Runtime.Core
visual-scripting.instruction	GameCreator.Runtime.VisualScripting.Instruction	GameCreator.Runtime.VisualScripting.InstructionCommonLoadGame	True	Storage/Load Game	GameCreator.Runtime.Core
visual-scripting.instruction	GameCreator.Runtime.VisualScripting.Instruction	GameCreator.Runtime.VisualScripting.InstructionCommonLoadLatestGame	True	Storage/Load Latest Game	GameCreator.Runtime.Core
visual-scripting.instruction	GameCreator.Runtime.VisualScripting.Instruction	GameCreator.Runtime.VisualScripting.InstructionCommonResetGame	True	Storage/Reset Game	GameCreator.Runtime.Core
visual-scripting.instruction	GameCreator.Runtime.VisualScripting.Instruction	GameCreator.Runtime.VisualScripting.InstructionCommonSaveGame	True	Storage/Save Game	GameCreator.Runtime.Core
visual-scripting.instruction	GameCreator.Runtime.VisualScripting.Instruction	GameCreator.Runtime.VisualScripting.InstructionCommonSceneLoad	True	Scenes/Load Scene	GameCreator.Runtime.Core
visual-scripting.instruction	GameCreator.Runtime.VisualScripting.Instruction	GameCreator.Runtime.VisualScripting.InstructionCommonSceneUnload	True	Scenes/Unload Scene	GameCreator.Runtime.Core
visual-scripting.instruction	GameCreator.Runtime.VisualScripting.Instruction	GameCreator.Runtime.VisualScripting.InstructionCommonTimeFrame	True	Time/Wait Frames	GameCreator.Runtime.Core
visual-scripting.instruction	GameCreator.Runtime.VisualScripting.Instruction	GameCreator.Runtime.VisualScripting.InstructionCommonTimeScale	True	Time/Time Scale	GameCreator.Runtime.Core
visual-scripting.instruction	GameCreator.Runtime.VisualScripting.Instruction	GameCreator.Runtime.VisualScripting.InstructionCommonTimeWait	True	Time/Wait Seconds	GameCreator.Runtime.Core
visual-scripting.instruction	GameCreator.Runtime.VisualScripting.Instruction	GameCreator.Runtime.VisualScripting.InstructionCursorTexture	True	Application/Cursor/Cursor Texture	GameCreator.Runtime.Core
visual-scripting.instruction	GameCreator.Runtime.VisualScripting.Instruction	GameCreator.Runtime.VisualScripting.InstructionCursorVisibility	True	Application/Cursor/Cursor Visibility	GameCreator.Runtime.Core
visual-scripting.instruction	GameCreator.Runtime.VisualScripting.Instruction	GameCreator.Runtime.VisualScripting.InstructionDebugGizmosLine	True	Debug/Gizmos/Gizmo Line	GameCreator.Runtime.Core
visual-scripting.instruction	GameCreator.Runtime.VisualScripting.Instruction	GameCreator.Runtime.VisualScripting.InstructionGameObjectAddComponent	True	Game Objects/Components/Add Component	GameCreator.Runtime.Core
visual-scripting.instruction	GameCreator.Runtime.VisualScripting.Instruction	GameCreator.Runtime.VisualScripting.InstructionGameObjectDestroy	True	Game Objects/Destroy	GameCreator.Runtime.Core
visual-scripting.instruction	GameCreator.Runtime.VisualScripting.Instruction	GameCreator.Runtime.VisualScripting.InstructionGameObjectDisableCollider	True	Game Objects/Components/Disable Collider	GameCreator.Runtime.Core
visual-scripting.instruction	GameCreator.Runtime.VisualScripting.Instruction	GameCreator.Runtime.VisualScripting.InstructionGameObjectDisableComponent	True	Game Objects/Components/Disable Component	GameCreator.Runtime.Core
visual-scripting.instruction	GameCreator.Runtime.VisualScripting.Instruction	GameCreator.Runtime.VisualScripting.InstructionGameObjectDisableRenderer	True	Game Objects/Components/Disable Renderer	GameCreator.Runtime.Core
visual-scripting.instruction	GameCreator.Runtime.VisualScripting.Instruction	GameCreator.Runtime.VisualScripting.InstructionGameObjectEnableCollider	True	Game Objects/Components/Enable Collider	GameCreator.Runtime.Core
visual-scripting.instruction	GameCreator.Runtime.VisualScripting.Instruction	GameCreator.Runtime.VisualScripting.InstructionGameObjectEnableComponent	True	Game Objects/Components/Enable Component	GameCreator.Runtime.Core
visual-scripting.instruction	GameCreator.Runtime.VisualScripting.Instruction	GameCreator.Runtime.VisualScripting.InstructionGameObjectEnableRenderer	True	Game Objects/Components/Enable Renderer	GameCreator.Runtime.Core
visual-scripting.instruction	GameCreator.Runtime.VisualScripting.Instruction	GameCreator.Runtime.VisualScripting.InstructionGameObjectInstantiate	True	Game Objects/Instantiate	GameCreator.Runtime.Core
visual-scripting.instruction	GameCreator.Runtime.VisualScripting.Instruction	GameCreator.Runtime.VisualScripting.InstructionGameObjectLayer	True	Game Objects/Change Layer	GameCreator.Runtime.Core
visual-scripting.instruction	GameCreator.Runtime.VisualScripting.Instruction	GameCreator.Runtime.VisualScripting.InstructionGameObjectName	True	Game Objects/Change Name	GameCreator.Runtime.Core
visual-scripting.instruction	GameCreator.Runtime.VisualScripting.Instruction	GameCreator.Runtime.VisualScripting.InstructionGameObjectPoolDestroy	True	Game Objects/Pooling/Pool Destroy	GameCreator.Runtime.Core
visual-scripting.instruction	GameCreator.Runtime.VisualScripting.Instruction	GameCreator.Runtime.VisualScripting.InstructionGameObjectPoolPrewarm	True	Game Objects/Pooling/Pool Prewarm	GameCreator.Runtime.Core
visual-scripting.instruction	GameCreator.Runtime.VisualScripting.Instruction	GameCreator.Runtime.VisualScripting.InstructionGameObjectRemoveComponent	True	Game Objects/Components/Remove Component	GameCreator.Runtime.Core
visual-scripting.instruction	GameCreator.Runtime.VisualScripting.Instruction	GameCreator.Runtime.VisualScripting.InstructionGameObjectSetActive	True	Game Objects/Set Active	GameCreator.Runtime.Core
visual-scripting.instruction	GameCreator.Runtime.VisualScripting.Instruction	GameCreator.Runtime.VisualScripting.InstructionGameObjectSetGameObject	True	Game Objects/Set Game Object	GameCreator.Runtime.Core
visual-scripting.instruction	GameCreator.Runtime.VisualScripting.Instruction	GameCreator.Runtime.VisualScripting.InstructionGameObjectTag	True	Game Objects/Change Tag	GameCreator.Runtime.Core
visual-scripting.instruction	GameCreator.Runtime.VisualScripting.Instruction	GameCreator.Runtime.VisualScripting.InstructionGameObjectToggleActive	True	Game Objects/Toggle Active	GameCreator.Runtime.Core
visual-scripting.instruction	GameCreator.Runtime.VisualScripting.Instruction	GameCreator.Runtime.VisualScripting.InstructionGeometryAddDirections	True	Math/Geometry/Add Directions	GameCreator.Runtime.Core
visual-scripting.instruction	GameCreator.Runtime.VisualScripting.Instruction	GameCreator.Runtime.VisualScripting.InstructionGeometryAddPoints	True	Math/Geometry/Add Points	GameCreator.Runtime.Core
visual-scripting.instruction	GameCreator.Runtime.VisualScripting.Instruction	GameCreator.Runtime.VisualScripting.InstructionGeometryClamp	True	Math/Geometry/Clamp	GameCreator.Runtime.Core
visual-scripting.instruction	GameCreator.Runtime.VisualScripting.Instruction	GameCreator.Runtime.VisualScripting.InstructionGeometryCrossProduct	True	Math/Geometry/Cross Product	GameCreator.Runtime.Core
visual-scripting.instruction	GameCreator.Runtime.VisualScripting.Instruction	GameCreator.Runtime.VisualScripting.InstructionGeometryDistance	True	Math/Geometry/Distance	GameCreator.Runtime.Core
visual-scripting.instruction	GameCreator.Runtime.VisualScripting.Instruction	GameCreator.Runtime.VisualScripting.InstructionGeometryDotProduct	True	Math/Geometry/Dot Product	GameCreator.Runtime.Core
visual-scripting.instruction	GameCreator.Runtime.VisualScripting.Instruction	GameCreator.Runtime.VisualScripting.InstructionGeometryInverseTransformDirection	True	Math/Geometry/Transform to Local Direction	GameCreator.Runtime.Core
visual-scripting.instruction	GameCreator.Runtime.VisualScripting.Instruction	GameCreator.Runtime.VisualScripting.InstructionGeometryInverseTransformPoint	True	Math/Geometry/Transform to Local Point	GameCreator.Runtime.Core
visual-scripting.instruction	GameCreator.Runtime.VisualScripting.Instruction	GameCreator.Runtime.VisualScripting.InstructionGeometryNormalize	True	Math/Geometry/Normalize	GameCreator.Runtime.Core
visual-scripting.instruction	GameCreator.Runtime.VisualScripting.Instruction	GameCreator.Runtime.VisualScripting.InstructionGeometryProjectPlane	True	Math/Geometry/Project on Plane	GameCreator.Runtime.Core
visual-scripting.instruction	GameCreator.Runtime.VisualScripting.Instruction	GameCreator.Runtime.VisualScripting.InstructionGeometryReflectPlane	True	Math/Geometry/Reflect on Plane	GameCreator.Runtime.Core
visual-scripting.instruction	GameCreator.Runtime.VisualScripting.Instruction	GameCreator.Runtime.VisualScripting.InstructionGeometryRemapCoordinates	True	Math/Geometry/Remap Coordinates	GameCreator.Runtime.Core
visual-scripting.instruction	GameCreator.Runtime.VisualScripting.Instruction	GameCreator.Runtime.VisualScripting.InstructionGeometryScaleProduct	True	Math/Geometry/Scale Product	GameCreator.Runtime.Core
visual-scripting.instruction	GameCreator.Runtime.VisualScripting.Instruction	GameCreator.Runtime.VisualScripting.InstructionGeometrySetDirection	True	Math/Geometry/Set Direction	GameCreator.Runtime.Core
visual-scripting.instruction	GameCreator.Runtime.VisualScripting.Instruction	GameCreator.Runtime.VisualScripting.InstructionGeometrySetPoint	True	Math/Geometry/Set Point	GameCreator.Runtime.Core
visual-scripting.instruction	GameCreator.Runtime.VisualScripting.Instruction	GameCreator.Runtime.VisualScripting.InstructionGeometrySetVectorX	True	Math/Geometry/Set Vector X	GameCreator.Runtime.Core
visual-scripting.instruction	GameCreator.Runtime.VisualScripting.Instruction	GameCreator.Runtime.VisualScripting.InstructionGeometrySetVectorY	True	Math/Geometry/Set Vector Y	GameCreator.Runtime.Core
visual-scripting.instruction	GameCreator.Runtime.VisualScripting.Instruction	GameCreator.Runtime.VisualScripting.InstructionGeometrySetVectorZ	True	Math/Geometry/Set Vector Z	GameCreator.Runtime.Core
visual-scripting.instruction	GameCreator.Runtime.VisualScripting.Instruction	GameCreator.Runtime.VisualScripting.InstructionGeometrySubtractDirections	True	Math/Geometry/Subtract Directions	GameCreator.Runtime.Core
visual-scripting.instruction	GameCreator.Runtime.VisualScripting.Instruction	GameCreator.Runtime.VisualScripting.InstructionGeometrySubtractPoints	True	Math/Geometry/Subtract Points	GameCreator.Runtime.Core
visual-scripting.instruction	GameCreator.Runtime.VisualScripting.Instruction	GameCreator.Runtime.VisualScripting.InstructionGeometryTransformDirection	True	Math/Geometry/Transform to World Direction	GameCreator.Runtime.Core
visual-scripting.instruction	GameCreator.Runtime.VisualScripting.Instruction	GameCreator.Runtime.VisualScripting.InstructionGeometryTransformPoint	True	Math/Geometry/Transform to World Point	GameCreator.Runtime.Core
visual-scripting.instruction	GameCreator.Runtime.VisualScripting.Instruction	GameCreator.Runtime.VisualScripting.InstructionGeometryUniformScale	True	Math/Geometry/Uniform Scale	GameCreator.Runtime.Core
visual-scripting.instruction	GameCreator.Runtime.VisualScripting.Instruction	GameCreator.Runtime.VisualScripting.InstructionInputActionAssetDisable	True	Input/Disable Input Action	GameCreator.Runtime.Core
visual-scripting.instruction	GameCreator.Runtime.VisualScripting.Instruction	GameCreator.Runtime.VisualScripting.InstructionInputActionAssetEnable	True	Input/Enable Input Action	GameCreator.Runtime.Core
visual-scripting.instruction	GameCreator.Runtime.VisualScripting.Instruction	GameCreator.Runtime.VisualScripting.InstructionInputMapAssetDisable	True	Input/Disable Input Map	GameCreator.Runtime.Core
visual-scripting.instruction	GameCreator.Runtime.VisualScripting.Instruction	GameCreator.Runtime.VisualScripting.InstructionInputMapAssetEnable	True	Input/Enable Input Map	GameCreator.Runtime.Core
visual-scripting.instruction	GameCreator.Runtime.VisualScripting.Instruction	GameCreator.Runtime.VisualScripting.InstructionInputTouchstickVisibilityLeft	True	Input/Display Touchstick Left	GameCreator.Runtime.Core
visual-scripting.instruction	GameCreator.Runtime.VisualScripting.Instruction	GameCreator.Runtime.VisualScripting.InstructionInputTouchstickVisibilityRight	True	Input/Display Touchstick Right	GameCreator.Runtime.Core
visual-scripting.instruction	GameCreator.Runtime.VisualScripting.Instruction	GameCreator.Runtime.VisualScripting.InstructionLightChangeColor	True	Lights/Light Color	GameCreator.Runtime.Core
visual-scripting.instruction	GameCreator.Runtime.VisualScripting.Instruction	GameCreator.Runtime.VisualScripting.InstructionLightChangeIntensity	True	Lights/Light Intensity	GameCreator.Runtime.Core
visual-scripting.instruction	GameCreator.Runtime.VisualScripting.Instruction	GameCreator.Runtime.VisualScripting.InstructionLogicBroadcastMessage	True	Visual Scripting/Broadcast Message	GameCreator.Runtime.Core
visual-scripting.instruction	GameCreator.Runtime.VisualScripting.Instruction	GameCreator.Runtime.VisualScripting.InstructionLogicCallMethod	True	Visual Scripting/Invoke Method	GameCreator.Runtime.Core
visual-scripting.instruction	GameCreator.Runtime.VisualScripting.Instruction	GameCreator.Runtime.VisualScripting.InstructionLogicCheckConditions	True	Visual Scripting/Check Conditions	GameCreator.Runtime.Core
visual-scripting.instruction	GameCreator.Runtime.VisualScripting.Instruction	GameCreator.Runtime.VisualScripting.InstructionLogicHotspotsActive	True	Visual Scripting/Activate Hotspots	GameCreator.Runtime.Core
visual-scripting.instruction	GameCreator.Runtime.VisualScripting.Instruction	GameCreator.Runtime.VisualScripting.InstructionLogicRaiseSignal	True	Visual Scripting/Emit Signal	GameCreator.Runtime.Core
visual-scripting.instruction	GameCreator.Runtime.VisualScripting.Instruction	GameCreator.Runtime.VisualScripting.InstructionLogicRestartInstructions	True	Visual Scripting/Restart Instructions	GameCreator.Runtime.Core
visual-scripting.instruction	GameCreator.Runtime.VisualScripting.Instruction	GameCreator.Runtime.VisualScripting.InstructionLogicRunActions	True	Visual Scripting/Run Actions	GameCreator.Runtime.Core
visual-scripting.instruction	GameCreator.Runtime.VisualScripting.Instruction	GameCreator.Runtime.VisualScripting.InstructionLogicRunConditions	True	Visual Scripting/Run Conditions	GameCreator.Runtime.Core
visual-scripting.instruction	GameCreator.Runtime.VisualScripting.Instruction	GameCreator.Runtime.VisualScripting.InstructionLogicRunTrigger	True	Visual Scripting/Run Trigger	GameCreator.Runtime.Core
visual-scripting.instruction	GameCreator.Runtime.VisualScripting.Instruction	GameCreator.Runtime.VisualScripting.InstructionLogicStopActions	True	Visual Scripting/Stop Actions	GameCreator.Runtime.Core
visual-scripting.instruction	GameCreator.Runtime.VisualScripting.Instruction	GameCreator.Runtime.VisualScripting.InstructionLogicStopConditions	True	Visual Scripting/Stop Conditions	GameCreator.Runtime.Core
visual-scripting.instruction	GameCreator.Runtime.VisualScripting.Instruction	GameCreator.Runtime.VisualScripting.InstructionLogicStopTrigger	True	Visual Scripting/Stop Trigger	GameCreator.Runtime.Core
visual-scripting.instruction	GameCreator.Runtime.VisualScripting.Instruction	GameCreator.Runtime.VisualScripting.InstructionPhysics2DAddForce	True	Physics 2D/Add Force 2D	GameCreator.Runtime.Core
visual-scripting.instruction	GameCreator.Runtime.VisualScripting.Instruction	GameCreator.Runtime.VisualScripting.InstructionPhysics2DChangeMass	True	Physics 2D/Change Mass 2D	GameCreator.Runtime.Core
visual-scripting.instruction	GameCreator.Runtime.VisualScripting.Instruction	GameCreator.Runtime.VisualScripting.InstructionPhysics2DChangeVelocity	True	Physics 2D/Change Velocity 2D	GameCreator.Runtime.Core
visual-scripting.instruction	GameCreator.Runtime.VisualScripting.Instruction	GameCreator.Runtime.VisualScripting.InstructionPhysics2DExplosion	True	Physics 2D/Add Explosion Force 2D	GameCreator.Runtime.Core
visual-scripting.instruction	GameCreator.Runtime.VisualScripting.Instruction	GameCreator.Runtime.VisualScripting.InstructionPhysics2DGravityScale	True	Physics 2D/Gravity Scale 2D	GameCreator.Runtime.Core
visual-scripting.instruction	GameCreator.Runtime.VisualScripting.Instruction	GameCreator.Runtime.VisualScripting.InstructionPhysics2DIsKinematic	True	Physics 2D/Is Kinematic 2D	GameCreator.Runtime.Core
visual-scripting.instruction	GameCreator.Runtime.VisualScripting.Instruction	GameCreator.Runtime.VisualScripting.InstructionPhysics2DOverlapBox	True	Physics 3D/Overlap Box 2D	GameCreator.Runtime.Core
visual-scripting.instruction	GameCreator.Runtime.VisualScripting.Instruction	GameCreator.Runtime.VisualScripting.InstructionPhysics2DOverlapCircle	True	Physics 3D/Overlap Circle 3D	GameCreator.Runtime.Core
visual-scripting.instruction	GameCreator.Runtime.VisualScripting.Instruction	GameCreator.Runtime.VisualScripting.InstructionPhysics2DTraceLine	True	Physics 2D/Trace Line 2D	GameCreator.Runtime.Core
visual-scripting.instruction	GameCreator.Runtime.VisualScripting.Instruction	GameCreator.Runtime.VisualScripting.InstructionPhysics3DAddForce	True	Physics 3D/Add Force 3D	GameCreator.Runtime.Core
visual-scripting.instruction	GameCreator.Runtime.VisualScripting.Instruction	GameCreator.Runtime.VisualScripting.InstructionPhysics3DChangeMass	True	Physics 3D/Change Mass 3D	GameCreator.Runtime.Core
visual-scripting.instruction	GameCreator.Runtime.VisualScripting.Instruction	GameCreator.Runtime.VisualScripting.InstructionPhysics3DChangeVelocity	True	Physics 3D/Change Velocity 3D	GameCreator.Runtime.Core
visual-scripting.instruction	GameCreator.Runtime.VisualScripting.Instruction	GameCreator.Runtime.VisualScripting.InstructionPhysics3DExplosion	True	Physics 3D/Add Explosion Force 3D	GameCreator.Runtime.Core
visual-scripting.instruction	GameCreator.Runtime.VisualScripting.Instruction	GameCreator.Runtime.VisualScripting.InstructionPhysics3DIsKinematic	True	Physics 3D/Is Kinematic 3D	GameCreator.Runtime.Core
visual-scripting.instruction	GameCreator.Runtime.VisualScripting.Instruction	GameCreator.Runtime.VisualScripting.InstructionPhysics3DOverlapBox	True	Physics 3D/Overlap Box 3D	GameCreator.Runtime.Core
visual-scripting.instruction	GameCreator.Runtime.VisualScripting.Instruction	GameCreator.Runtime.VisualScripting.InstructionPhysics3DOverlapSphere	True	Physics 3D/Overlap Sphere 3D	GameCreator.Runtime.Core
visual-scripting.instruction	GameCreator.Runtime.VisualScripting.Instruction	GameCreator.Runtime.VisualScripting.InstructionPhysics3DSetUseGravity	True	Physics 3D/Use Gravity 3D	GameCreator.Runtime.Core
visual-scripting.instruction	GameCreator.Runtime.VisualScripting.Instruction	GameCreator.Runtime.VisualScripting.InstructionPhysics3DTraceLine	True	Physics 3D/Trace Line 3D	GameCreator.Runtime.Core
visual-scripting.instruction	GameCreator.Runtime.VisualScripting.Instruction	GameCreator.Runtime.VisualScripting.InstructionRendererChangeMaterial	True	Renderer/Change Material	GameCreator.Runtime.Core
visual-scripting.instruction	GameCreator.Runtime.VisualScripting.Instruction	GameCreator.Runtime.VisualScripting.InstructionRendererChangeMaterialColor	True	Renderer/Change Material Color	GameCreator.Runtime.Core
visual-scripting.instruction	GameCreator.Runtime.VisualScripting.Instruction	GameCreator.Runtime.VisualScripting.InstructionRendererChangeMaterialFloat	True	Renderer/Change Material Float	GameCreator.Runtime.Core
visual-scripting.instruction	GameCreator.Runtime.VisualScripting.Instruction	GameCreator.Runtime.VisualScripting.InstructionRendererChangeMaterialTexture	True	Renderer/Change Material Texture	GameCreator.Runtime.Core
visual-scripting.instruction	GameCreator.Runtime.VisualScripting.Instruction	GameCreator.Runtime.VisualScripting.InstructionsCommonDebugStep	True	Debug/Frame Step	GameCreator.Runtime.Core
visual-scripting.instruction	GameCreator.Runtime.VisualScripting.Instruction	GameCreator.Runtime.VisualScripting.InstructionSetAudioClip	True	Audio/Change Audio Clip	GameCreator.Runtime.Core
visual-scripting.instruction	GameCreator.Runtime.VisualScripting.Instruction	GameCreator.Runtime.VisualScripting.InstructionSetSprite	True	Renderer/Change Sprite	GameCreator.Runtime.Core
visual-scripting.instruction	GameCreator.Runtime.VisualScripting.Instruction	GameCreator.Runtime.VisualScripting.InstructionShadingLerpColor	True	Math/Shading/Lerp Color	GameCreator.Runtime.Core
visual-scripting.instruction	GameCreator.Runtime.VisualScripting.Instruction	GameCreator.Runtime.VisualScripting.InstructionShadingLerpLight	True	Math/Shading/Lerp Lightness	GameCreator.Runtime.Core
visual-scripting.instruction	GameCreator.Runtime.VisualScripting.Instruction	GameCreator.Runtime.VisualScripting.InstructionShadingLerpSaturation	True	Math/Shading/Lerp Saturation	GameCreator.Runtime.Core
visual-scripting.instruction	GameCreator.Runtime.VisualScripting.Instruction	GameCreator.Runtime.VisualScripting.InstructionShadingSetColor	True	Math/Shading/Set Color	GameCreator.Runtime.Core
visual-scripting.instruction	GameCreator.Runtime.VisualScripting.Instruction	GameCreator.Runtime.VisualScripting.InstructionShotAnchorDistance	True	Cameras/Shots/Anchor/Change Distance	GameCreator.Runtime.Core
visual-scripting.instruction	GameCreator.Runtime.VisualScripting.Instruction	GameCreator.Runtime.VisualScripting.InstructionShotAnchorOffset	True	Cameras/Shots/Anchor/Change Offset	GameCreator.Runtime.Core
visual-scripting.instruction	GameCreator.Runtime.VisualScripting.Instruction	GameCreator.Runtime.VisualScripting.InstructionShotAnchorTarget	True	Cameras/Shots/Anchor/Change Target	GameCreator.Runtime.Core
visual-scripting.instruction	GameCreator.Runtime.VisualScripting.Instruction	GameCreator.Runtime.VisualScripting.InstructionShotAnimationDuration	True	Cameras/Shots/Animation/Change Duration	GameCreator.Runtime.Core
visual-scripting.instruction	GameCreator.Runtime.VisualScripting.Instruction	GameCreator.Runtime.VisualScripting.InstructionShotFirstPersonBone	True	Cameras/Shots/First Person/Change Bone	GameCreator.Runtime.Core
visual-scripting.instruction	GameCreator.Runtime.VisualScripting.Instruction	GameCreator.Runtime.VisualScripting.InstructionShotFirstPersonMaxPitch	True	Cameras/Shots/First Person/Change Max Pitch	GameCreator.Runtime.Core
visual-scripting.instruction	GameCreator.Runtime.VisualScripting.Instruction	GameCreator.Runtime.VisualScripting.InstructionShotFirstPersonSensitivity	True	Cameras/Shots/First Person/Change Sensitivity	GameCreator.Runtime.Core
visual-scripting.instruction	GameCreator.Runtime.VisualScripting.Instruction	GameCreator.Runtime.VisualScripting.InstructionShotFirstPersonSmoothTime	True	Cameras/Shots/First Person/Change Smooth Time	GameCreator.Runtime.Core
visual-scripting.instruction	GameCreator.Runtime.VisualScripting.Instruction	GameCreator.Runtime.VisualScripting.InstructionShotFirstPersonTarget	True	Cameras/Shots/First Person/Change Target	GameCreator.Runtime.Core
visual-scripting.instruction	GameCreator.Runtime.VisualScripting.Instruction	GameCreator.Runtime.VisualScripting.InstructionShotFollowDistance	True	Cameras/Shots/Follow/Change Distance	GameCreator.Runtime.Core
visual-scripting.instruction	GameCreator.Runtime.VisualScripting.Instruction	GameCreator.Runtime.VisualScripting.InstructionShotFollowTarget	True	Cameras/Shots/Follow/Change Target	GameCreator.Runtime.Core
visual-scripting.instruction	GameCreator.Runtime.VisualScripting.Instruction	GameCreator.Runtime.VisualScripting.InstructionShotHeadBobbingEnable	True	Cameras/Shots/Head Bobbing/Enable Head Bobbing	GameCreator.Runtime.Core
visual-scripting.instruction	GameCreator.Runtime.VisualScripting.Instruction	GameCreator.Runtime.VisualScripting.InstructionShotHeadLeaningEnable	True	Cameras/Shots/Head Leaning/Enable Head Leaning	GameCreator.Runtime.Core
visual-scripting.instruction	GameCreator.Runtime.VisualScripting.Instruction	GameCreator.Runtime.VisualScripting.InstructionShotLockOnAnchor	True	Cameras/Shots/Lock On/Change Anchor	GameCreator.Runtime.Core
visual-scripting.instruction	GameCreator.Runtime.VisualScripting.Instruction	GameCreator.Runtime.VisualScripting.InstructionShotLockOnDistance	True	Cameras/Shots/Lock On/Change Distance	GameCreator.Runtime.Core
visual-scripting.instruction	GameCreator.Runtime.VisualScripting.Instruction	GameCreator.Runtime.VisualScripting.InstructionShotLockOnOffset	True	Cameras/Shots/Lock On/Change Offset	GameCreator.Runtime.Core
visual-scripting.instruction	GameCreator.Runtime.VisualScripting.Instruction	GameCreator.Runtime.VisualScripting.InstructionShotLookEnable	True	Cameras/Shots/Look/Enable Look	GameCreator.Runtime.Core
visual-scripting.instruction	GameCreator.Runtime.VisualScripting.Instruction	GameCreator.Runtime.VisualScripting.InstructionShotLookOffset	True	Cameras/Shots/Look/Change Offset	GameCreator.Runtime.Core
visual-scripting.instruction	GameCreator.Runtime.VisualScripting.Instruction	GameCreator.Runtime.VisualScripting.InstructionShotLookTarget	True	Cameras/Shots/Look/Change Target	GameCreator.Runtime.Core
visual-scripting.instruction	GameCreator.Runtime.VisualScripting.Instruction	GameCreator.Runtime.VisualScripting.InstructionShotSetMain	True	Cameras/Set Main Shot	GameCreator.Runtime.Core
visual-scripting.instruction	GameCreator.Runtime.VisualScripting.Instruction	GameCreator.Runtime.VisualScripting.InstructionShotThirdPersonAlignment	True	Cameras/Shots/Third Person/Change Alignment	GameCreator.Runtime.Core
visual-scripting.instruction	GameCreator.Runtime.VisualScripting.Instruction	GameCreator.Runtime.VisualScripting.InstructionShotThirdPersonChangeAim	True	Cameras/Shots/Third Person/Change Aim	GameCreator.Runtime.Core
visual-scripting.instruction	GameCreator.Runtime.VisualScripting.Instruction	GameCreator.Runtime.VisualScripting.InstructionShotThirdPersonMaxPitch	True	Cameras/Shots/Third Person/Change Max Pitch	GameCreator.Runtime.Core
visual-scripting.instruction	GameCreator.Runtime.VisualScripting.Instruction	GameCreator.Runtime.VisualScripting.InstructionShotThirdPersonSensitivity	True	Cameras/Shots/Third Person/Change Sensitivity	GameCreator.Runtime.Core
visual-scripting.instruction	GameCreator.Runtime.VisualScripting.Instruction	GameCreator.Runtime.VisualScripting.InstructionShotZoomMinDistance	True	Cameras/Shots/Zoom/Change Min Distance	GameCreator.Runtime.Core
visual-scripting.instruction	GameCreator.Runtime.VisualScripting.Instruction	GameCreator.Runtime.VisualScripting.InstructionShotZoomSmoothTime	True	Cameras/Shots/Zoom/Change Smooth Time	GameCreator.Runtime.Core
visual-scripting.instruction	GameCreator.Runtime.VisualScripting.Instruction	GameCreator.Runtime.VisualScripting.InstructionShotZoomValue	True	Cameras/Shots/Zoom/Change Level Zoom	GameCreator.Runtime.Core
visual-scripting.instruction	GameCreator.Runtime.VisualScripting.Instruction	GameCreator.Runtime.VisualScripting.InstructionTester	True	Testing/Instruction Tester	GameCreator.Runtime.Core
visual-scripting.instruction	GameCreator.Runtime.VisualScripting.Instruction	GameCreator.Runtime.VisualScripting.InstructionTextJoin	True	Math/Text/Join	GameCreator.Runtime.Core
visual-scripting.instruction	GameCreator.Runtime.VisualScripting.Instruction	GameCreator.Runtime.VisualScripting.InstructionTextReplace	True	Math/Text/Replace	GameCreator.Runtime.Core
visual-scripting.instruction	GameCreator.Runtime.VisualScripting.Instruction	GameCreator.Runtime.VisualScripting.InstructionTextSetString	True	Math/Text/Set Text	GameCreator.Runtime.Core
visual-scripting.instruction	GameCreator.Runtime.VisualScripting.Instruction	GameCreator.Runtime.VisualScripting.InstructionTextSubstring	True	Math/Text/Substring	GameCreator.Runtime.Core
visual-scripting.instruction	GameCreator.Runtime.VisualScripting.Instruction	GameCreator.Runtime.VisualScripting.InstructionTransformChangePosition	True	Transforms/Change Position	GameCreator.Runtime.Core
visual-scripting.instruction	GameCreator.Runtime.VisualScripting.Instruction	GameCreator.Runtime.VisualScripting.InstructionTransformChangeRotation	True	Transforms/Change Rotation	GameCreator.Runtime.Core
visual-scripting.instruction	GameCreator.Runtime.VisualScripting.Instruction	GameCreator.Runtime.VisualScripting.InstructionTransformChangeScale	True	Transforms/Change Scale	GameCreator.Runtime.Core
visual-scripting.instruction	GameCreator.Runtime.VisualScripting.Instruction	GameCreator.Runtime.VisualScripting.InstructionTransformClearParent	True	Transforms/Clear Parent	GameCreator.Runtime.Core
visual-scripting.instruction	GameCreator.Runtime.VisualScripting.Instruction	GameCreator.Runtime.VisualScripting.InstructionTransformLookAt	True	Transforms/Look At	GameCreator.Runtime.Core
visual-scripting.instruction	GameCreator.Runtime.VisualScripting.Instruction	GameCreator.Runtime.VisualScripting.InstructionTransformSetParent	True	Transforms/Set Parent	GameCreator.Runtime.Core
visual-scripting.instruction	GameCreator.Runtime.VisualScripting.Instruction	GameCreator.Runtime.VisualScripting.InstructionUICanvasGroupAlpha	True	UI/Canvas Group Alpha	GameCreator.Runtime.Core
visual-scripting.instruction	GameCreator.Runtime.VisualScripting.Instruction	GameCreator.Runtime.VisualScripting.InstructionUICanvasGroupBlockRaycasts	True	UI/Canvas Group Block Raycasts	GameCreator.Runtime.Core
visual-scripting.instruction	GameCreator.Runtime.VisualScripting.Instruction	GameCreator.Runtime.VisualScripting.InstructionUICanvasGroupInteractable	True	UI/Canvas Group Interactable	GameCreator.Runtime.Core
visual-scripting.instruction	GameCreator.Runtime.VisualScripting.Instruction	GameCreator.Runtime.VisualScripting.InstructionUIChangeDropdown	True	UI/Change Dropdown	GameCreator.Runtime.Core
visual-scripting.instruction	GameCreator.Runtime.VisualScripting.Instruction	GameCreator.Runtime.VisualScripting.InstructionUIChangeGraphicColor	True	UI/Change Graphic Color	GameCreator.Runtime.Core
visual-scripting.instruction	GameCreator.Runtime.VisualScripting.Instruction	GameCreator.Runtime.VisualScripting.InstructionUIChangeImage	True	UI/Change Image	GameCreator.Runtime.Core
visual-scripting.instruction	GameCreator.Runtime.VisualScripting.Instruction	GameCreator.Runtime.VisualScripting.InstructionUIChangeInputField	True	UI/Change Input Field	GameCreator.Runtime.Core
visual-scripting.instruction	GameCreator.Runtime.VisualScripting.Instruction	GameCreator.Runtime.VisualScripting.InstructionUIChangeRectHeight	True	UI/Change Height	GameCreator.Runtime.Core
visual-scripting.instruction	GameCreator.Runtime.VisualScripting.Instruction	GameCreator.Runtime.VisualScripting.InstructionUIChangeRectWidth	True	UI/Change Width	GameCreator.Runtime.Core
visual-scripting.instruction	GameCreator.Runtime.VisualScripting.Instruction	GameCreator.Runtime.VisualScripting.InstructionUIChangeSlider	True	UI/Change Slider	GameCreator.Runtime.Core
visual-scripting.instruction	GameCreator.Runtime.VisualScripting.Instruction	GameCreator.Runtime.VisualScripting.InstructionUIChangeText	True	UI/Change Text	GameCreator.Runtime.Core
visual-scripting.instruction	GameCreator.Runtime.VisualScripting.Instruction	GameCreator.Runtime.VisualScripting.InstructionUIChangeTextSize	True	UI/Change Font Size	GameCreator.Runtime.Core
visual-scripting.instruction	GameCreator.Runtime.VisualScripting.Instruction	GameCreator.Runtime.VisualScripting.InstructionUIChangeToggle	True	UI/Change Toggle	GameCreator.Runtime.Core
visual-scripting.instruction	GameCreator.Runtime.VisualScripting.Instruction	GameCreator.Runtime.VisualScripting.InstructionUIFocus	True	UI/Focus On	GameCreator.Runtime.Core
visual-scripting.instruction	GameCreator.Runtime.VisualScripting.Instruction	GameCreator.Runtime.VisualScripting.InstructionUISubmit	True	UI/Submit	GameCreator.Runtime.Core
visual-scripting.instruction	GameCreator.Runtime.VisualScripting.Instruction	GameCreator.Runtime.VisualScripting.InstructionUIUnfocus	True	UI/Unfocus	GameCreator.Runtime.Core
visual-scripting.instruction	GameCreator.Runtime.VisualScripting.Instruction	GameCreator.Runtime.VisualScripting.InstructionVariablesChangeId	True	Variables/Change ID	GameCreator.Runtime.Core
visual-scripting.instruction	GameCreator.Runtime.VisualScripting.Instruction	GameCreator.Runtime.VisualScripting.InstructionVariablesClear	True	Variables/Clear List	GameCreator.Runtime.Core
visual-scripting.instruction	GameCreator.Runtime.VisualScripting.Instruction	GameCreator.Runtime.VisualScripting.InstructionVariablesCollectCharacters	True	Variables/Collect Characters	GameCreator.Runtime.Core
visual-scripting.instruction	GameCreator.Runtime.VisualScripting.Instruction	GameCreator.Runtime.VisualScripting.InstructionVariablesCollectMarkers	True	Variables/Collect Markers	GameCreator.Runtime.Core
visual-scripting.instruction	GameCreator.Runtime.VisualScripting.Instruction	GameCreator.Runtime.VisualScripting.InstructionVariablesFilter	True	Variables/Filter List	GameCreator.Runtime.Core
visual-scripting.instruction	GameCreator.Runtime.VisualScripting.Instruction	GameCreator.Runtime.VisualScripting.InstructionVariablesIteratorNext	True	Variables/Iterator Next	GameCreator.Runtime.Core
visual-scripting.instruction	GameCreator.Runtime.VisualScripting.Instruction	GameCreator.Runtime.VisualScripting.InstructionVariablesIteratorPrevious	True	Variables/Iterator Previous	GameCreator.Runtime.Core
visual-scripting.instruction	GameCreator.Runtime.VisualScripting.Instruction	GameCreator.Runtime.VisualScripting.InstructionVariablesIteratorRandom	True	Variables/Iterator Random	GameCreator.Runtime.Core
visual-scripting.instruction	GameCreator.Runtime.VisualScripting.Instruction	GameCreator.Runtime.VisualScripting.InstructionVariablesLoop	True	Variables/Loop List	GameCreator.Runtime.Core
visual-scripting.instruction	GameCreator.Runtime.VisualScripting.Instruction	GameCreator.Runtime.VisualScripting.InstructionVariablesMove	True	Variables/Move List	GameCreator.Runtime.Core
visual-scripting.instruction	GameCreator.Runtime.VisualScripting.Instruction	GameCreator.Runtime.VisualScripting.InstructionVariablesRemove	True	Variables/Remove from List	GameCreator.Runtime.Core
visual-scripting.instruction	GameCreator.Runtime.VisualScripting.Instruction	GameCreator.Runtime.VisualScripting.InstructionVariablesReverse	True	Variables/Reverse List	GameCreator.Runtime.Core
visual-scripting.instruction	GameCreator.Runtime.VisualScripting.Instruction	GameCreator.Runtime.VisualScripting.InstructionVariablesShuffle	True	Variables/Shuffle List	GameCreator.Runtime.Core
visual-scripting.instruction	GameCreator.Runtime.VisualScripting.Instruction	GameCreator.Runtime.VisualScripting.InstructionVariablesSortAlphabetically	True	Variables/Sort List Alphabetically	GameCreator.Runtime.Core
visual-scripting.instruction	GameCreator.Runtime.VisualScripting.Instruction	GameCreator.Runtime.VisualScripting.InstructionVariablesSortDistance	True	Variables/Sort List by Distance	GameCreator.Runtime.Core
visual-scripting.instruction	GameCreator.Runtime.VisualScripting.Instruction	GameCreator.Runtime.VisualScripting.InstructionVariablesSwap	True	Variables/Swap List	GameCreator.Runtime.Core
