# CITY-04 generated projection: land_visual
v -20.000000 -1.798504 -60.000000
v -20.000000 -1.697986 -56.000000
v -16.000000 -1.637242 -56.000000
f 1 2 3
v -16.000000 -1.637242 -56.000000
v -16.000000 -1.760308 -60.888889
v -20.000000 -1.798504 -60.000000
f 4 5 6
v -20.000000 -1.496486 -48.000000
v -16.000000 -1.435190 -48.000000
v -16.000000 -1.637242 -56.000000
f 7 8 9
v -16.000000 -1.637242 -56.000000
v -20.000000 -1.697986 -56.000000
v -20.000000 -1.496486 -48.000000
f 10 11 12
v -20.000000 -1.294175 -40.000000
v -16.000000 -1.232026 -40.000000
v -16.000000 -1.435190 -48.000000
f 13 14 15
v -16.000000 -1.435190 -48.000000
v -20.000000 -1.496486 -48.000000
v -20.000000 -1.294175 -40.000000
f 16 17 18
v -20.000000 -1.090826 -32.000000
v -16.000000 -1.027442 -32.000000
v -16.000000 -1.232026 -40.000000
f 19 20 21
v -16.000000 -1.232026 -40.000000
v -20.000000 -1.294175 -40.000000
v -20.000000 -1.090826 -32.000000
f 22 23 24
v -20.000000 -1.090826 -32.000000
v -16.000000 -0.852251 -25.200000
v -16.000000 -1.027442 -32.000000
f 25 26 27
v -16.000000 -0.852251 -25.200000
v -20.000000 -1.090826 -32.000000
v -20.000000 -0.886271 -24.000000
f 28 29 30
v -20.000000 -0.473624 -8.000000
v -16.000000 -0.403894 -8.000000
v -16.000000 -0.414390 -8.400000
f 31 32 33
v -16.000000 -0.309342 -4.400000
v -16.000000 -0.403894 -8.000000
v -20.000000 -0.473624 -8.000000
f 34 35 36
v -16.000000 -0.028439 6.285714
v -20.000000 -0.058697 8.000000
v -16.000000 0.016542 8.000000
f 37 38 39
v -20.000000 -0.058697 8.000000
v -16.000000 -0.028439 6.285714
v -20.000000 -0.162363 4.000000
f 40 41 42
v -20.000000 0.147872 16.000000
v -16.000000 0.225537 16.000000
v -16.000000 0.016542 8.000000
f 43 44 45
v -16.000000 0.016542 8.000000
v -20.000000 -0.058697 8.000000
v -20.000000 0.147872 16.000000
f 46 47 48
v -20.000000 0.352724 24.000000
v -16.000000 0.432181 24.000000
v -16.000000 0.225537 16.000000
f 49 50 51
v -16.000000 0.225537 16.000000
v -20.000000 0.147872 16.000000
v -20.000000 0.352724 24.000000
f 52 53 54
v -20.000000 0.555177 32.000000
v -16.000000 0.635544 32.000000
v -16.000000 0.432181 24.000000
f 55 56 57
v -16.000000 0.432181 24.000000
v -20.000000 0.352724 24.000000
v -20.000000 0.555177 32.000000
f 58 59 60
v -20.000000 0.754873 40.000000
v -16.000000 0.835132 40.000000
v -16.000000 0.635544 32.000000
f 61 62 63
v -16.000000 0.635544 32.000000
v -20.000000 0.555177 32.000000
v -20.000000 0.754873 40.000000
f 64 65 66
v -20.000000 0.951859 48.000000
v -16.000000 1.031012 48.000000
v -16.000000 0.835132 40.000000
f 67 68 69
v -16.000000 0.835132 40.000000
v -20.000000 0.754873 40.000000
v -20.000000 0.951859 48.000000
f 70 71 72
v -20.000000 1.122340 55.000000
v -16.000000 1.223788 56.000000
v -16.000000 1.031012 48.000000
f 73 74 75
v -16.000000 1.031012 48.000000
v -20.000000 0.951859 48.000000
v -20.000000 1.122340 55.000000
f 76 77 78
v -16.000000 1.223788 56.000000
v -20.000000 1.122340 55.000000
v -18.831169 1.168661 56.000000
f 79 80 81
v -16.000000 1.281689 58.422222
v -16.000000 1.223788 56.000000
v -18.831169 1.168661 56.000000
f 82 83 84
v -16.000000 -1.760308 -60.888889
v -16.000000 -1.637242 -56.000000
v -8.000000 -1.515026 -56.000000
f 85 86 87
v -8.000000 -1.515026 -56.000000
v -8.000000 -1.683658 -62.666667
v -16.000000 -1.760308 -60.888889
f 88 89 90
v -16.000000 -1.637242 -56.000000
v -16.000000 -1.435190 -48.000000
v -8.000000 -1.311323 -48.000000
f 91 92 93
v -8.000000 -1.311323 -48.000000
v -8.000000 -1.515026 -56.000000
v -16.000000 -1.637242 -56.000000
f 94 95 96
v -16.000000 -1.435190 -48.000000
v -16.000000 -1.232026 -40.000000
v -8.000000 -1.105619 -40.000000
f 97 98 99
v -8.000000 -1.105619 -40.000000
v -8.000000 -1.311323 -48.000000
v -16.000000 -1.435190 -48.000000
f 100 101 102
v -16.000000 -1.232026 -40.000000
v -16.000000 -1.027442 -32.000000
v -8.000000 -0.897350 -32.000000
f 103 104 105
v -8.000000 -0.897350 -32.000000
v -8.000000 -1.105619 -40.000000
v -16.000000 -1.232026 -40.000000
f 106 107 108
v -8.000000 -0.781548 -27.600000
v -8.000000 -0.897350 -32.000000
v -16.000000 -1.027442 -32.000000
f 109 110 111
v -16.000000 -1.027442 -32.000000
v -16.000000 -0.852251 -25.200000
v -8.000000 -0.781548 -27.600000
f 112 113 114
v -16.000000 -0.414390 -8.400000
v -16.000000 -0.403894 -8.000000
v -8.000000 -0.254878 -8.000000
f 115 116 117
v -8.000000 -0.254878 -8.000000
v -8.000000 -0.287549 -9.200000
v -16.000000 -0.414390 -8.400000
f 118 119 120
v -11.111111 -0.099795 0.000000
v -8.000000 -0.036395 0.000000
v -8.000000 -0.254878 -8.000000
f 121 122 123
v -8.000000 -0.254878 -8.000000
v -16.000000 -0.403894 -8.000000
v -16.000000 -0.309342 -4.400000
f 124 125 126
v -16.000000 -0.309342 -4.400000
v -11.111111 -0.099795 0.000000
v -8.000000 -0.254878 -8.000000
f 127 128 129
v -8.000000 0.040150 2.800000
v -8.000000 -0.036395 0.000000
v -11.111111 -0.099795 0.000000
f 130 131 132
v -16.000000 -0.028439 6.285714
v -16.000000 0.016542 8.000000
v -13.000000 0.075963 8.000000
f 133 134 135
v -13.000000 0.075963 8.000000
v -16.000000 0.016542 8.000000
v -16.000000 0.225537 16.000000
f 136 137 138
v -16.000000 0.225537 16.000000
v -8.000000 0.398222 16.000000
v -8.000000 0.259574 10.857143
f 139 140 141
v -8.000000 0.259574 10.857143
v -13.000000 0.075963 8.000000
v -16.000000 0.225537 16.000000
f 142 143 144
v -16.000000 0.225537 16.000000
v -16.000000 0.432181 24.000000
v -8.000000 0.610220 24.000000
f 145 146 147
v -8.000000 0.610220 24.000000
v -8.000000 0.398222 16.000000
v -16.000000 0.225537 16.000000
f 148 149 150
v -16.000000 0.432181 24.000000
v -16.000000 0.635544 32.000000
v -8.000000 0.816302 32.000000
f 151 152 153
v -8.000000 0.816302 32.000000
v -8.000000 0.610220 24.000000
v -16.000000 0.432181 24.000000
f 154 155 156
v -16.000000 0.635544 32.000000
v -16.000000 0.835132 40.000000
v -8.000000 1.015580 40.000000
f 157 158 159
v -8.000000 1.015580 40.000000
v -8.000000 0.816302 32.000000
v -16.000000 0.635544 32.000000
f 160 161 162
v -16.000000 0.835132 40.000000
v -16.000000 1.031012 48.000000
v -8.000000 1.208169 48.000000
f 163 164 165
v -8.000000 1.208169 48.000000
v -8.000000 1.015580 40.000000
v -16.000000 0.835132 40.000000
f 166 167 168
v -16.000000 1.031012 48.000000
v -16.000000 1.223788 56.000000
v -8.000000 1.395160 56.000000
f 169 170 171
v -8.000000 1.395160 56.000000
v -8.000000 1.208169 48.000000
v -16.000000 1.031012 48.000000
f 172 173 174
v -9.480519 1.546292 64.000000
v -8.000000 1.578354 64.000000
v -8.000000 1.395160 56.000000
f 175 176 177
v -8.000000 1.395160 56.000000
v -16.000000 1.223788 56.000000
v -16.000000 1.281689 58.422222
f 178 179 180
v -16.000000 1.281689 58.422222
v -9.480519 1.546292 64.000000
v -8.000000 1.395160 56.000000
f 181 182 183
v -8.000000 1.607150 65.266667
v -8.000000 1.578354 64.000000
v -9.480519 1.546292 64.000000
f 184 185 186
v -2.000000 -1.625921 -64.000000
v 0.000000 -1.595354 -64.000000
v 0.000000 -1.606626 -64.444444
f 187 188 189
v -2.000000 -1.625921 -64.000000
v -8.000000 -1.515026 -56.000000
v 0.000000 -1.391473 -56.000000
f 190 191 192
v 0.000000 -1.391473 -56.000000
v 0.000000 -1.595354 -64.000000
v -2.000000 -1.625921 -64.000000
f 193 194 195
v -8.000000 -1.515026 -56.000000
v -2.000000 -1.625921 -64.000000
v -8.000000 -1.683658 -62.666667
f 196 197 198
v -8.000000 -1.515026 -56.000000
v -8.000000 -1.311323 -48.000000
v 0.000000 -1.185127 -48.000000
f 199 200 201
v 0.000000 -1.185127 -48.000000
v 0.000000 -1.391473 -56.000000
v -8.000000 -1.515026 -56.000000
f 202 203 204
v -8.000000 -1.311323 -48.000000
v -8.000000 -1.105619 -40.000000
v 0.000000 -0.975349 -40.000000
f 205 206 207
v 0.000000 -0.975349 -40.000000
v 0.000000 -1.185127 -48.000000
v -8.000000 -1.311323 -48.000000
f 208 209 210
v -8.000000 -1.105619 -40.000000
v -8.000000 -0.897350 -32.000000
v 0.000000 -0.761177 -32.000000
f 211 212 213
v 0.000000 -0.761177 -32.000000
v 0.000000 -0.975349 -40.000000
v -8.000000 -1.105619 -40.000000
f 214 215 216
v 0.000000 -0.706854 -30.000000
v 0.000000 -0.761177 -32.000000
v -8.000000 -0.897350 -32.000000
f 217 218 219
v -8.000000 -0.897350 -32.000000
v -8.000000 -0.781548 -27.600000
v 0.000000 -0.706854 -30.000000
f 220 221 222
v -8.000000 -0.287549 -9.200000
v -8.000000 -0.254878 -8.000000
v 0.000000 -0.088376 -8.000000
f 223 224 225
v 0.000000 -0.088376 -8.000000
v 0.000000 -0.145969 -10.000000
v -8.000000 -0.287549 -9.200000
f 226 227 228
v -8.000000 -0.254878 -8.000000
v -8.000000 -0.036395 0.000000
v 0.000000 0.143312 0.000000
f 229 230 231
v 0.000000 0.143312 0.000000
v 0.000000 -0.088376 -8.000000
v -8.000000 -0.254878 -8.000000
f 232 233 234
v -2.222222 0.317962 8.000000
v 0.000000 0.374837 8.000000
v 0.000000 0.143312 0.000000
f 235 236 237
v 0.000000 0.143312 0.000000
v -8.000000 -0.036395 0.000000
v -8.000000 0.040150 2.800000
f 238 239 240
v -8.000000 0.040150 2.800000
v -2.222222 0.317962 8.000000
v 0.000000 0.143312 0.000000
f 241 242 243
v 0.000000 0.432287 10.000000
v 0.000000 0.374837 8.000000
v -2.222222 0.317962 8.000000
f 244 245 246
v 0.000000 0.586608 15.428571
v -8.000000 0.398222 16.000000
v 0.000000 0.602682 16.000000
f 247 248 249
v -8.000000 0.398222 16.000000
v 0.000000 0.586608 15.428571
v -8.000000 0.259574 10.857143
f 250 251 252
v -8.000000 0.398222 16.000000
v -8.000000 0.610220 24.000000
v 0.000000 0.823278 24.000000
f 253 254 255
v 0.000000 0.823278 24.000000
v 0.000000 0.602682 16.000000
v -8.000000 0.398222 16.000000
f 256 257 258
v -8.000000 0.610220 24.000000
v -8.000000 0.816302 32.000000
v 0.000000 1.033743 32.000000
f 259 260 261
v 0.000000 1.033743 32.000000
v 0.000000 0.823278 24.000000
v -8.000000 0.610220 24.000000
f 262 263 264
v -8.000000 0.816302 32.000000
v -8.000000 1.015580 40.000000
v 0.000000 1.232551 40.000000
f 265 266 267
v 0.000000 1.232551 40.000000
v 0.000000 1.033743 32.000000
v -8.000000 0.816302 32.000000
f 268 269 270
v -8.000000 1.015580 40.000000
v -8.000000 1.208169 48.000000
v 0.000000 1.419894 48.000000
f 271 272 273
v 0.000000 1.419894 48.000000
v 0.000000 1.232551 40.000000
v -8.000000 1.015580 40.000000
f 274 275 276
v -8.000000 1.208169 48.000000
v -8.000000 1.395160 56.000000
v 0.000000 1.597635 56.000000
f 277 278 279
v 0.000000 1.597635 56.000000
v 0.000000 1.419894 48.000000
v -8.000000 1.208169 48.000000
f 280 281 282
v -8.000000 1.395160 56.000000
v -8.000000 1.578354 64.000000
v 0.000000 1.768861 64.000000
f 283 284 285
v 0.000000 1.768861 64.000000
v 0.000000 1.597635 56.000000
v -8.000000 1.395160 56.000000
f 286 287 288
v -0.129870 1.934085 72.000000
v 0.000000 1.937178 72.000000
v 0.000000 1.768861 64.000000
f 289 290 291
v 0.000000 1.768861 64.000000
v -8.000000 1.578354 64.000000
v -8.000000 1.607150 65.266667
f 292 293 294
v -8.000000 1.607150 65.266667
v -0.129870 1.934085 72.000000
v 0.000000 1.768861 64.000000
f 295 296 297
v 0.000000 1.939512 72.111111
v 0.000000 1.937178 72.000000
v -0.129870 1.934085 72.000000
f 298 299 300
v 0.000000 -1.606626 -64.444444
v 0.000000 -1.595354 -64.000000
v 8.000000 -1.472429 -64.000000
f 301 302 303
v 8.000000 -1.472429 -64.000000
v 8.000000 -1.529218 -66.222222
v 0.000000 -1.606626 -64.444444
f 304 305 306
v 0.000000 -1.595354 -64.000000
v 0.000000 -1.391473 -56.000000
v 8.000000 -1.266106 -56.000000
f 307 308 309
v 8.000000 -1.266106 -56.000000
v 8.000000 -1.472429 -64.000000
v 0.000000 -1.595354 -64.000000
f 310 311 312
v 0.000000 -1.391473 -56.000000
v 0.000000 -1.185127 -48.000000
v 8.000000 -1.055767 -48.000000
f 313 314 315
v 8.000000 -1.055767 -48.000000
v 8.000000 -1.266106 -56.000000
v 0.000000 -1.391473 -56.000000
f 316 317 318
v 0.000000 -1.185127 -48.000000
v 0.000000 -0.975349 -40.000000
v 8.000000 -0.839839 -40.000000
f 319 320 321
v 8.000000 -0.839839 -40.000000
v 8.000000 -1.055767 -48.000000
v 0.000000 -1.185127 -48.000000
f 322 323 324
v 8.000000 -0.706935 -35.200000
v 8.000000 -0.839839 -40.000000
v 0.000000 -0.975349 -40.000000
f 325 326 327
v 0.000000 -0.975349 -40.000000
v 0.000000 -0.761177 -32.000000
v 3.076923 -0.706724 -32.000000
f 328 329 330
v 3.076923 -0.706724 -32.000000
v 8.000000 -0.706935 -35.200000
v 0.000000 -0.975349 -40.000000
f 331 332 333
v 3.076923 -0.706724 -32.000000
v 0.000000 -0.761177 -32.000000
v 0.000000 -0.706854 -30.000000
f 334 335 336
v 0.000000 -0.145969 -10.000000
v 0.000000 -0.088376 -8.000000
v 8.000000 0.101851 -8.000000
f 337 338 339
v 8.000000 0.101851 -8.000000
v 8.000000 -0.133208 -15.600000
v 0.000000 -0.145969 -10.000000
f 340 341 342
v 0.000000 -0.088376 -8.000000
v 0.000000 0.143312 0.000000
v 8.000000 0.353488 0.000000
f 343 344 345
v 8.000000 0.353488 0.000000
v 8.000000 0.101851 -8.000000
v 0.000000 -0.088376 -8.000000
f 346 347 348
v 0.000000 0.143312 0.000000
v 0.000000 0.374837 8.000000
v 8.000000 0.604873 8.000000
f 349 350 351
v 8.000000 0.604873 8.000000
v 8.000000 0.353488 0.000000
v 0.000000 0.143312 0.000000
f 352 353 354
v 6.666667 0.805541 16.000000
v 8.000000 0.850283 16.000000
v 8.000000 0.604873 8.000000
f 355 356 357
v 8.000000 0.604873 8.000000
v 0.000000 0.374837 8.000000
v 0.000000 0.432287 10.000000
f 358 359 360
v 0.000000 0.432287 10.000000
v 6.666667 0.805541 16.000000
v 8.000000 0.604873 8.000000
f 361 362 363
v 0.000000 0.586608 15.428571
v 0.000000 0.602682 16.000000
v 1.000000 0.631038 16.000000
f 364 365 366
v 8.000000 0.886210 17.200000
v 8.000000 0.850283 16.000000
v 6.666667 0.805541 16.000000
f 367 368 369
v 1.000000 0.631038 16.000000
v 0.000000 0.602682 16.000000
v 0.000000 0.823278 24.000000
f 370 371 372
v 0.000000 0.823278 24.000000
v 8.000000 1.083900 24.000000
v 8.000000 0.968899 20.000000
f 373 374 375
v 8.000000 0.968899 20.000000
v 1.000000 0.631038 16.000000
v 0.000000 0.823278 24.000000
f 376 377 378
v 0.000000 0.823278 24.000000
v 0.000000 1.033743 32.000000
v 8.000000 1.301031 32.000000
f 379 380 381
v 8.000000 1.301031 32.000000
v 8.000000 1.083900 24.000000
v 0.000000 0.823278 24.000000
f 382 383 384
v 0.000000 1.033743 32.000000
v 0.000000 1.232551 40.000000
v 8.000000 1.499182 40.000000
f 385 386 387
v 8.000000 1.499182 40.000000
v 8.000000 1.301031 32.000000
v 0.000000 1.033743 32.000000
f 388 389 390
v 0.000000 1.232551 40.000000
v 0.000000 1.419894 48.000000
v 8.000000 1.678659 48.000000
f 391 392 393
v 8.000000 1.678659 48.000000
v 8.000000 1.499182 40.000000
v 0.000000 1.232551 40.000000
f 394 395 396
v 0.000000 1.419894 48.000000
v 0.000000 1.597635 56.000000
v 8.000000 1.842486 56.000000
f 397 398 399
v 8.000000 1.842486 56.000000
v 8.000000 1.678659 48.000000
v 0.000000 1.419894 48.000000
f 400 401 402
v 0.000000 1.597635 56.000000
v 0.000000 1.768861 64.000000
v 8.000000 1.995676 64.000000
f 403 404 405
v 8.000000 1.995676 64.000000
v 8.000000 1.842486 56.000000
v 0.000000 1.597635 56.000000
f 406 407 408
v 0.000000 1.768861 64.000000
v 0.000000 1.937178 72.000000
v 8.000000 2.144099 72.000000
f 409 410 411
v 8.000000 2.144099 72.000000
v 8.000000 1.995676 64.000000
v 0.000000 1.768861 64.000000
f 412 413 414
v 0.000000 1.939512 72.111111
v 8.000000 2.144099 72.000000
v 0.000000 1.937178 72.000000
f 415 416 417
v 8.000000 2.144099 72.000000
v 0.000000 1.939512 72.111111
v 8.000000 2.273594 78.955556
f 418 419 420
v 8.000000 -1.529218 -66.222222
v 8.000000 -1.472429 -64.000000
v 16.000000 -1.348271 -64.000000
f 421 422 423
v 16.000000 -1.348271 -64.000000
v 16.000000 -1.451506 -68.000000
v 8.000000 -1.529218 -66.222222
f 424 425 426
v 8.000000 -1.472429 -64.000000
v 8.000000 -1.266106 -56.000000
v 16.000000 -1.138478 -56.000000
f 427 428 429
v 16.000000 -1.138478 -56.000000
v 16.000000 -1.348271 -64.000000
v 8.000000 -1.472429 -64.000000
f 430 431 432
v 8.000000 -1.266106 -56.000000
v 8.000000 -1.055767 -48.000000
v 16.000000 -0.922469 -48.000000
f 433 434 435
v 16.000000 -0.922469 -48.000000
v 16.000000 -1.138478 -56.000000
v 8.000000 -1.266106 -56.000000
f 436 437 438
v 15.384615 -0.708985 -40.000000
v 16.000000 -0.922469 -48.000000
v 8.000000 -1.055767 -48.000000
f 439 440 441
v 8.000000 -1.055767 -48.000000
v 8.000000 -0.839839 -40.000000
v 15.384615 -0.708985 -40.000000
f 442 443 444
v 16.000000 -0.922469 -48.000000
v 15.384615 -0.708985 -40.000000
v 16.000000 -0.709283 -40.400000
f 445 446 447
v 15.384615 -0.708985 -40.000000
v 8.000000 -0.839839 -40.000000
v 8.000000 -0.706935 -35.200000
f 448 449 450
v 8.571429 -0.132339 -16.000000
v 16.000000 0.048411 -16.000000
v 16.000000 -0.123252 -21.200000
f 451 452 453
v 8.571429 -0.132339 -16.000000
v 8.000000 0.101851 -8.000000
v 16.000000 0.321615 -8.000000
f 454 455 456
v 16.000000 0.321615 -8.000000
v 16.000000 0.048411 -16.000000
v 8.571429 -0.132339 -16.000000
f 457 458 459
v 8.000000 0.101851 -8.000000
v 8.571429 -0.132339 -16.000000
v 8.000000 -0.133208 -15.600000
f 460 461 462
v 8.000000 0.101851 -8.000000
v 8.000000 0.353488 0.000000
v 16.000000 0.601607 0.000000
f 463 464 465
v 16.000000 0.601607 0.000000
v 16.000000 0.321615 -8.000000
v 8.000000 0.101851 -8.000000
f 466 467 468
v 8.000000 0.353488 0.000000
v 8.000000 0.604873 8.000000
v 16.000000 0.881236 8.000000
f 469 470 471
v 16.000000 0.881236 8.000000
v 16.000000 0.601607 0.000000
v 8.000000 0.353488 0.000000
f 472 473 474
v 8.000000 0.604873 8.000000
v 8.000000 0.850283 16.000000
v 16.000000 1.151646 16.000000
f 475 476 477
v 16.000000 1.151646 16.000000
v 16.000000 0.881236 8.000000
v 8.000000 0.604873 8.000000
f 478 479 480
v 15.555556 1.384346 24.000000
v 16.000000 1.403835 24.000000
v 16.000000 1.151646 16.000000
f 481 482 483
v 16.000000 1.151646 16.000000
v 8.000000 0.850283 16.000000
v 8.000000 0.886210 17.200000
f 484 485 486
v 8.000000 0.886210 17.200000
v 15.555556 1.384346 24.000000
v 16.000000 1.151646 16.000000
f 487 488 489
v 8.000000 0.968899 20.000000
v 8.000000 1.083900 24.000000
v 12.400000 1.251895 24.000000
f 490 491 492
v 16.000000 1.415824 24.400000
v 16.000000 1.403835 24.000000
v 15.555556 1.384346 24.000000
f 493 494 495
v 12.400000 1.251895 24.000000
v 8.000000 1.083900 24.000000
v 8.000000 1.301031 32.000000
f 496 497 498
v 8.000000 1.301031 32.000000
v 16.000000 1.630529 32.000000
v 16.000000 1.499966 27.272727
f 499 500 501
v 16.000000 1.499966 27.272727
v 12.400000 1.251895 24.000000
v 8.000000 1.301031 32.000000
f 502 503 504
v 8.000000 1.301031 32.000000
v 8.000000 1.499182 40.000000
v 16.000000 1.827856 40.000000
f 505 506 507
v 16.000000 1.827856 40.000000
v 16.000000 1.630529 32.000000
v 8.000000 1.301031 32.000000
f 508 509 510
v 8.000000 1.499182 40.000000
v 8.000000 1.678659 48.000000
v 16.000000 1.996269 48.000000
f 511 512 513
v 16.000000 1.996269 48.000000
v 16.000000 1.827856 40.000000
v 8.000000 1.499182 40.000000
f 514 515 516
v 8.000000 1.678659 48.000000
v 8.000000 1.842486 56.000000
v 16.000000 2.140428 56.000000
f 517 518 519
v 16.000000 2.140428 56.000000
v 16.000000 1.996269 48.000000
v 8.000000 1.678659 48.000000
f 520 521 522
v 8.000000 1.842486 56.000000
v 8.000000 1.995676 64.000000
v 16.000000 2.268076 64.000000
f 523 524 525
v 16.000000 2.268076 64.000000
v 16.000000 2.140428 56.000000
v 8.000000 1.842486 56.000000
f 526 527 528
v 8.000000 1.995676 64.000000
v 8.000000 2.144099 72.000000
v 16.000000 2.388281 72.000000
f 529 530 531
v 16.000000 2.388281 72.000000
v 16.000000 2.268076 64.000000
v 8.000000 1.995676 64.000000
f 532 533 534
v 9.220779 2.324278 80.000000
v 16.000000 2.509597 80.000000
v 16.000000 2.388281 72.000000
f 535 536 537
v 16.000000 2.388281 72.000000
v 8.000000 2.144099 72.000000
v 8.000000 2.273594 78.955556
f 538 539 540
v 8.000000 2.273594 78.955556
v 9.220779 2.324278 80.000000
v 16.000000 2.388281 72.000000
f 541 542 543
v 16.000000 2.602106 85.800000
v 16.000000 2.509597 80.000000
v 9.220779 2.324278 80.000000
f 544 545 546
v 16.000000 -1.451506 -68.000000
v 16.000000 -1.348271 -64.000000
v 24.000000 -1.222723 -64.000000
f 547 548 549
v 24.000000 -1.222723 -64.000000
v 24.000000 -1.373645 -69.777778
v 16.000000 -1.451506 -68.000000
f 550 551 552
v 16.000000 -1.348271 -64.000000
v 16.000000 -1.138478 -56.000000
v 24.000000 -1.008304 -56.000000
f 553 554 555
v 24.000000 -1.008304 -56.000000
v 24.000000 -1.222723 -64.000000
v 16.000000 -1.348271 -64.000000
f 556 557 558
v 16.000000 -1.138478 -56.000000
v 16.000000 -0.922469 -48.000000
v 24.000000 -0.784735 -48.000000
f 559 560 561
v 24.000000 -0.784735 -48.000000
v 24.000000 -1.008304 -56.000000
v 16.000000 -1.138478 -56.000000
f 562 563 564
v 20.000000 -0.711782 -43.000000
v 24.000000 -0.726998 -46.000000
v 24.000000 -0.784735 -48.000000
f 565 566 567
v 20.000000 -0.711782 -43.000000
v 16.000000 -0.922469 -48.000000
v 16.000000 -0.709283 -40.400000
f 568 569 570
v 16.000000 -0.922469 -48.000000
v 20.000000 -0.711782 -43.000000
v 24.000000 -0.784735 -48.000000
f 571 572 573
v 20.000000 -0.121043 -24.000000
v 24.000000 -0.024228 -24.000000
v 24.000000 -0.148881 -27.600000
f 574 575 576
v 16.000000 -0.123252 -21.200000
v 16.000000 0.048411 -16.000000
v 24.000000 0.266828 -16.000000
f 577 578 579
v 24.000000 0.266828 -16.000000
v 24.000000 -0.024228 -24.000000
v 20.000000 -0.121043 -24.000000
f 580 581 582
v 20.000000 -0.121043 -24.000000
v 16.000000 -0.123252 -21.200000
v 24.000000 0.266828 -16.000000
f 583 584 585
v 16.000000 0.048411 -16.000000
v 16.000000 0.321615 -8.000000
v 24.000000 0.574623 -8.000000
f 586 587 588
v 24.000000 0.574623 -8.000000
v 24.000000 0.266828 -16.000000
v 16.000000 0.048411 -16.000000
f 589 590 591
v 16.000000 0.321615 -8.000000
v 16.000000 0.601607 0.000000
v 24.000000 0.892446 0.000000
f 592 593 594
v 24.000000 0.892446 0.000000
v 24.000000 0.574623 -8.000000
v 16.000000 0.321615 -8.000000
f 595 596 597
v 16.000000 0.601607 0.000000
v 16.000000 0.881236 8.000000
v 24.000000 1.209788 8.000000
f 598 599 600
v 24.000000 1.209788 8.000000
v 24.000000 0.892446 0.000000
v 16.000000 0.601607 0.000000
f 601 602 603
v 16.000000 0.881236 8.000000
v 16.000000 1.151646 16.000000
v 24.000000 1.513627 16.000000
f 604 605 606
v 24.000000 1.513627 16.000000
v 24.000000 1.209788 8.000000
v 16.000000 0.881236 8.000000
f 607 608 609
v 16.000000 1.151646 16.000000
v 16.000000 1.403835 24.000000
v 24.000000 1.790713 24.000000
f 610 611 612
v 24.000000 1.790713 24.000000
v 24.000000 1.513627 16.000000
v 16.000000 1.151646 16.000000
f 613 614 615
v 20.000000 1.709356 28.000000
v 24.000000 2.030334 32.000000
v 24.000000 1.790713 24.000000
f 616 617 618
v 20.000000 1.709356 28.000000
v 16.000000 1.403835 24.000000
v 16.000000 1.415824 24.400000
f 619 620 621
v 16.000000 1.403835 24.000000
v 20.000000 1.709356 28.000000
v 24.000000 1.790713 24.000000
f 622 623 624
v 16.000000 1.499966 27.272727
v 16.000000 1.630529 32.000000
v 21.200000 1.882199 32.000000
f 625 626 627
v 21.200000 1.882199 32.000000
v 16.000000 1.630529 32.000000
v 16.000000 1.827856 40.000000
f 628 629 630
v 16.000000 1.827856 40.000000
v 24.000000 2.226763 40.000000
v 24.000000 2.097622 34.545455
f 631 632 633
v 24.000000 2.097622 34.545455
v 21.200000 1.882199 32.000000
v 16.000000 1.827856 40.000000
f 634 635 636
v 16.000000 1.827856 40.000000
v 16.000000 1.996269 48.000000
v 24.000000 2.380633 48.000000
f 637 638 639
v 24.000000 2.380633 48.000000
v 24.000000 2.226763 40.000000
v 16.000000 1.827856 40.000000
f 640 641 642
v 16.000000 1.996269 48.000000
v 16.000000 2.140428 56.000000
v 24.000000 2.498761 56.000000
f 643 644 645
v 24.000000 2.498761 56.000000
v 24.000000 2.380633 48.000000
v 16.000000 1.996269 48.000000
f 646 647 648
v 16.000000 2.140428 56.000000
v 16.000000 2.268076 64.000000
v 24.000000 2.592501 64.000000
f 649 650 651
v 24.000000 2.592501 64.000000
v 24.000000 2.498761 56.000000
v 16.000000 2.140428 56.000000
f 652 653 654
v 16.000000 2.268076 64.000000
v 16.000000 2.388281 72.000000
v 24.000000 2.675171 72.000000
f 655 656 657
v 24.000000 2.675171 72.000000
v 24.000000 2.592501 64.000000
v 16.000000 2.268076 64.000000
f 658 659 660
v 16.000000 2.388281 72.000000
v 16.000000 2.509597 80.000000
v 24.000000 2.759348 80.000000
f 661 662 663
v 24.000000 2.759348 80.000000
v 24.000000 2.675171 72.000000
v 16.000000 2.388281 72.000000
f 664 665 666
v 18.571429 2.705279 88.000000
v 24.000000 2.854780 88.000000
v 24.000000 2.759348 80.000000
f 667 668 669
v 24.000000 2.759348 80.000000
v 16.000000 2.509597 80.000000
v 16.000000 2.602106 85.800000
f 670 671 672
v 16.000000 2.602106 85.800000
v 18.571429 2.705279 88.000000
v 24.000000 2.759348 80.000000
f 673 674 675
v 24.000000 2.917837 92.644444
v 24.000000 2.854780 88.000000
v 18.571429 2.705279 88.000000
f 676 677 678
v 24.000000 -1.373645 -69.777778
v 24.000000 -1.222723 -64.000000
v 32.000000 -1.095794 -64.000000
f 679 680 681
v 32.000000 -1.095794 -64.000000
v 32.000000 -1.295860 -71.555556
v 24.000000 -1.373645 -69.777778
f 682 683 684
v 24.000000 -1.222723 -64.000000
v 24.000000 -1.008304 -56.000000
v 32.000000 -0.875604 -56.000000
f 685 686 687
v 32.000000 -0.875604 -56.000000
v 32.000000 -1.095794 -64.000000
v 24.000000 -1.222723 -64.000000
f 688 689 690
v 32.000000 -0.761010 -52.000000
v 32.000000 -0.875604 -56.000000
v 24.000000 -1.008304 -56.000000
f 691 692 693
v 24.000000 -1.008304 -56.000000
v 24.000000 -0.784735 -48.000000
v 26.666667 -0.737825 -48.000000
f 694 695 696
v 26.666667 -0.737825 -48.000000
v 32.000000 -0.761010 -52.000000
v 24.000000 -1.008304 -56.000000
f 697 698 699
v 26.666667 -0.737825 -48.000000
v 24.000000 -0.784735 -48.000000
v 24.000000 -0.726998 -46.000000
f 700 701 702
v 28.888889 -0.188492 -32.000000
v 32.000000 -0.118122 -32.000000
v 32.000000 -0.216777 -34.800000
f 703 704 705
v 24.000000 -0.148881 -27.600000
v 24.000000 -0.024228 -24.000000
v 32.000000 0.182077 -24.000000
f 706 707 708
v 32.000000 0.182077 -24.000000
v 32.000000 -0.118122 -32.000000
v 28.888889 -0.188492 -32.000000
f 709 710 711
v 28.888889 -0.188492 -32.000000
v 24.000000 -0.148881 -27.600000
v 32.000000 0.182077 -24.000000
f 712 713 714
v 24.000000 -0.024228 -24.000000
v 24.000000 0.266828 -16.000000
v 32.000000 0.509562 -16.000000
f 715 716 717
v 32.000000 0.509562 -16.000000
v 32.000000 0.182077 -24.000000
v 24.000000 -0.024228 -24.000000
f 718 719 720
v 24.000000 0.266828 -16.000000
v 24.000000 0.574623 -8.000000
v 32.000000 0.860517 -8.000000
f 721 722 723
v 32.000000 0.860517 -8.000000
v 32.000000 0.509562 -16.000000
v 24.000000 0.266828 -16.000000
f 724 725 726
v 24.000000 0.574623 -8.000000
v 24.000000 0.892446 0.000000
v 32.000000 1.225576 0.000000
f 727 728 729
v 32.000000 1.225576 0.000000
v 32.000000 0.860517 -8.000000
v 24.000000 0.574623 -8.000000
f 730 731 732
v 24.000000 0.892446 0.000000
v 24.000000 1.209788 8.000000
v 32.000000 1.590060 8.000000
f 733 734 735
v 32.000000 1.590060 8.000000
v 32.000000 1.225576 0.000000
v 24.000000 0.892446 0.000000
f 736 737 738
v 24.000000 1.209788 8.000000
v 24.000000 1.513627 16.000000
v 32.000000 1.935765 16.000000
f 739 740 741
v 32.000000 1.935765 16.000000
v 32.000000 1.590060 8.000000
v 24.000000 1.209788 8.000000
f 742 743 744
v 24.000000 1.513627 16.000000
v 24.000000 1.790713 24.000000
v 32.000000 2.244155 24.000000
f 745 746 747
v 32.000000 2.244155 24.000000
v 32.000000 1.935765 16.000000
v 24.000000 1.513627 16.000000
f 748 749 750
v 32.000000 2.500217 32.000000
v 32.000000 2.244155 24.000000
v 24.000000 1.790713 24.000000
f 751 752 753
v 24.000000 1.790713 24.000000
v 24.000000 2.030334 32.000000
v 32.000000 2.500217 32.000000
f 754 755 756
v 32.000000 2.695894 40.000000
v 32.000000 2.500217 32.000000
v 24.000000 2.030334 32.000000
f 757 758 759
v 24.000000 2.097622 34.545455
v 24.000000 2.226763 40.000000
v 30.000000 2.572443 40.000000
f 760 761 762
v 30.000000 2.572443 40.000000
v 24.000000 2.226763 40.000000
v 24.000000 2.380633 48.000000
f 763 764 765
v 24.000000 2.380633 48.000000
v 32.000000 2.832003 48.000000
v 32.000000 2.735273 42.000000
f 766 767 768
v 32.000000 2.735273 42.000000
v 30.000000 2.572443 40.000000
v 24.000000 2.380633 48.000000
f 769 770 771
v 24.000000 2.380633 48.000000
v 24.000000 2.498761 56.000000
v 32.000000 2.918005 56.000000
f 772 773 774
v 32.000000 2.918005 56.000000
v 32.000000 2.832003 48.000000
v 24.000000 2.380633 48.000000
f 775 776 777
v 24.000000 2.498761 56.000000
v 24.000000 2.592501 64.000000
v 32.000000 2.969718 64.000000
f 778 779 780
v 32.000000 2.969718 64.000000
v 32.000000 2.918005 56.000000
v 24.000000 2.498761 56.000000
f 781 782 783
v 24.000000 2.592501 64.000000
v 24.000000 2.675171 72.000000
v 32.000000 3.005725 72.000000
f 784 785 786
v 32.000000 3.005725 72.000000
v 32.000000 2.969718 64.000000
v 24.000000 2.592501 64.000000
f 787 788 789
v 24.000000 2.675171 72.000000
v 24.000000 2.759348 80.000000
v 32.000000 3.043604 80.000000
f 790 791 792
v 32.000000 3.043604 80.000000
v 32.000000 3.005725 72.000000
v 24.000000 2.675171 72.000000
f 793 794 795
v 24.000000 2.759348 80.000000
v 24.000000 2.854780 88.000000
v 32.000000 3.097010 88.000000
f 796 797 798
v 32.000000 3.097010 88.000000
v 32.000000 3.043604 80.000000
v 24.000000 2.759348 80.000000
f 799 800 801
v 27.922078 3.066428 96.000000
v 32.000000 3.174226 96.000000
v 32.000000 3.097010 88.000000
f 802 803 804
v 32.000000 3.097010 88.000000
v 24.000000 2.854780 88.000000
v 24.000000 2.917837 92.644444
f 805 806 807
v 24.000000 2.917837 92.644444
v 27.922078 3.066428 96.000000
v 32.000000 3.097010 88.000000
f 808 809 810
v 32.000000 3.216274 99.488889
v 32.000000 3.174226 96.000000
v 27.922078 3.066428 96.000000
f 811 812 813
v 34.000000 -1.276456 -72.000000
v 40.000000 -1.183267 -72.000000
v 40.000000 -1.218409 -73.333333
f 814 815 816
v 34.000000 -1.276456 -72.000000
v 32.000000 -1.095794 -64.000000
v 40.000000 -0.967729 -64.000000
f 817 818 819
v 40.000000 -0.967729 -64.000000
v 40.000000 -1.183267 -72.000000
v 34.000000 -1.276456 -72.000000
f 820 821 822
v 32.000000 -1.095794 -64.000000
v 34.000000 -1.276456 -72.000000
v 32.000000 -1.295860 -71.555556
f 823 824 825
v 40.000000 -0.798913 -58.000000
v 40.000000 -0.967729 -64.000000
v 32.000000 -1.095794 -64.000000
f 826 827 828
v 32.000000 -1.095794 -64.000000
v 32.000000 -0.875604 -56.000000
v 37.333333 -0.785940 -56.000000
f 829 830 831
v 37.333333 -0.785940 -56.000000
v 40.000000 -0.798913 -58.000000
v 32.000000 -1.095794 -64.000000
f 832 833 834
v 37.333333 -0.785940 -56.000000
v 32.000000 -0.875604 -56.000000
v 32.000000 -0.761010 -52.000000
f 835 836 837
v 37.777778 -0.274835 -40.000000
v 40.000000 -0.229217 -40.000000
v 40.000000 -0.298741 -42.000000
f 838 839 840
v 32.000000 -0.216777 -34.800000
v 32.000000 -0.118122 -32.000000
v 40.000000 0.068866 -32.000000
f 841 842 843
v 40.000000 0.068866 -32.000000
v 40.000000 -0.229217 -40.000000
v 37.777778 -0.274835 -40.000000
f 844 845 846
v 37.777778 -0.274835 -40.000000
v 32.000000 -0.216777 -34.800000
v 40.000000 0.068866 -32.000000
f 847 848 849
v 32.000000 -0.118122 -32.000000
v 32.000000 0.182077 -24.000000
v 40.000000 0.402294 -24.000000
f 850 851 852
v 40.000000 0.402294 -24.000000
v 40.000000 0.068866 -32.000000
v 32.000000 -0.118122 -32.000000
f 853 854 855
v 32.000000 0.182077 -24.000000
v 32.000000 0.509562 -16.000000
v 40.000000 0.772085 -16.000000
f 856 857 858
v 40.000000 0.772085 -16.000000
v 40.000000 0.402294 -24.000000
v 32.000000 0.182077 -24.000000
f 859 860 861
v 32.000000 0.509562 -16.000000
v 32.000000 0.860517 -8.000000
v 40.000000 1.173197 -8.000000
f 862 863 864
v 40.000000 1.173197 -8.000000
v 40.000000 0.772085 -16.000000
v 32.000000 0.509562 -16.000000
f 865 866 867
v 32.000000 0.860517 -8.000000
v 32.000000 1.225576 0.000000
v 40.000000 1.593210 0.000000
f 868 869 870
v 40.000000 1.593210 0.000000
v 40.000000 1.173197 -8.000000
v 32.000000 0.860517 -8.000000
f 871 872 873
v 32.000000 1.225576 0.000000
v 32.000000 1.590060 8.000000
v 40.000000 2.012629 8.000000
f 874 875 876
v 40.000000 2.012629 8.000000
v 40.000000 1.593210 0.000000
v 32.000000 1.225576 0.000000
f 877 878 879
v 32.000000 1.590060 8.000000
v 32.000000 1.935765 16.000000
v 40.000000 2.407263 16.000000
f 880 881 882
v 40.000000 2.407263 16.000000
v 40.000000 2.012629 8.000000
v 32.000000 1.590060 8.000000
f 883 884 885
v 32.000000 1.935765 16.000000
v 32.000000 2.244155 24.000000
v 40.000000 2.752445 24.000000
f 886 887 888
v 40.000000 2.752445 24.000000
v 40.000000 2.407263 16.000000
v 32.000000 1.935765 16.000000
f 889 890 891
v 32.000000 2.244155 24.000000
v 32.000000 2.500217 32.000000
v 40.000000 3.028160 32.000000
f 892 893 894
v 40.000000 3.028160 32.000000
v 40.000000 2.752445 24.000000
v 32.000000 2.244155 24.000000
f 895 896 897
v 40.000000 3.223603 40.000000
v 40.000000 3.028160 32.000000
v 32.000000 2.500217 32.000000
f 898 899 900
v 32.000000 2.500217 32.000000
v 32.000000 2.695894 40.000000
v 40.000000 3.223603 40.000000
f 901 902 903
v 40.000000 3.339740 48.000000
v 40.000000 3.223603 40.000000
v 32.000000 2.695894 40.000000
f 904 905 906
v 32.000000 2.735273 42.000000
v 32.000000 2.832003 48.000000
v 38.000000 3.208566 48.000000
f 907 908 909
v 38.000000 3.208566 48.000000
v 32.000000 2.832003 48.000000
v 32.000000 2.918005 56.000000
f 910 911 912
v 32.000000 2.918005 56.000000
v 40.000000 3.389028 56.000000
v 40.000000 3.357624 50.000000
f 913 914 915
v 40.000000 3.357624 50.000000
v 38.000000 3.208566 48.000000
v 32.000000 2.918005 56.000000
f 916 917 918
v 32.000000 2.918005 56.000000
v 32.000000 2.969718 64.000000
v 40.000000 3.392388 64.000000
f 919 920 921
v 40.000000 3.392388 64.000000
v 40.000000 3.389028 56.000000
v 32.000000 2.918005 56.000000
f 922 923 924
v 32.000000 2.969718 64.000000
v 32.000000 3.005725 72.000000
v 40.000000 3.374463 72.000000
f 925 926 927
v 40.000000 3.374463 72.000000
v 40.000000 3.392388 64.000000
v 32.000000 2.969718 64.000000
f 928 929 930
v 32.000000 3.005725 72.000000
v 32.000000 3.043604 80.000000
v 40.000000 3.358609 80.000000
f 931 932 933
v 40.000000 3.358609 80.000000
v 40.000000 3.374463 72.000000
v 32.000000 3.005725 72.000000
f 934 935 936
v 32.000000 3.043604 80.000000
v 32.000000 3.097010 88.000000
v 40.000000 3.363026 88.000000
f 937 938 939
v 40.000000 3.363026 88.000000
v 40.000000 3.358609 80.000000
v 32.000000 3.043604 80.000000
f 940 941 942
v 32.000000 3.097010 88.000000
v 32.000000 3.174226 96.000000
v 40.000000 3.398811 96.000000
f 943 944 945
v 40.000000 3.398811 96.000000
v 40.000000 3.363026 88.000000
v 32.000000 3.097010 88.000000
f 946 947 948
v 37.272727 3.403275 104.000000
v 40.000000 3.469999 104.000000
v 40.000000 3.398811 96.000000
f 949 950 951
v 40.000000 3.398811 96.000000
v 32.000000 3.174226 96.000000
v 32.000000 3.216274 99.488889
f 952 953 954
v 32.000000 3.216274 99.488889
v 37.272727 3.403275 104.000000
v 40.000000 3.398811 96.000000
f 955 956 957
v 40.000000 3.497316 106.333333
v 40.000000 3.469999 104.000000
v 37.272727 3.403275 104.000000
f 958 959 960
v 40.000000 -1.218409 -73.333333
v 40.000000 -1.183267 -72.000000
v 48.000000 -1.058748 -72.000000
f 961 962 963
v 48.000000 -1.058748 -72.000000
v 48.000000 -1.141534 -75.111111
v 40.000000 -1.218409 -73.333333
f 964 965 966
v 40.000000 -1.183267 -72.000000
v 40.000000 -0.967729 -64.000000
v 48.000000 -0.839041 -64.000000
f 967 968 969
v 48.000000 -0.839041 -64.000000
v 48.000000 -1.058748 -72.000000
v 40.000000 -1.183267 -72.000000
f 970 971 972
v 48.000000 -0.712492 -59.600000
v 48.000000 -0.839041 -64.000000
v 40.000000 -0.967729 -64.000000
f 973 974 975
v 40.000000 -0.967729 -64.000000
v 40.000000 -0.798913 -58.000000
v 48.000000 -0.712492 -59.600000
f 976 977 978
v 40.000000 -0.298741 -42.000000
v 40.000000 -0.229217 -40.000000
v 48.000000 -0.063489 -40.000000
f 979 980 981
v 48.000000 -0.063489 -40.000000
v 48.000000 -0.196367 -43.600000
v 40.000000 -0.298741 -42.000000
f 982 983 984
v 40.000000 -0.229217 -40.000000
v 40.000000 0.068866 -32.000000
v 48.000000 0.260801 -32.000000
f 985 986 987
v 48.000000 0.260801 -32.000000
v 48.000000 -0.063489 -40.000000
v 40.000000 -0.229217 -40.000000
f 988 989 990
v 40.000000 0.068866 -32.000000
v 40.000000 0.402294 -24.000000
v 48.000000 0.629893 -24.000000
f 991 992 993
v 48.000000 0.629893 -24.000000
v 48.000000 0.260801 -32.000000
v 40.000000 0.068866 -32.000000
f 994 995 996
v 40.000000 0.402294 -24.000000
v 40.000000 0.772085 -16.000000
v 48.000000 1.045119 -16.000000
f 997 998 999
v 48.000000 1.045119 -16.000000
v 48.000000 0.629893 -24.000000
v 40.000000 0.402294 -24.000000
f 1000 1001 1002
v 40.000000 0.772085 -16.000000
v 40.000000 1.173197 -8.000000
v 48.000000 1.500152 -8.000000
f 1003 1004 1005
v 48.000000 1.500152 -8.000000
v 48.000000 1.045119 -16.000000
v 40.000000 0.772085 -16.000000
f 1006 1007 1008
v 40.000000 1.173197 -8.000000
v 40.000000 1.593210 0.000000
v 48.000000 1.979339 0.000000
f 1009 1010 1011
v 48.000000 1.979339 0.000000
v 48.000000 1.500152 -8.000000
v 40.000000 1.173197 -8.000000
f 1012 1013 1014
v 40.000000 1.593210 0.000000
v 40.000000 2.012629 8.000000
v 48.000000 2.458070 8.000000
f 1015 1016 1017
v 48.000000 2.458070 8.000000
v 48.000000 1.979339 0.000000
v 40.000000 1.593210 0.000000
f 1018 1019 1020
v 40.000000 2.012629 8.000000
v 40.000000 2.407263 16.000000
v 48.000000 2.905766 16.000000
f 1021 1022 1023
v 48.000000 2.905766 16.000000
v 48.000000 2.458070 8.000000
v 40.000000 2.012629 8.000000
f 1024 1025 1026
v 40.000000 2.407263 16.000000
v 40.000000 2.752445 24.000000
v 48.000000 3.291198 24.000000
f 1027 1028 1029
v 48.000000 3.291198 24.000000
v 48.000000 2.905766 16.000000
v 40.000000 2.407263 16.000000
f 1030 1031 1032
v 40.000000 2.752445 24.000000
v 40.000000 3.028160 32.000000
v 48.000000 3.588958 32.000000
f 1033 1034 1035
v 48.000000 3.588958 32.000000
v 48.000000 3.291198 24.000000
v 40.000000 2.752445 24.000000
f 1036 1037 1038
v 40.000000 3.028160 32.000000
v 40.000000 3.223603 40.000000
v 48.000000 3.785223 40.000000
f 1039 1040 1041
v 48.000000 3.785223 40.000000
v 48.000000 3.588958 32.000000
v 40.000000 3.028160 32.000000
f 1042 1043 1044
v 48.000000 3.881016 48.000000
v 48.000000 3.785223 40.000000
v 40.000000 3.223603 40.000000
f 1045 1046 1047
v 40.000000 3.223603 40.000000
v 40.000000 3.339740 48.000000
v 48.000000 3.881016 48.000000
f 1048 1049 1050
v 48.000000 3.891873 56.000000
v 48.000000 3.881016 48.000000
v 40.000000 3.339740 48.000000
f 1051 1052 1053
v 40.000000 3.357624 50.000000
v 40.000000 3.389028 56.000000
v 46.000000 3.764651 56.000000
f 1054 1055 1056
v 46.000000 3.764651 56.000000
v 40.000000 3.389028 56.000000
v 40.000000 3.392388 64.000000
f 1057 1058 1059
v 40.000000 3.392388 64.000000
v 48.000000 3.844075 64.000000
v 48.000000 3.884241 58.000000
f 1060 1061 1062
v 48.000000 3.884241 58.000000
v 46.000000 3.764651 56.000000
v 40.000000 3.392388 64.000000
f 1063 1064 1065
v 40.000000 3.392388 64.000000
v 40.000000 3.374463 72.000000
v 48.000000 3.768669 72.000000
f 1066 1067 1068
v 48.000000 3.768669 72.000000
v 48.000000 3.844075 64.000000
v 40.000000 3.392388 64.000000
f 1069 1070 1071
v 40.000000 3.374463 72.000000
v 40.000000 3.358609 80.000000
v 48.000000 3.695170 80.000000
f 1072 1073 1074
v 48.000000 3.695170 80.000000
v 48.000000 3.768669 72.000000
v 40.000000 3.374463 72.000000
f 1075 1076 1077
v 40.000000 3.358609 80.000000
v 40.000000 3.363026 88.000000
v 48.000000 3.646669 88.000000
f 1078 1079 1080
v 48.000000 3.646669 88.000000
v 48.000000 3.695170 80.000000
v 40.000000 3.358609 80.000000
f 1081 1082 1083
v 40.000000 3.363026 88.000000
v 40.000000 3.398811 96.000000
v 48.000000 3.637350 96.000000
f 1084 1085 1086
v 48.000000 3.637350 96.000000
v 48.000000 3.646669 88.000000
v 40.000000 3.363026 88.000000
f 1087 1088 1089
v 40.000000 3.398811 96.000000
v 40.000000 3.469999 104.000000
v 48.000000 3.672506 104.000000
f 1090 1091 1092
v 48.000000 3.672506 104.000000
v 48.000000 3.637350 96.000000
v 40.000000 3.398811 96.000000
f 1093 1094 1095
v 46.623377 3.719704 112.000000
v 48.000000 3.750379 112.000000
v 48.000000 3.672506 104.000000
f 1096 1097 1098
v 48.000000 3.672506 104.000000
v 40.000000 3.469999 104.000000
v 40.000000 3.497316 106.333333
f 1099 1100 1101
v 40.000000 3.497316 106.333333
v 46.623377 3.719704 112.000000
v 48.000000 3.672506 104.000000
f 1102 1103 1104
v 48.000000 3.765114 113.177778
v 48.000000 3.750379 112.000000
v 46.623377 3.719704 112.000000
f 1105 1106 1107
v 48.000000 -1.141534 -75.111111
v 48.000000 -1.058748 -72.000000
v 56.000000 -0.934275 -72.000000
f 1108 1109 1110
v 56.000000 -0.934275 -72.000000
v 56.000000 -1.065405 -76.888889
v 48.000000 -1.141534 -75.111111
f 1111 1112 1113
v 48.000000 -1.058748 -72.000000
v 48.000000 -0.839041 -64.000000
v 56.000000 -0.710466 -64.000000
f 1114 1115 1116
v 56.000000 -0.710466 -64.000000
v 56.000000 -0.934275 -72.000000
v 48.000000 -1.058748 -72.000000
f 1117 1118 1119
v 56.000000 -0.628433 -61.200000
v 56.000000 -0.710466 -64.000000
v 48.000000 -0.839041 -64.000000
f 1120 1121 1122
v 48.000000 -0.839041 -64.000000
v 48.000000 -0.712492 -59.600000
v 56.000000 -0.628433 -61.200000
f 1123 1124 1125
v 48.000000 -0.196367 -43.600000
v 48.000000 -0.063489 -40.000000
v 56.000000 0.101431 -40.000000
f 1126 1127 1128
v 56.000000 0.101431 -40.000000
v 56.000000 -0.100516 -45.200000
v 48.000000 -0.196367 -43.600000
f 1129 1130 1131
v 48.000000 -0.063489 -40.000000
v 48.000000 0.260801 -32.000000
v 56.000000 0.451418 -32.000000
f 1132 1133 1134
v 56.000000 0.451418 -32.000000
v 56.000000 0.101431 -40.000000
v 48.000000 -0.063489 -40.000000
f 1135 1136 1137
v 48.000000 0.260801 -32.000000
v 48.000000 0.629893 -24.000000
v 56.000000 0.855494 -24.000000
f 1138 1139 1140
v 56.000000 0.855494 -24.000000
v 56.000000 0.451418 -32.000000
v 48.000000 0.260801 -32.000000
f 1141 1142 1143
v 48.000000 0.629893 -24.000000
v 48.000000 1.045119 -16.000000
v 56.000000 1.315328 -16.000000
f 1144 1145 1146
v 56.000000 1.315328 -16.000000
v 56.000000 0.855494 -24.000000
v 48.000000 0.629893 -24.000000
f 1147 1148 1149
v 48.000000 1.045119 -16.000000
v 48.000000 1.500152 -8.000000
v 56.000000 1.823393 -8.000000
f 1150 1151 1152
v 56.000000 1.823393 -8.000000
v 56.000000 1.315328 -16.000000
v 48.000000 1.045119 -16.000000
f 1153 1154 1155
v 48.000000 1.500152 -8.000000
v 48.000000 1.979339 0.000000
v 56.000000 2.360937 0.000000
f 1156 1157 1158
v 56.000000 2.360937 0.000000
v 56.000000 1.823393 -8.000000
v 48.000000 1.500152 -8.000000
f 1159 1160 1161
v 48.000000 1.979339 0.000000
v 48.000000 2.458070 8.000000
v 56.000000 2.898415 8.000000
f 1162 1163 1164
v 56.000000 2.898415 8.000000
v 56.000000 2.360937 0.000000
v 48.000000 1.979339 0.000000
f 1165 1166 1167
v 48.000000 2.458070 8.000000
v 48.000000 2.905766 16.000000
v 56.000000 3.399050 16.000000
f 1168 1169 1170
v 56.000000 3.399050 16.000000
v 56.000000 2.898415 8.000000
v 48.000000 2.458070 8.000000
f 1171 1172 1173
v 48.000000 2.905766 16.000000
v 48.000000 3.291198 24.000000
v 56.000000 3.825202 24.000000
f 1174 1175 1176
v 56.000000 3.825202 24.000000
v 56.000000 3.399050 16.000000
v 48.000000 2.905766 16.000000
f 1177 1178 1179
v 48.000000 3.291198 24.000000
v 48.000000 3.588958 32.000000
v 56.000000 4.146136 32.000000
f 1180 1181 1182
v 56.000000 4.146136 32.000000
v 56.000000 3.825202 24.000000
v 48.000000 3.291198 24.000000
f 1183 1184 1185
v 48.000000 3.588958 32.000000
v 48.000000 3.785223 40.000000
v 56.000000 4.344962 40.000000
f 1186 1187 1188
v 56.000000 4.344962 40.000000
v 56.000000 4.146136 32.000000
v 48.000000 3.588958 32.000000
f 1189 1190 1191
v 48.000000 3.785223 40.000000
v 48.000000 3.881016 48.000000
v 56.000000 4.422577 48.000000
f 1192 1193 1194
v 56.000000 4.422577 48.000000
v 56.000000 4.344962 40.000000
v 48.000000 3.785223 40.000000
f 1195 1196 1197
v 56.000000 4.397334 56.000000
v 56.000000 4.422577 48.000000
v 48.000000 3.881016 48.000000
f 1198 1199 1200
v 48.000000 3.881016 48.000000
v 48.000000 3.891873 56.000000
v 56.000000 4.397334 56.000000
f 1201 1202 1203
v 56.000000 4.300560 64.000000
v 56.000000 4.397334 56.000000
v 48.000000 3.891873 56.000000
f 1204 1205 1206
v 50.000000 3.994787 60.000000
v 48.000000 3.884241 58.000000
v 48.000000 3.844075 64.000000
f 1207 1208 1209
v 48.000000 3.844075 64.000000
v 53.076923 4.134965 64.000000
v 50.000000 3.994787 60.000000
f 1210 1211 1212
v 53.076923 4.134965 64.000000
v 48.000000 3.844075 64.000000
v 48.000000 3.768669 72.000000
f 1213 1214 1215
v 48.000000 3.768669 72.000000
v 56.000000 4.169433 72.000000
v 56.000000 4.240263 67.800000
f 1216 1217 1218
v 56.000000 4.240263 67.800000
v 53.076923 4.134965 64.000000
v 48.000000 3.768669 72.000000
f 1219 1220 1221
v 48.000000 3.768669 72.000000
v 48.000000 3.695170 80.000000
v 56.000000 4.039437 80.000000
f 1222 1223 1224
v 56.000000 4.039437 80.000000
v 56.000000 4.169433 72.000000
v 48.000000 3.768669 72.000000
f 1225 1226 1227
v 48.000000 3.695170 80.000000
v 48.000000 3.646669 88.000000
v 56.000000 3.938481 88.000000
f 1228 1229 1230
v 56.000000 3.938481 88.000000
v 56.000000 4.039437 80.000000
v 48.000000 3.695170 80.000000
f 1231 1232 1233
v 48.000000 3.646669 88.000000
v 48.000000 3.637350 96.000000
v 56.000000 3.883877 96.000000
f 1234 1235 1236
v 56.000000 3.883877 96.000000
v 56.000000 3.938481 88.000000
v 48.000000 3.646669 88.000000
f 1237 1238 1239
v 48.000000 3.637350 96.000000
v 48.000000 3.672506 104.000000
v 56.000000 3.882315 104.000000
f 1240 1241 1242
v 56.000000 3.882315 104.000000
v 56.000000 3.883877 96.000000
v 48.000000 3.637350 96.000000
f 1243 1244 1245
v 48.000000 3.672506 104.000000
v 48.000000 3.750379 112.000000
v 56.000000 3.932005 112.000000
f 1246 1247 1248
v 56.000000 3.932005 112.000000
v 56.000000 3.882315 104.000000
v 48.000000 3.672506 104.000000
f 1249 1250 1251
v 55.974026 4.025301 120.000000
v 56.000000 4.025831 120.000000
v 56.000000 3.932005 112.000000
f 1252 1253 1254
v 56.000000 3.932005 112.000000
v 48.000000 3.750379 112.000000
v 48.000000 3.765114 113.177778
f 1255 1256 1257
v 48.000000 3.765114 113.177778
v 55.974026 4.025301 120.000000
v 56.000000 3.932005 112.000000
f 1258 1259 1260
v 56.000000 4.026145 120.022222
v 56.000000 4.025831 120.000000
v 55.974026 4.025301 120.000000
f 1261 1262 1263
v 56.000000 -1.065405 -76.888889
v 56.000000 -0.934275 -72.000000
v 64.000000 -0.810285 -72.000000
f 1264 1265 1266
v 64.000000 -0.810285 -72.000000
v 64.000000 -0.990079 -78.666667
v 56.000000 -1.065405 -76.888889
f 1267 1268 1269
v 56.000000 -0.934275 -72.000000
v 56.000000 -0.710466 -64.000000
v 64.000000 -0.582853 -64.000000
f 1270 1271 1272
v 64.000000 -0.582853 -64.000000
v 64.000000 -0.810285 -72.000000
v 56.000000 -0.934275 -72.000000
f 1273 1274 1275
v 60.000000 -0.587461 -62.000000
v 64.000000 -0.519778 -61.885714
v 64.000000 -0.582853 -64.000000
f 1276 1277 1278
v 60.000000 -0.587461 -62.000000
v 56.000000 -0.710466 -64.000000
v 56.000000 -0.628433 -61.200000
f 1279 1280 1281
v 56.000000 -0.710466 -64.000000
v 60.000000 -0.587461 -62.000000
v 64.000000 -0.582853 -64.000000
f 1282 1283 1284
v 60.000000 -0.055710 -46.000000
v 56.000000 -0.100516 -45.200000
v 56.000000 0.101431 -40.000000
f 1285 1286 1287
v 60.000000 -0.055710 -46.000000
v 64.000000 0.260967 -40.000000
v 64.000000 0.021670 -45.885714
f 1288 1289 1290
v 64.000000 0.260967 -40.000000
v 60.000000 -0.055710 -46.000000
v 56.000000 0.101431 -40.000000
f 1291 1292 1293
v 56.000000 0.101431 -40.000000
v 56.000000 0.451418 -32.000000
v 64.000000 0.633495 -32.000000
f 1294 1295 1296
v 64.000000 0.633495 -32.000000
v 64.000000 0.260967 -40.000000
v 56.000000 0.101431 -40.000000
f 1297 1298 1299
v 56.000000 0.451418 -32.000000
v 56.000000 0.855494 -24.000000
v 64.000000 1.068277 -24.000000
f 1300 1301 1302
v 64.000000 1.068277 -24.000000
v 64.000000 0.633495 -32.000000
v 56.000000 0.451418 -32.000000
f 1303 1304 1305
v 56.000000 0.855494 -24.000000
v 56.000000 1.315328 -16.000000
v 64.000000 1.567336 -16.000000
f 1306 1307 1308
v 64.000000 1.567336 -16.000000
v 64.000000 1.068277 -24.000000
v 56.000000 0.855494 -24.000000
f 1309 1310 1311
v 56.000000 1.315328 -16.000000
v 56.000000 1.823393 -8.000000
v 64.000000 2.122173 -8.000000
f 1312 1313 1314
v 64.000000 2.122173 -8.000000
v 64.000000 1.567336 -16.000000
v 56.000000 1.315328 -16.000000
f 1315 1316 1317
v 56.000000 1.823393 -8.000000
v 56.000000 2.360937 0.000000
v 64.000000 2.711441 0.000000
f 1318 1319 1320
v 64.000000 2.711441 0.000000
v 64.000000 2.122173 -8.000000
v 56.000000 1.823393 -8.000000
f 1321 1322 1323
v 56.000000 2.360937 0.000000
v 56.000000 2.898415 8.000000
v 64.000000 3.301392 8.000000
f 1324 1325 1326
v 64.000000 3.301392 8.000000
v 64.000000 2.711441 0.000000
v 56.000000 2.360937 0.000000
f 1327 1328 1329
v 56.000000 2.898415 8.000000
v 56.000000 3.399050 16.000000
v 64.000000 3.849913 16.000000
f 1330 1331 1332
v 64.000000 3.849913 16.000000
v 64.000000 3.301392 8.000000
v 56.000000 2.898415 8.000000
f 1333 1334 1335
v 56.000000 3.399050 16.000000
v 56.000000 3.825202 24.000000
v 64.000000 4.313784 24.000000
f 1336 1337 1338
v 64.000000 4.313784 24.000000
v 64.000000 3.849913 16.000000
v 56.000000 3.399050 16.000000
f 1339 1340 1341
v 56.000000 3.825202 24.000000
v 56.000000 4.146136 32.000000
v 64.000000 4.657535 32.000000
f 1342 1343 1344
v 64.000000 4.657535 32.000000
v 64.000000 4.313784 24.000000
v 56.000000 3.825202 24.000000
f 1345 1346 1347
v 56.000000 4.146136 32.000000
v 56.000000 4.344962 40.000000
v 64.000000 4.861404 40.000000
f 1348 1349 1350
v 64.000000 4.861404 40.000000
v 64.000000 4.657535 32.000000
v 56.000000 4.146136 32.000000
f 1351 1352 1353
v 56.000000 4.344962 40.000000
v 56.000000 4.422577 48.000000
v 64.000000 4.925901 48.000000
f 1354 1355 1356
v 64.000000 4.925901 48.000000
v 64.000000 4.861404 40.000000
v 56.000000 4.344962 40.000000
f 1357 1358 1359
v 56.000000 4.422577 48.000000
v 56.000000 4.397334 56.000000
v 64.000000 4.871513 56.000000
f 1360 1361 1362
v 64.000000 4.871513 56.000000
v 64.000000 4.925901 48.000000
v 56.000000 4.422577 48.000000
f 1363 1364 1365
v 64.000000 4.733671 64.000000
v 64.000000 4.871513 56.000000
v 56.000000 4.397334 56.000000
f 1366 1367 1368
v 56.000000 4.397334 56.000000
v 56.000000 4.300560 64.000000
v 64.000000 4.733671 64.000000
f 1369 1370 1371
v 60.000000 4.445801 68.000000
v 63.272727 4.520882 72.000000
v 64.000000 4.554688 72.000000
f 1372 1373 1374
v 64.000000 4.733671 64.000000
v 56.000000 4.300560 64.000000
v 60.000000 4.445801 68.000000
f 1375 1376 1377
v 60.000000 4.445801 68.000000
v 64.000000 4.554688 72.000000
v 64.000000 4.733671 64.000000
f 1378 1379 1380
v 56.000000 4.240263 67.800000
v 56.000000 4.169433 72.000000
v 59.230769 4.328135 72.000000
f 1381 1382 1383
v 64.000000 4.534088 72.888889
v 64.000000 4.554688 72.000000
v 63.272727 4.520882 72.000000
f 1384 1385 1386
v 59.230769 4.328135 72.000000
v 56.000000 4.169433 72.000000
v 56.000000 4.039437 80.000000
f 1387 1388 1389
v 56.000000 4.039437 80.000000
v 64.000000 4.375175 80.000000
v 64.000000 4.413777 78.200000
f 1390 1391 1392
v 64.000000 4.413777 78.200000
v 59.230769 4.328135 72.000000
v 56.000000 4.039437 80.000000
f 1393 1394 1395
v 56.000000 4.039437 80.000000
v 56.000000 3.938481 88.000000
v 64.000000 4.227300 88.000000
f 1396 1397 1398
v 64.000000 4.227300 88.000000
v 64.000000 4.375175 80.000000
v 56.000000 4.039437 80.000000
f 1399 1400 1401
v 56.000000 3.938481 88.000000
v 56.000000 3.883877 96.000000
v 64.000000 4.131290 96.000000
f 1402 1403 1404
v 64.000000 4.131290 96.000000
v 64.000000 4.227300 88.000000
v 56.000000 3.938481 88.000000
f 1405 1406 1407
v 56.000000 3.883877 96.000000
v 56.000000 3.882315 104.000000
v 64.000000 4.095305 104.000000
f 1408 1409 1410
v 64.000000 4.095305 104.000000
v 64.000000 4.131290 96.000000
v 56.000000 3.883877 96.000000
f 1411 1412 1413
v 56.000000 3.882315 104.000000
v 56.000000 3.932005 112.000000
v 64.000000 4.117811 112.000000
f 1414 1415 1416
v 64.000000 4.117811 112.000000
v 64.000000 4.095305 104.000000
v 56.000000 3.882315 104.000000
f 1417 1418 1419
v 56.000000 3.932005 112.000000
v 56.000000 4.025831 120.000000
v 64.000000 4.191099 120.000000
f 1420 1421 1422
v 64.000000 4.191099 120.000000
v 64.000000 4.117811 112.000000
v 56.000000 3.932005 112.000000
f 1423 1424 1425
v 56.000000 4.026145 120.022222
v 64.000000 4.191099 120.000000
v 56.000000 4.025831 120.000000
f 1426 1427 1428
v 64.000000 4.191099 120.000000
v 56.000000 4.026145 120.022222
v 64.000000 4.286604 126.866667
f 1429 1430 1431
v 70.000000 -0.934075 -80.000000
v 64.000000 -0.810285 -72.000000
v 72.000000 -0.687188 -72.000000
f 1432 1433 1434
v 72.000000 -0.687188 -72.000000
v 72.000000 -0.891167 -79.525926
v 70.000000 -0.934075 -80.000000
f 1435 1436 1437
v 64.000000 -0.810285 -72.000000
v 70.000000 -0.934075 -80.000000
v 64.000000 -0.990079 -78.666667
f 1438 1439 1440
v 64.000000 -0.810285 -72.000000
v 64.000000 -0.582853 -64.000000
v 72.000000 -0.457001 -64.000000
f 1441 1442 1443
v 72.000000 -0.457001 -64.000000
v 72.000000 -0.687188 -72.000000
v 64.000000 -0.810285 -72.000000
f 1444 1445 1446
v 64.000000 -0.519778 -61.885714
v 72.000000 -0.457001 -64.000000
v 64.000000 -0.582853 -64.000000
f 1447 1448 1449
v 72.000000 -0.457001 -64.000000
v 64.000000 -0.519778 -61.885714
v 72.000000 -0.385880 -61.657143
f 1450 1451 1452
v 72.000000 0.171601 -45.657143
v 64.000000 0.260967 -40.000000
v 72.000000 0.410821 -40.000000
f 1453 1454 1455
v 64.000000 0.260967 -40.000000
v 72.000000 0.171601 -45.657143
v 64.000000 0.021670 -45.885714
f 1456 1457 1458
v 64.000000 0.260967 -40.000000
v 64.000000 0.633495 -32.000000
v 72.000000 0.800250 -32.000000
f 1459 1460 1461
v 72.000000 0.800250 -32.000000
v 72.000000 0.410821 -40.000000
v 64.000000 0.260967 -40.000000
f 1462 1463 1464
v 64.000000 0.633495 -32.000000
v 64.000000 1.068277 -24.000000
v 72.000000 1.258088 -24.000000
f 1465 1466 1467
v 72.000000 1.258088 -24.000000
v 72.000000 0.800250 -32.000000
v 64.000000 0.633495 -32.000000
f 1468 1469 1470
v 64.000000 1.068277 -24.000000
v 64.000000 1.567336 -16.000000
v 72.000000 1.786706 -16.000000
f 1471 1472 1473
v 72.000000 1.786706 -16.000000
v 72.000000 1.258088 -24.000000
v 64.000000 1.068277 -24.000000
f 1474 1475 1476
v 64.000000 1.567336 -16.000000
v 64.000000 2.122173 -8.000000
v 72.000000 2.377018 -8.000000
f 1477 1478 1479
v 72.000000 2.377018 -8.000000
v 72.000000 1.786706 -16.000000
v 64.000000 1.567336 -16.000000
f 1480 1481 1482
v 64.000000 2.122173 -8.000000
v 64.000000 2.711441 0.000000
v 72.000000 3.005914 0.000000
f 1483 1484 1485
v 72.000000 3.005914 0.000000
v 72.000000 2.377018 -8.000000
v 64.000000 2.122173 -8.000000
f 1486 1487 1488
v 64.000000 2.711441 0.000000
v 64.000000 3.301392 8.000000
v 72.000000 3.636699 8.000000
f 1489 1490 1491
v 72.000000 3.636699 8.000000
v 72.000000 3.005914 0.000000
v 64.000000 2.711441 0.000000
f 1492 1493 1494
v 64.000000 3.301392 8.000000
v 64.000000 3.849913 16.000000
v 72.000000 4.223425 16.000000
f 1495 1496 1497
v 72.000000 4.223425 16.000000
v 72.000000 3.636699 8.000000
v 64.000000 3.301392 8.000000
f 1498 1499 1500
v 64.000000 3.849913 16.000000
v 64.000000 4.313784 24.000000
v 72.000000 4.718747 24.000000
f 1501 1502 1503
v 72.000000 4.718747 24.000000
v 72.000000 4.223425 16.000000
v 64.000000 3.849913 16.000000
f 1504 1505 1506
v 64.000000 4.313784 24.000000
v 64.000000 4.657535 32.000000
v 72.000000 5.083549 32.000000
f 1507 1508 1509
v 72.000000 5.083549 32.000000
v 72.000000 4.718747 24.000000
v 64.000000 4.313784 24.000000
f 1510 1511 1512
v 64.000000 4.657535 32.000000
v 64.000000 4.861404 40.000000
v 72.000000 5.295631 40.000000
f 1513 1514 1515
v 72.000000 5.295631 40.000000
v 72.000000 5.083549 32.000000
v 64.000000 4.657535 32.000000
f 1516 1517 1518
v 64.000000 4.861404 40.000000
v 64.000000 4.925901 48.000000
v 72.000000 5.354772 48.000000
f 1519 1520 1521
v 72.000000 5.354772 48.000000
v 72.000000 5.295631 40.000000
v 64.000000 4.861404 40.000000
f 1522 1523 1524
v 64.000000 4.925901 48.000000
v 64.000000 4.871513 56.000000
v 72.000000 5.282526 56.000000
f 1525 1526 1527
v 72.000000 5.282526 56.000000
v 72.000000 5.354772 48.000000
v 64.000000 4.925901 48.000000
f 1528 1529 1530
v 64.000000 4.871513 56.000000
v 64.000000 4.733671 64.000000
v 72.000000 5.116892 64.000000
f 1531 1532 1533
v 72.000000 5.116892 64.000000
v 72.000000 5.282526 56.000000
v 64.000000 4.871513 56.000000
f 1534 1535 1536
v 64.000000 4.733671 64.000000
v 64.000000 4.554688 72.000000
v 72.000000 4.903648 72.000000
f 1537 1538 1539
v 72.000000 4.903648 72.000000
v 72.000000 5.116892 64.000000
v 64.000000 4.733671 64.000000
f 1540 1541 1542
v 69.818182 4.605110 80.000000
v 72.000000 4.687071 80.000000
v 72.000000 4.903648 72.000000
f 1543 1544 1545
v 72.000000 4.903648 72.000000
v 64.000000 4.554688 72.000000
v 64.000000 4.534088 72.888889
f 1546 1547 1548
v 64.000000 4.534088 72.888889
v 69.818182 4.605110 80.000000
v 72.000000 4.903648 72.000000
f 1549 1550 1551
v 64.000000 4.413777 78.200000
v 64.000000 4.375175 80.000000
v 65.384615 4.431244 80.000000
f 1552 1553 1554
v 72.000000 4.620610 82.666667
v 72.000000 4.687071 80.000000
v 69.818182 4.605110 80.000000
f 1555 1556 1557
v 64.000000 4.227300 88.000000
v 65.384615 4.431244 80.000000
v 64.000000 4.375175 80.000000
f 1558 1559 1560
v 70.000000 4.475188 86.000000
v 64.000000 4.227300 88.000000
v 71.200000 4.475911 88.000000
f 1561 1562 1563
v 65.384615 4.431244 80.000000
v 64.000000 4.227300 88.000000
v 70.000000 4.475188 86.000000
f 1564 1565 1566
v 72.000000 4.476743 89.333333
v 64.000000 4.227300 88.000000
v 64.000000 4.131290 96.000000
f 1567 1568 1569
v 64.000000 4.131290 96.000000
v 72.000000 4.372853 96.000000
v 72.000000 4.476743 89.333333
f 1570 1571 1572
v 64.000000 4.227300 88.000000
v 72.000000 4.476743 89.333333
v 71.200000 4.475911 88.000000
f 1573 1574 1575
v 64.000000 4.131290 96.000000
v 64.000000 4.095305 104.000000
v 72.000000 4.307550 104.000000
f 1576 1577 1578
v 72.000000 4.307550 104.000000
v 72.000000 4.372853 96.000000
v 64.000000 4.131290 96.000000
f 1579 1580 1581
v 64.000000 4.095305 104.000000
v 64.000000 4.117811 112.000000
v 72.000000 4.305770 112.000000
f 1582 1583 1584
v 72.000000 4.305770 112.000000
v 72.000000 4.307550 104.000000
v 64.000000 4.095305 104.000000
f 1585 1586 1587
v 64.000000 4.117811 112.000000
v 64.000000 4.191099 120.000000
v 72.000000 4.359767 120.000000
f 1588 1589 1590
v 72.000000 4.359767 120.000000
v 72.000000 4.305770 112.000000
v 64.000000 4.117811 112.000000
f 1591 1592 1593
v 65.324675 4.329995 128.000000
v 72.000000 4.458657 128.000000
v 72.000000 4.359767 120.000000
f 1594 1595 1596
v 72.000000 4.359767 120.000000
v 64.000000 4.191099 120.000000
v 64.000000 4.286604 126.866667
f 1597 1598 1599
v 64.000000 4.286604 126.866667
v 65.324675 4.329995 128.000000
v 72.000000 4.359767 120.000000
f 1600 1601 1602
v 70.000000 4.484077 132.000000
v 72.000000 4.526823 132.325000
v 72.000000 4.458657 128.000000
f 1603 1604 1605
v 72.000000 4.458657 128.000000
v 65.324675 4.329995 128.000000
v 70.000000 4.484077 132.000000
f 1606 1607 1608
v 80.000000 -0.719399 -77.629630
v 72.000000 -0.687188 -72.000000
v 80.000000 -0.565278 -72.000000
f 1609 1610 1611
v 72.000000 -0.687188 -72.000000
v 80.000000 -0.719399 -77.629630
v 72.000000 -0.891167 -79.525926
f 1612 1613 1614
v 72.000000 -0.687188 -72.000000
v 72.000000 -0.457001 -64.000000
v 80.000000 -0.333484 -64.000000
f 1615 1616 1617
v 80.000000 -0.333484 -64.000000
v 80.000000 -0.565278 -72.000000
v 72.000000 -0.687188 -72.000000
f 1618 1619 1620
v 72.000000 -0.385880 -61.657143
v 80.000000 -0.333484 -64.000000
v 72.000000 -0.457001 -64.000000
f 1621 1622 1623
v 80.000000 -0.333484 -64.000000
v 72.000000 -0.385880 -61.657143
v 80.000000 -0.254589 -61.428571
f 1624 1625 1626
v 80.000000 0.313116 -45.428571
v 72.000000 0.410821 -40.000000
v 80.000000 0.547916 -40.000000
f 1627 1628 1629
v 72.000000 0.410821 -40.000000
v 80.000000 0.313116 -45.428571
v 72.000000 0.171601 -45.657143
f 1630 1631 1632
v 72.000000 0.410821 -40.000000
v 72.000000 0.800250 -32.000000
v 80.000000 0.946829 -32.000000
f 1633 1634 1635
v 80.000000 0.946829 -32.000000
v 80.000000 0.547916 -40.000000
v 72.000000 0.410821 -40.000000
f 1636 1637 1638
v 72.000000 0.800250 -32.000000
v 72.000000 1.258088 -24.000000
v 80.000000 1.417658 -24.000000
f 1639 1640 1641
v 80.000000 1.417658 -24.000000
v 80.000000 0.946829 -32.000000
v 72.000000 0.800250 -32.000000
f 1642 1643 1644
v 72.000000 1.258088 -24.000000
v 72.000000 1.786706 -16.000000
v 80.000000 1.963105 -16.000000
f 1645 1646 1647
v 80.000000 1.963105 -16.000000
v 80.000000 1.417658 -24.000000
v 72.000000 1.258088 -24.000000
f 1648 1649 1650
v 72.000000 1.786706 -16.000000
v 72.000000 2.377018 -8.000000
v 80.000000 2.573986 -8.000000
f 1651 1652 1653
v 80.000000 2.573986 -8.000000
v 80.000000 1.963105 -16.000000
v 72.000000 1.786706 -16.000000
f 1654 1655 1656
v 72.000000 2.377018 -8.000000
v 72.000000 3.005914 0.000000
v 80.000000 3.226504 0.000000
f 1657 1658 1659
v 80.000000 3.226504 0.000000
v 80.000000 2.573986 -8.000000
v 72.000000 2.377018 -8.000000
f 1660 1661 1662
v 72.000000 3.005914 0.000000
v 72.000000 3.636699 8.000000
v 80.000000 3.882641 8.000000
f 1663 1664 1665
v 80.000000 3.882641 8.000000
v 80.000000 3.226504 0.000000
v 72.000000 3.005914 0.000000
f 1666 1667 1668
v 72.000000 3.636699 8.000000
v 72.000000 4.223425 16.000000
v 80.000000 4.494567 16.000000
f 1669 1670 1671
v 80.000000 4.494567 16.000000
v 80.000000 3.882641 8.000000
v 72.000000 3.636699 8.000000
f 1672 1673 1674
v 72.000000 4.223425 16.000000
v 72.000000 4.718747 24.000000
v 80.000000 5.012725 24.000000
f 1675 1676 1677
v 80.000000 5.012725 24.000000
v 80.000000 4.494567 16.000000
v 72.000000 4.223425 16.000000
f 1678 1679 1680
v 72.000000 4.718747 24.000000
v 72.000000 5.083549 32.000000
v 80.000000 5.395791 32.000000
f 1681 1682 1683
v 80.000000 5.395791 32.000000
v 80.000000 5.012725 24.000000
v 72.000000 4.718747 24.000000
f 1684 1685 1686
v 72.000000 5.083549 32.000000
v 72.000000 5.295631 40.000000
v 80.000000 5.619737 40.000000
f 1687 1688 1689
v 80.000000 5.619737 40.000000
v 80.000000 5.395791 32.000000
v 72.000000 5.083549 32.000000
f 1690 1691 1692
v 72.000000 5.295631 40.000000
v 72.000000 5.354772 48.000000
v 80.000000 5.683205 48.000000
f 1693 1694 1695
v 80.000000 5.683205 48.000000
v 80.000000 5.619737 40.000000
v 72.000000 5.295631 40.000000
f 1696 1697 1698
v 72.000000 5.354772 48.000000
v 72.000000 5.282526 56.000000
v 80.000000 5.607478 56.000000
f 1699 1700 1701
v 80.000000 5.607478 56.000000
v 80.000000 5.683205 48.000000
v 72.000000 5.354772 48.000000
f 1702 1703 1704
v 72.000000 5.282526 56.000000
v 72.000000 5.116892 64.000000
v 80.000000 5.431159 64.000000
f 1705 1706 1707
v 80.000000 5.431159 64.000000
v 80.000000 5.607478 56.000000
v 72.000000 5.282526 56.000000
f 1708 1709 1710
v 72.000000 5.116892 64.000000
v 72.000000 4.903648 72.000000
v 80.000000 5.201343 72.000000
f 1711 1712 1713
v 80.000000 5.201343 72.000000
v 80.000000 5.431159 64.000000
v 72.000000 5.116892 64.000000
f 1714 1715 1716
v 72.000000 4.903648 72.000000
v 72.000000 4.687071 80.000000
v 80.000000 4.964072 80.000000
f 1717 1718 1719
v 80.000000 4.964072 80.000000
v 80.000000 5.201343 72.000000
v 72.000000 4.903648 72.000000
f 1720 1721 1722
v 76.363636 4.644128 88.000000
v 80.000000 4.756688 88.000000
v 80.000000 4.964072 80.000000
f 1723 1724 1725
v 80.000000 4.964072 80.000000
v 72.000000 4.687071 80.000000
v 72.000000 4.620610 82.666667
f 1726 1727 1728
v 72.000000 4.620610 82.666667
v 76.363636 4.644128 88.000000
v 80.000000 4.964072 80.000000
f 1729 1730 1731
v 78.000000 4.652565 90.000000
v 80.000000 4.632586 94.200000
v 80.000000 4.756688 88.000000
f 1732 1733 1734
v 80.000000 4.756688 88.000000
v 76.363636 4.644128 88.000000
v 78.000000 4.652565 90.000000
f 1735 1736 1737
v 72.000000 4.476743 89.333333
v 72.000000 4.372853 96.000000
v 76.000000 4.489809 96.000000
f 1738 1739 1740
v 76.000000 4.489809 96.000000
v 72.000000 4.372853 96.000000
v 72.000000 4.307550 104.000000
f 1741 1742 1743
v 72.000000 4.307550 104.000000
v 80.000000 4.516172 104.000000
v 80.000000 4.526086 102.666667
f 1744 1745 1746
v 80.000000 4.526086 102.666667
v 76.000000 4.489809 96.000000
v 72.000000 4.307550 104.000000
f 1747 1748 1749
v 72.000000 4.307550 104.000000
v 72.000000 4.305770 112.000000
v 80.000000 4.494376 112.000000
f 1750 1751 1752
v 80.000000 4.494376 112.000000
v 80.000000 4.516172 104.000000
v 72.000000 4.307550 104.000000
f 1753 1754 1755
v 72.000000 4.305770 112.000000
v 72.000000 4.359767 120.000000
v 80.000000 4.531180 120.000000
f 1756 1757 1758
v 80.000000 4.531180 120.000000
v 80.000000 4.494376 112.000000
v 72.000000 4.305770 112.000000
f 1759 1760 1761
v 72.000000 4.359767 120.000000
v 72.000000 4.458657 128.000000
v 80.000000 4.615947 128.000000
f 1762 1763 1764
v 80.000000 4.615947 128.000000
v 80.000000 4.531180 120.000000
v 72.000000 4.359767 120.000000
f 1765 1766 1767
v 72.000000 4.526823 132.325000
v 80.000000 4.615947 128.000000
v 72.000000 4.458657 128.000000
f 1768 1769 1770
v 80.000000 4.615947 128.000000
v 72.000000 4.526823 132.325000
v 80.000000 4.698156 133.625000
f 1771 1772 1773
v 88.000000 -0.547636 -75.733333
v 80.000000 -0.565278 -72.000000
v 88.000000 -0.444667 -72.000000
f 1774 1775 1776
v 80.000000 -0.565278 -72.000000
v 88.000000 -0.547636 -75.733333
v 80.000000 -0.719399 -77.629630
f 1777 1778 1779
v 80.000000 -0.565278 -72.000000
v 80.000000 -0.333484 -64.000000
v 88.000000 -0.212516 -64.000000
f 1780 1781 1782
v 88.000000 -0.212516 -64.000000
v 88.000000 -0.444667 -72.000000
v 80.000000 -0.565278 -72.000000
f 1783 1784 1785
v 80.000000 -0.254589 -61.428571
v 88.000000 -0.212516 -64.000000
v 80.000000 -0.333484 -64.000000
f 1786 1787 1788
v 88.000000 -0.212516 -64.000000
v 80.000000 -0.254589 -61.428571
v 88.000000 -0.126325 -61.200000
f 1789 1790 1791
v 88.000000 0.444981 -45.200000
v 80.000000 0.547916 -40.000000
v 88.000000 0.671095 -40.000000
f 1792 1793 1794
v 80.000000 0.547916 -40.000000
v 88.000000 0.444981 -45.200000
v 80.000000 0.313116 -45.428571
f 1795 1796 1797
v 80.000000 0.547916 -40.000000
v 80.000000 0.946829 -32.000000
v 88.000000 1.071407 -32.000000
f 1798 1799 1800
v 88.000000 1.071407 -32.000000
v 88.000000 0.671095 -40.000000
v 80.000000 0.547916 -40.000000
f 1801 1802 1803
v 80.000000 0.946829 -32.000000
v 80.000000 1.417658 -24.000000
v 88.000000 1.544252 -24.000000
f 1804 1805 1806
v 88.000000 1.544252 -24.000000
v 88.000000 1.071407 -32.000000
v 80.000000 0.946829 -32.000000
f 1807 1808 1809
v 80.000000 1.417658 -24.000000
v 80.000000 1.963105 -16.000000
v 88.000000 2.092647 -16.000000
f 1810 1811 1812
v 88.000000 2.092647 -16.000000
v 88.000000 1.544252 -24.000000
v 80.000000 1.417658 -24.000000
f 1813 1814 1815
v 80.000000 1.963105 -16.000000
v 80.000000 2.573986 -8.000000
v 88.000000 2.707828 -8.000000
f 1816 1817 1818
v 88.000000 2.707828 -8.000000
v 88.000000 2.092647 -16.000000
v 80.000000 1.963105 -16.000000
f 1819 1820 1821
v 80.000000 2.573986 -8.000000
v 80.000000 3.226504 0.000000
v 88.000000 3.366480 0.000000
f 1822 1823 1824
v 88.000000 3.366480 0.000000
v 88.000000 2.707828 -8.000000
v 80.000000 2.573986 -8.000000
f 1825 1826 1827
v 80.000000 3.226504 0.000000
v 80.000000 3.882641 8.000000
v 88.000000 4.031023 8.000000
f 1828 1829 1830
v 88.000000 4.031023 8.000000
v 88.000000 3.366480 0.000000
v 80.000000 3.226504 0.000000
f 1831 1832 1833
v 80.000000 3.882641 8.000000
v 80.000000 4.494567 16.000000
v 88.000000 4.653866 16.000000
f 1834 1835 1836
v 88.000000 4.653866 16.000000
v 88.000000 4.031023 8.000000
v 80.000000 3.882641 8.000000
f 1837 1838 1839
v 80.000000 4.494567 16.000000
v 80.000000 5.012725 24.000000
v 88.000000 5.185317 24.000000
f 1840 1841 1842
v 88.000000 5.185317 24.000000
v 88.000000 4.653866 16.000000
v 80.000000 4.494567 16.000000
f 1843 1844 1845
v 80.000000 5.012725 24.000000
v 80.000000 5.395791 32.000000
v 88.000000 5.583422 32.000000
f 1846 1847 1848
v 88.000000 5.583422 32.000000
v 88.000000 5.185317 24.000000
v 80.000000 5.012725 24.000000
f 1849 1850 1851
v 80.000000 5.395791 32.000000
v 80.000000 5.619737 40.000000
v 88.000000 5.823000 40.000000
f 1852 1853 1854
v 88.000000 5.823000 40.000000
v 88.000000 5.583422 32.000000
v 80.000000 5.395791 32.000000
f 1855 1856 1857
v 80.000000 5.619737 40.000000
v 80.000000 5.683205 48.000000
v 88.000000 5.901134 48.000000
f 1858 1859 1860
v 88.000000 5.901134 48.000000
v 88.000000 5.823000 40.000000
v 80.000000 5.619737 40.000000
f 1861 1862 1863
v 80.000000 5.683205 48.000000
v 80.000000 5.607478 56.000000
v 88.000000 5.837407 56.000000
f 1864 1865 1866
v 88.000000 5.837407 56.000000
v 88.000000 5.901134 48.000000
v 80.000000 5.683205 48.000000
f 1867 1868 1869
v 80.000000 5.607478 56.000000
v 80.000000 5.431159 64.000000
v 88.000000 5.668907 64.000000
f 1870 1871 1872
v 88.000000 5.668907 64.000000
v 88.000000 5.837407 56.000000
v 80.000000 5.607478 56.000000
f 1873 1874 1875
v 80.000000 5.431159 64.000000
v 80.000000 5.201343 72.000000
v 88.000000 5.441721 72.000000
f 1876 1877 1878
v 88.000000 5.441721 72.000000
v 88.000000 5.668907 64.000000
v 80.000000 5.431159 64.000000
f 1879 1880 1881
v 80.000000 5.201343 72.000000
v 80.000000 4.964072 80.000000
v 88.000000 5.201599 80.000000
f 1882 1883 1884
v 88.000000 5.201599 80.000000
v 88.000000 5.441721 72.000000
v 80.000000 5.201343 72.000000
f 1885 1886 1887
v 80.000000 4.964072 80.000000
v 80.000000 4.756688 88.000000
v 88.000000 4.986344 88.000000
f 1888 1889 1890
v 88.000000 4.986344 88.000000
v 88.000000 5.201599 80.000000
v 80.000000 4.964072 80.000000
f 1891 1892 1893
v 80.000000 4.632586 94.200000
v 88.000000 4.821526 96.000000
v 88.000000 4.986344 88.000000
f 1894 1895 1896
v 88.000000 4.986344 88.000000
v 80.000000 4.756688 88.000000
v 80.000000 4.632586 94.200000
f 1897 1898 1899
v 88.000000 4.821526 96.000000
v 80.000000 4.632586 94.200000
v 80.857143 4.627643 96.000000
f 1900 1901 1902
v 84.666667 4.635578 104.000000
v 88.000000 4.719769 104.000000
v 88.000000 4.821526 96.000000
f 1903 1904 1905
v 88.000000 4.821526 96.000000
v 80.857143 4.627643 96.000000
v 84.666667 4.635578 104.000000
f 1906 1907 1908
v 80.000000 4.526086 102.666667
v 80.000000 4.516172 104.000000
v 80.800000 4.536768 104.000000
f 1909 1910 1911
v 88.000000 4.684022 111.000000
v 88.000000 4.719769 104.000000
v 84.666667 4.635578 104.000000
f 1912 1913 1914
v 82.000000 4.555059 106.000000
v 80.800000 4.536768 104.000000
v 80.000000 4.516172 104.000000
f 1915 1916 1917
v 82.000000 4.555059 106.000000
v 80.000000 4.494376 112.000000
v 86.000000 4.635735 112.000000
f 1918 1919 1920
v 80.000000 4.494376 112.000000
v 82.000000 4.555059 106.000000
v 80.000000 4.516172 104.000000
f 1921 1922 1923
v 86.000000 4.635735 112.000000
v 80.000000 4.494376 112.000000
v 80.000000 4.531180 120.000000
f 1924 1925 1926
v 80.000000 4.531180 120.000000
v 88.000000 4.704882 120.000000
v 88.000000 4.684626 115.000000
f 1927 1928 1929
v 88.000000 4.684626 115.000000
v 86.000000 4.635735 112.000000
v 80.000000 4.531180 120.000000
f 1930 1931 1932
v 80.000000 4.531180 120.000000
v 80.000000 4.615947 128.000000
v 88.000000 4.776395 128.000000
f 1933 1934 1935
v 88.000000 4.776395 128.000000
v 88.000000 4.704882 120.000000
v 80.000000 4.531180 120.000000
f 1936 1937 1938
v 80.000000 4.698156 133.625000
v 88.000000 4.776395 128.000000
v 80.000000 4.615947 128.000000
f 1939 1940 1941
v 88.000000 4.776395 128.000000
v 80.000000 4.698156 133.625000
v 88.000000 4.869972 134.925000
f 1942 1943 1944
v 96.000000 -0.376159 -73.837037
v 88.000000 -0.444667 -72.000000
v 96.000000 -0.325265 -72.000000
f 1945 1946 1947
v 88.000000 -0.444667 -72.000000
v 96.000000 -0.376159 -73.837037
v 88.000000 -0.547636 -75.733333
f 1948 1949 1950
v 88.000000 -0.444667 -72.000000
v 88.000000 -0.212516 -64.000000
v 96.000000 -0.093923 -64.000000
f 1951 1952 1953
v 96.000000 -0.093923 -64.000000
v 96.000000 -0.325265 -72.000000
v 88.000000 -0.444667 -72.000000
f 1954 1955 1956
v 95.000000 -0.016544 -61.000000
v 96.000000 0.000854 -60.911111
v 96.000000 -0.093923 -64.000000
f 1957 1958 1959
v 95.000000 -0.016544 -61.000000
v 88.000000 -0.212516 -64.000000
v 88.000000 -0.126325 -61.200000
f 1960 1961 1962
v 88.000000 -0.212516 -64.000000
v 95.000000 -0.016544 -61.000000
v 96.000000 -0.093923 -64.000000
f 1963 1964 1965
v 95.000000 0.552623 -45.000000
v 88.000000 0.444981 -45.200000
v 88.000000 0.671095 -40.000000
f 1966 1967 1968
v 95.000000 0.552623 -45.000000
v 96.000000 0.781333 -40.000000
v 96.000000 0.569024 -44.933333
f 1969 1970 1971
v 96.000000 0.781333 -40.000000
v 95.000000 0.552623 -45.000000
v 88.000000 0.671095 -40.000000
f 1972 1973 1974
v 88.000000 0.671095 -40.000000
v 88.000000 1.071407 -32.000000
v 96.000000 1.175529 -32.000000
f 1975 1976 1977
v 96.000000 1.175529 -32.000000
v 96.000000 0.781333 -40.000000
v 88.000000 0.671095 -40.000000
f 1978 1979 1980
v 88.000000 1.071407 -32.000000
v 88.000000 1.544252 -24.000000
v 96.000000 1.640189 -24.000000
f 1981 1982 1983
v 96.000000 1.640189 -24.000000
v 96.000000 1.175529 -32.000000
v 88.000000 1.071407 -32.000000
f 1984 1985 1986
v 88.000000 1.544252 -24.000000
v 88.000000 2.092647 -16.000000
v 96.000000 2.178625 -16.000000
f 1987 1988 1989
v 96.000000 2.178625 -16.000000
v 96.000000 1.640189 -24.000000
v 88.000000 1.544252 -24.000000
f 1990 1991 1992
v 88.000000 2.092647 -16.000000
v 88.000000 2.707828 -8.000000
v 96.000000 2.782976 -8.000000
f 1993 1994 1995
v 96.000000 2.782976 -8.000000
v 96.000000 2.178625 -16.000000
v 88.000000 2.092647 -16.000000
f 1996 1997 1998
v 88.000000 2.707828 -8.000000
v 88.000000 3.366480 0.000000
v 96.000000 3.431488 0.000000
f 1999 2000 2001
v 96.000000 3.431488 0.000000
v 96.000000 2.782976 -8.000000
v 88.000000 2.707828 -8.000000
f 2002 2003 2004
v 88.000000 3.366480 0.000000
v 88.000000 4.031023 8.000000
v 96.000000 4.088651 8.000000
f 2005 2006 2007
v 96.000000 4.088651 8.000000
v 96.000000 3.431488 0.000000
v 88.000000 3.366480 0.000000
f 2008 2009 2010
v 88.000000 4.031023 8.000000
v 88.000000 4.653866 16.000000
v 96.000000 4.709081 16.000000
f 2011 2012 2013
v 96.000000 4.709081 16.000000
v 96.000000 4.088651 8.000000
v 88.000000 4.031023 8.000000
f 2014 2015 2016
v 88.000000 4.653866 16.000000
v 88.000000 5.185317 24.000000
v 96.000000 5.244885 24.000000
f 2017 2018 2019
v 96.000000 5.244885 24.000000
v 96.000000 4.709081 16.000000
v 88.000000 4.653866 16.000000
f 2020 2021 2022
v 88.000000 5.185317 24.000000
v 88.000000 5.583422 32.000000
v 96.000000 5.654945 32.000000
f 2023 2024 2025
v 96.000000 5.654945 32.000000
v 96.000000 5.244885 24.000000
v 88.000000 5.185317 24.000000
f 2026 2027 2028
v 88.000000 5.583422 32.000000
v 88.000000 5.823000 40.000000
v 96.000000 5.913557 40.000000
f 2029 2030 2031
v 96.000000 5.913557 40.000000
v 96.000000 5.654945 32.000000
v 88.000000 5.583422 32.000000
f 2032 2033 2034
v 88.000000 5.823000 40.000000
v 88.000000 5.901134 48.000000
v 96.000000 6.015869 48.000000
f 2035 2036 2037
v 96.000000 6.015869 48.000000
v 96.000000 5.913557 40.000000
v 88.000000 5.823000 40.000000
f 2038 2039 2040
v 88.000000 5.901134 48.000000
v 88.000000 5.837407 56.000000
v 96.000000 5.978443 56.000000
f 2041 2042 2043
v 96.000000 5.978443 56.000000
v 96.000000 6.015869 48.000000
v 88.000000 5.901134 48.000000
f 2044 2045 2046
v 88.000000 5.837407 56.000000
v 88.000000 5.668907 64.000000
v 96.000000 5.834895 64.000000
f 2047 2048 2049
v 96.000000 5.834895 64.000000
v 96.000000 5.978443 56.000000
v 88.000000 5.837407 56.000000
f 2050 2051 2052
v 88.000000 5.668907 64.000000
v 88.000000 5.441721 72.000000
v 96.000000 5.628153 72.000000
f 2053 2054 2055
v 96.000000 5.628153 72.000000
v 96.000000 5.834895 64.000000
v 88.000000 5.668907 64.000000
f 2056 2057 2058
v 88.000000 5.441721 72.000000
v 88.000000 5.201599 80.000000
v 96.000000 5.401762 80.000000
f 2059 2060 2061
v 96.000000 5.401762 80.000000
v 96.000000 5.628153 72.000000
v 88.000000 5.441721 72.000000
f 2062 2063 2064
v 88.000000 5.201599 80.000000
v 88.000000 4.986344 88.000000
v 96.000000 5.192633 88.000000
f 2065 2066 2067
v 96.000000 5.192633 88.000000
v 96.000000 5.401762 80.000000
v 88.000000 5.201599 80.000000
f 2068 2069 2070
v 88.000000 4.986344 88.000000
v 88.000000 4.821526 96.000000
v 96.000000 5.026758 96.000000
f 2071 2072 2073
v 96.000000 5.026758 96.000000
v 96.000000 5.192633 88.000000
v 88.000000 4.986344 88.000000
f 2074 2075 2076
v 88.000000 4.821526 96.000000
v 88.000000 4.719769 104.000000
v 96.000000 4.918194 104.000000
f 2077 2078 2079
v 96.000000 4.918194 104.000000
v 96.000000 5.026758 96.000000
v 88.000000 4.821526 96.000000
f 2080 2081 2082
v 88.952381 4.705198 112.000000
v 96.000000 4.870637 112.000000
v 96.000000 4.918194 104.000000
f 2083 2084 2085
v 96.000000 4.918194 104.000000
v 88.000000 4.719769 104.000000
v 88.000000 4.684022 111.000000
f 2086 2087 2088
v 88.000000 4.684022 111.000000
v 88.952381 4.705198 112.000000
v 96.000000 4.918194 104.000000
f 2089 2090 2091
v 96.000000 4.877825 119.400000
v 96.000000 4.870637 112.000000
v 88.952381 4.705198 112.000000
f 2092 2093 2094
v 90.000000 4.738872 118.000000
v 88.000000 4.684626 115.000000
v 88.000000 4.704882 120.000000
f 2095 2096 2097
v 88.000000 4.704882 120.000000
v 91.500000 4.781482 120.000000
v 90.000000 4.738872 118.000000
f 2098 2099 2100
v 91.500000 4.781482 120.000000
v 88.000000 4.704882 120.000000
v 88.000000 4.776395 128.000000
f 2101 2102 2103
v 88.000000 4.776395 128.000000
v 96.000000 4.939528 128.000000
v 96.000000 4.920621 126.000000
f 2104 2105 2106
v 96.000000 4.920621 126.000000
v 91.500000 4.781482 120.000000
v 88.000000 4.776395 128.000000
f 2107 2108 2109
v 94.615385 5.012160 136.000000
v 96.000000 5.038620 136.000000
v 96.000000 4.939528 128.000000
f 2110 2111 2112
v 94.615385 5.012160 136.000000
v 88.000000 4.776395 128.000000
v 88.000000 4.869972 134.925000
f 2113 2114 2115
v 88.000000 4.776395 128.000000
v 94.615385 5.012160 136.000000
v 96.000000 4.939528 128.000000
f 2116 2117 2118
v 96.000000 5.041892 136.225000
v 96.000000 5.038620 136.000000
v 94.615385 5.012160 136.000000
f 2119 2120 2121
v 96.000000 -0.376159 -73.837037
v 96.000000 -0.325265 -72.000000
v 103.750000 -0.210508 -72.000000
f 2122 2123 2124
v 103.750000 -0.210508 -72.000000
v 96.000000 -0.325265 -72.000000
v 96.000000 -0.093923 -64.000000
f 2125 2126 2127
v 103.750000 -0.210508 -72.000000
v 104.000000 0.022801 -64.000000
v 104.000000 -0.205173 -71.940741
f 2128 2129 2130
v 104.000000 0.022801 -64.000000
v 103.750000 -0.210508 -72.000000
v 96.000000 -0.093923 -64.000000
f 2131 2132 2133
v 96.000000 0.000854 -60.911111
v 104.000000 0.022801 -64.000000
v 96.000000 -0.093923 -64.000000
f 2134 2135 2136
v 104.000000 0.022801 -64.000000
v 96.000000 0.000854 -60.911111
v 104.000000 0.138659 -60.200000
f 2137 2138 2139
v 104.000000 0.695993 -44.400000
v 96.000000 0.781333 -40.000000
v 104.000000 0.881398 -40.000000
f 2140 2141 2142
v 96.000000 0.781333 -40.000000
v 104.000000 0.695993 -44.400000
v 96.000000 0.569024 -44.933333
f 2143 2144 2145
v 96.000000 0.781333 -40.000000
v 96.000000 1.175529 -32.000000
v 104.000000 1.263576 -32.000000
f 2146 2147 2148
v 104.000000 1.263576 -32.000000
v 104.000000 0.881398 -40.000000
v 96.000000 0.781333 -40.000000
f 2149 2150 2151
v 96.000000 1.175529 -32.000000
v 96.000000 1.640189 -24.000000
v 104.000000 1.712038 -24.000000
f 2152 2153 2154
v 104.000000 1.712038 -24.000000
v 104.000000 1.263576 -32.000000
v 96.000000 1.175529 -32.000000
f 2155 2156 2157
v 96.000000 1.640189 -24.000000
v 96.000000 2.178625 -16.000000
v 104.000000 2.230372 -16.000000
f 2158 2159 2160
v 104.000000 2.230372 -16.000000
v 104.000000 1.712038 -24.000000
v 96.000000 1.640189 -24.000000
f 2161 2162 2163
v 96.000000 2.178625 -16.000000
v 96.000000 2.782976 -8.000000
v 104.000000 2.811993 -8.000000
f 2164 2165 2166
v 104.000000 2.811993 -8.000000
v 104.000000 2.230372 -16.000000
v 96.000000 2.178625 -16.000000
f 2167 2168 2169
v 96.000000 2.782976 -8.000000
v 96.000000 3.431488 0.000000
v 104.000000 3.437550 0.000000
f 2170 2171 2172
v 104.000000 3.437550 0.000000
v 104.000000 2.811993 -8.000000
v 96.000000 2.782976 -8.000000
f 2173 2174 2175
v 96.000000 3.431488 0.000000
v 96.000000 4.088651 8.000000
v 104.000000 4.074880 8.000000
f 2176 2177 2178
v 104.000000 4.074880 8.000000
v 104.000000 3.437550 0.000000
v 96.000000 3.431488 0.000000
f 2179 2180 2181
v 96.000000 4.088651 8.000000
v 96.000000 4.709081 16.000000
v 104.000000 4.682340 16.000000
f 2182 2183 2184
v 104.000000 4.682340 16.000000
v 104.000000 4.074880 8.000000
v 96.000000 4.088651 8.000000
f 2185 2186 2187
v 96.000000 4.709081 16.000000
v 96.000000 5.244885 24.000000
v 104.000000 5.215358 24.000000
f 2188 2189 2190
v 104.000000 5.215358 24.000000
v 104.000000 4.682340 16.000000
v 96.000000 4.709081 16.000000
f 2191 2192 2193
v 96.000000 5.244885 24.000000
v 96.000000 5.654945 32.000000
v 104.000000 5.634800 32.000000
f 2194 2195 2196
v 104.000000 5.634800 32.000000
v 104.000000 5.215358 24.000000
v 96.000000 5.244885 24.000000
f 2197 2198 2199
v 96.000000 5.654945 32.000000
v 96.000000 5.913557 40.000000
v 104.000000 5.914952 40.000000
f 2200 2201 2202
v 104.000000 5.914952 40.000000
v 104.000000 5.634800 32.000000
v 96.000000 5.654945 32.000000
f 2203 2204 2205
v 96.000000 5.913557 40.000000
v 96.000000 6.015869 48.000000
v 104.000000 6.048745 48.000000
f 2206 2207 2208
v 104.000000 6.048745 48.000000
v 104.000000 5.914952 40.000000
v 96.000000 5.913557 40.000000
f 2209 2210 2211
v 96.000000 6.015869 48.000000
v 96.000000 5.978443 56.000000
v 104.000000 6.048701 56.000000
f 2212 2213 2214
v 104.000000 6.048701 56.000000
v 104.000000 6.048745 48.000000
v 96.000000 6.015869 48.000000
f 2215 2216 2217
v 96.000000 5.978443 56.000000
v 96.000000 5.834895 64.000000
v 104.000000 5.943450 64.000000
f 2218 2219 2220
v 104.000000 5.943450 64.000000
v 104.000000 6.048701 56.000000
v 96.000000 5.978443 56.000000
f 2221 2222 2223
v 96.000000 5.834895 64.000000
v 96.000000 5.628153 72.000000
v 104.000000 5.771083 72.000000
f 2224 2225 2226
v 104.000000 5.771083 72.000000
v 104.000000 5.943450 64.000000
v 96.000000 5.834895 64.000000
f 2227 2228 2229
v 96.000000 5.628153 72.000000
v 96.000000 5.401762 80.000000
v 104.000000 5.571445 80.000000
f 2230 2231 2232
v 104.000000 5.571445 80.000000
v 104.000000 5.771083 72.000000
v 96.000000 5.628153 72.000000
f 2233 2234 2235
v 96.000000 5.401762 80.000000
v 96.000000 5.192633 88.000000
v 104.000000 5.379491 88.000000
f 2236 2237 2238
v 104.000000 5.379491 88.000000
v 104.000000 5.571445 80.000000
v 96.000000 5.401762 80.000000
f 2239 2240 2241
v 96.000000 5.192633 88.000000
v 96.000000 5.026758 96.000000
v 104.000000 5.221097 96.000000
f 2242 2243 2244
v 104.000000 5.221097 96.000000
v 104.000000 5.379491 88.000000
v 96.000000 5.192633 88.000000
f 2245 2246 2247
v 96.000000 5.026758 96.000000
v 96.000000 4.918194 104.000000
v 104.000000 5.111711 104.000000
f 2248 2249 2250
v 104.000000 5.111711 104.000000
v 104.000000 5.221097 96.000000
v 96.000000 5.026758 96.000000
f 2251 2252 2253
v 96.000000 4.918194 104.000000
v 96.000000 4.870637 112.000000
v 104.000000 5.057315 112.000000
f 2254 2255 2256
v 104.000000 5.057315 112.000000
v 104.000000 5.111711 104.000000
v 96.000000 4.918194 104.000000
f 2257 2258 2259
v 96.571429 4.892967 120.000000
v 104.000000 5.056743 120.000000
v 104.000000 5.057315 112.000000
f 2260 2261 2262
v 104.000000 5.057315 112.000000
v 96.000000 4.870637 112.000000
v 96.000000 4.877825 119.400000
f 2263 2264 2265
v 96.000000 4.877825 119.400000
v 96.571429 4.892967 120.000000
v 104.000000 5.057315 112.000000
f 2266 2267 2268
v 104.000000 5.102635 127.800000
v 104.000000 5.056743 120.000000
v 96.571429 4.892967 120.000000
f 2269 2270 2271
v 96.000000 4.920621 126.000000
v 96.000000 4.939528 128.000000
v 97.500000 4.970345 128.000000
f 2272 2273 2274
v 99.000000 5.021533 130.000000
v 97.500000 4.970345 128.000000
v 96.000000 4.939528 128.000000
f 2275 2276 2277
v 99.000000 5.021533 130.000000
v 96.000000 5.038620 136.000000
v 99.872727 5.112903 136.000000
f 2278 2279 2280
v 96.000000 5.038620 136.000000
v 99.000000 5.021533 130.000000
v 96.000000 4.939528 128.000000
f 2281 2282 2283
v 96.000000 5.041892 136.225000
v 99.872727 5.112903 136.000000
v 96.000000 5.038620 136.000000
f 2284 2285 2286
v 99.872727 5.112903 136.000000
v 96.000000 5.041892 136.225000
v 100.000000 5.127642 136.875000
f 2287 2288 2289
v 112.000000 -0.034761 -70.044444
v 104.000000 0.022801 -64.000000
v 112.000000 0.138338 -64.000000
f 2290 2291 2292
v 104.000000 0.022801 -64.000000
v 112.000000 -0.034761 -70.044444
v 104.000000 -0.205173 -71.940741
f 2293 2294 2295
v 104.000000 0.138659 -60.200000
v 112.000000 0.138338 -64.000000
v 104.000000 0.022801 -64.000000
f 2296 2297 2298
v 112.000000 0.138338 -64.000000
v 104.000000 0.138659 -60.200000
v 112.000000 0.274434 -59.488889
f 2299 2300 2301
v 112.000000 0.817077 -43.866667
v 104.000000 0.881398 -40.000000
v 112.000000 0.975072 -40.000000
f 2302 2303 2304
v 104.000000 0.881398 -40.000000
v 112.000000 0.817077 -43.866667
v 104.000000 0.695993 -44.400000
f 2305 2306 2307
v 104.000000 0.881398 -40.000000
v 104.000000 1.263576 -32.000000
v 112.000000 1.341535 -32.000000
f 2308 2309 2310
v 112.000000 1.341535 -32.000000
v 112.000000 0.975072 -40.000000
v 104.000000 0.881398 -40.000000
f 2311 2312 2313
v 104.000000 1.263576 -32.000000
v 104.000000 1.712038 -24.000000
v 112.000000 1.768776 -24.000000
f 2314 2315 2316
v 112.000000 1.768776 -24.000000
v 112.000000 1.341535 -32.000000
v 104.000000 1.263576 -32.000000
f 2317 2318 2319
v 104.000000 1.712038 -24.000000
v 104.000000 2.230372 -16.000000
v 112.000000 2.260639 -16.000000
f 2320 2321 2322
v 112.000000 2.260639 -16.000000
v 112.000000 1.768776 -24.000000
v 104.000000 1.712038 -24.000000
f 2323 2324 2325
v 104.000000 2.230372 -16.000000
v 104.000000 2.811993 -8.000000
v 112.000000 2.812037 -8.000000
f 2326 2327 2328
v 112.000000 2.812037 -8.000000
v 112.000000 2.260639 -16.000000
v 104.000000 2.230372 -16.000000
f 2329 2330 2331
v 104.000000 2.811993 -8.000000
v 104.000000 3.437550 0.000000
v 112.000000 3.406527 0.000000
f 2332 2333 2334
v 112.000000 3.406527 0.000000
v 112.000000 2.812037 -8.000000
v 104.000000 2.811993 -8.000000
f 2335 2336 2337
v 104.000000 3.437550 0.000000
v 104.000000 4.074880 8.000000
v 112.000000 4.016069 8.000000
f 2338 2339 2340
v 112.000000 4.016069 8.000000
v 112.000000 3.406527 0.000000
v 104.000000 3.437550 0.000000
f 2341 2342 2343
v 104.000000 4.074880 8.000000
v 104.000000 4.682340 16.000000
v 112.000000 4.603715 16.000000
f 2344 2345 2346
v 112.000000 4.603715 16.000000
v 112.000000 4.016069 8.000000
v 104.000000 4.074880 8.000000
f 2347 2348 2349
v 104.000000 4.682340 16.000000
v 104.000000 5.215358 24.000000
v 112.000000 5.129148 24.000000
f 2350 2351 2352
v 112.000000 5.129148 24.000000
v 112.000000 4.603715 16.000000
v 104.000000 4.682340 16.000000
f 2353 2354 2355
v 104.000000 5.215358 24.000000
v 104.000000 5.634800 32.000000
v 112.000000 5.555959 32.000000
f 2356 2357 2358
v 112.000000 5.555959 32.000000
v 112.000000 5.129148 24.000000
v 104.000000 5.215358 24.000000
f 2359 2360 2361
v 104.000000 5.634800 32.000000
v 104.000000 5.914952 40.000000
v 112.000000 5.858768 40.000000
f 2362 2363 2364
v 112.000000 5.858768 40.000000
v 112.000000 5.555959 32.000000
v 104.000000 5.634800 32.000000
f 2365 2366 2367
v 104.000000 5.914952 40.000000
v 104.000000 6.048745 48.000000
v 112.000000 6.028157 48.000000
f 2368 2369 2370
v 112.000000 6.028157 48.000000
v 112.000000 5.858768 40.000000
v 104.000000 5.914952 40.000000
f 2371 2372 2373
v 104.000000 6.048745 48.000000
v 104.000000 6.048701 56.000000
v 112.000000 6.072027 56.000000
f 2374 2375 2376
v 112.000000 6.072027 56.000000
v 112.000000 6.028157 48.000000
v 104.000000 6.048745 48.000000
f 2377 2378 2379
v 104.000000 6.048701 56.000000
v 104.000000 5.943450 64.000000
v 112.000000 6.013124 64.000000
f 2380 2381 2382
v 112.000000 6.013124 64.000000
v 112.000000 6.072027 56.000000
v 104.000000 6.048701 56.000000
f 2383 2384 2385
v 104.000000 5.943450 64.000000
v 104.000000 5.771083 72.000000
v 112.000000 5.883691 72.000000
f 2386 2387 2388
v 112.000000 5.883691 72.000000
v 112.000000 6.013124 64.000000
v 104.000000 5.943450 64.000000
f 2389 2390 2391
v 104.000000 5.771083 72.000000
v 104.000000 5.571445 80.000000
v 112.000000 5.718956 80.000000
f 2392 2393 2394
v 112.000000 5.718956 80.000000
v 112.000000 5.883691 72.000000
v 104.000000 5.771083 72.000000
f 2395 2396 2397
v 104.000000 5.571445 80.000000
v 104.000000 5.379491 88.000000
v 112.000000 5.551241 88.000000
f 2398 2399 2400
v 112.000000 5.551241 88.000000
v 112.000000 5.718956 80.000000
v 104.000000 5.571445 80.000000
f 2401 2402 2403
v 104.000000 5.379491 88.000000
v 104.000000 5.221097 96.000000
v 112.000000 5.405949 96.000000
f 2404 2405 2406
v 112.000000 5.405949 96.000000
v 112.000000 5.551241 88.000000
v 104.000000 5.379491 88.000000
f 2407 2408 2409
v 104.000000 5.221097 96.000000
v 104.000000 5.111711 104.000000
v 112.000000 5.299848 104.000000
f 2410 2411 2412
v 112.000000 5.299848 104.000000
v 112.000000 5.405949 96.000000
v 104.000000 5.221097 96.000000
f 2413 2414 2415
v 104.000000 5.111711 104.000000
v 104.000000 5.057315 112.000000
v 112.000000 5.241363 112.000000
f 2416 2417 2418
v 112.000000 5.241363 112.000000
v 112.000000 5.299848 104.000000
v 104.000000 5.111711 104.000000
f 2419 2420 2421
v 104.000000 5.057315 112.000000
v 104.000000 5.056743 120.000000
v 112.000000 5.232135 120.000000
f 2422 2423 2424
v 112.000000 5.232135 120.000000
v 112.000000 5.241363 112.000000
v 104.000000 5.057315 112.000000
f 2425 2426 2427
v 104.000000 5.102635 127.800000
v 112.000000 5.269093 128.000000
v 112.000000 5.232135 120.000000
f 2428 2429 2430
v 112.000000 5.232135 120.000000
v 104.000000 5.056743 120.000000
v 104.000000 5.102635 127.800000
f 2431 2432 2433
v 112.000000 5.269093 128.000000
v 104.000000 5.102635 127.800000
v 104.190476 5.108284 128.000000
f 2434 2435 2436
v 108.000000 5.223597 132.000000
v 112.000000 5.331494 134.708333
v 112.000000 5.269093 128.000000
f 2437 2438 2439
v 112.000000 5.269093 128.000000
v 104.190476 5.108284 128.000000
v 108.000000 5.223597 132.000000
f 2440 2441 2442
v 120.000000 0.135127 -68.148148
v 112.000000 0.138338 -64.000000
v 120.000000 0.253377 -64.000000
f 2443 2444 2445
v 112.000000 0.138338 -64.000000
v 120.000000 0.135127 -68.148148
v 112.000000 -0.034761 -70.044444
f 2446 2447 2448
v 112.000000 0.274434 -59.488889
v 120.000000 0.253377 -64.000000
v 112.000000 0.138338 -64.000000
f 2449 2450 2451
v 120.000000 0.253377 -64.000000
v 112.000000 0.274434 -59.488889
v 120.000000 0.408906 -58.777778
f 2452 2453 2454
v 120.000000 0.934830 -43.333333
v 112.000000 0.975072 -40.000000
v 120.000000 1.066189 -40.000000
f 2455 2456 2457
v 112.000000 0.975072 -40.000000
v 120.000000 0.934830 -43.333333
v 112.000000 0.817077 -43.866667
f 2458 2459 2460
v 112.000000 0.975072 -40.000000
v 112.000000 1.341535 -32.000000
v 120.000000 1.415488 -32.000000
f 2461 2462 2463
v 120.000000 1.415488 -32.000000
v 120.000000 1.066189 -40.000000
v 112.000000 0.975072 -40.000000
f 2464 2465 2466
v 112.000000 1.341535 -32.000000
v 112.000000 1.768776 -24.000000
v 120.000000 1.819533 -24.000000
f 2467 2468 2469
v 120.000000 1.819533 -24.000000
v 120.000000 1.415488 -32.000000
v 112.000000 1.341535 -32.000000
f 2470 2471 2472
v 112.000000 1.768776 -24.000000
v 112.000000 2.260639 -16.000000
v 120.000000 2.282395 -16.000000
f 2473 2474 2475
v 120.000000 2.282395 -16.000000
v 120.000000 1.819533 -24.000000
v 112.000000 1.768776 -24.000000
f 2476 2477 2478
v 112.000000 2.260639 -16.000000
v 112.000000 2.812037 -8.000000
v 120.000000 2.800534 -8.000000
f 2479 2480 2481
v 120.000000 2.800534 -8.000000
v 120.000000 2.282395 -16.000000
v 112.000000 2.260639 -16.000000
f 2482 2483 2484
v 112.000000 2.812037 -8.000000
v 112.000000 3.406527 0.000000
v 120.000000 3.360573 0.000000
f 2485 2486 2487
v 120.000000 3.360573 0.000000
v 120.000000 2.800534 -8.000000
v 112.000000 2.812037 -8.000000
f 2488 2489 2490
v 112.000000 3.406527 0.000000
v 112.000000 4.016069 8.000000
v 120.000000 3.938853 8.000000
f 2491 2492 2493
v 120.000000 3.938853 8.000000
v 120.000000 3.360573 0.000000
v 112.000000 3.406527 0.000000
f 2494 2495 2496
v 112.000000 4.016069 8.000000
v 112.000000 4.603715 16.000000
v 120.000000 4.503445 16.000000
f 2497 2498 2499
v 120.000000 4.503445 16.000000
v 120.000000 3.938853 8.000000
v 112.000000 4.016069 8.000000
f 2500 2501 2502
v 112.000000 4.603715 16.000000
v 112.000000 5.129148 24.000000
v 120.000000 5.018647 24.000000
f 2503 2504 2505
v 120.000000 5.018647 24.000000
v 120.000000 4.503445 16.000000
v 112.000000 4.603715 16.000000
f 2506 2507 2508
v 112.000000 5.129148 24.000000
v 112.000000 5.555959 32.000000
v 120.000000 5.451085 32.000000
f 2509 2510 2511
v 120.000000 5.451085 32.000000
v 120.000000 5.018647 24.000000
v 112.000000 5.129148 24.000000
f 2512 2513 2514
v 112.000000 5.555959 32.000000
v 112.000000 5.858768 40.000000
v 120.000000 5.775916 40.000000
f 2515 2516 2517
v 120.000000 5.775916 40.000000
v 120.000000 5.451085 32.000000
v 112.000000 5.555959 32.000000
f 2518 2519 2520
v 112.000000 5.858768 40.000000
v 112.000000 6.028157 48.000000
v 120.000000 5.981431 48.000000
f 2521 2522 2523
v 120.000000 5.981431 48.000000
v 120.000000 5.775916 40.000000
v 112.000000 5.858768 40.000000
f 2524 2525 2526
v 112.000000 6.028157 48.000000
v 112.000000 6.072027 56.000000
v 120.000000 6.070809 56.000000
f 2527 2528 2529
v 120.000000 6.070809 56.000000
v 120.000000 5.981431 48.000000
v 112.000000 6.028157 48.000000
f 2530 2531 2532
v 112.000000 6.072027 56.000000
v 112.000000 6.013124 64.000000
v 120.000000 6.060684 64.000000
f 2533 2534 2535
v 120.000000 6.060684 64.000000
v 120.000000 6.070809 56.000000
v 112.000000 6.072027 56.000000
f 2536 2537 2538
v 112.000000 6.013124 64.000000
v 112.000000 5.883691 72.000000
v 120.000000 5.977148 72.000000
f 2539 2540 2541
v 120.000000 5.977148 72.000000
v 120.000000 6.060684 64.000000
v 112.000000 6.013124 64.000000
f 2542 2543 2544
v 112.000000 5.883691 72.000000
v 112.000000 5.718956 80.000000
v 120.000000 5.850494 80.000000
f 2545 2546 2547
v 120.000000 5.850494 80.000000
v 120.000000 5.977148 72.000000
v 112.000000 5.883691 72.000000
f 2548 2549 2550
v 112.000000 5.718956 80.000000
v 112.000000 5.551241 88.000000
v 120.000000 5.710135 88.000000
f 2551 2552 2553
v 120.000000 5.710135 88.000000
v 120.000000 5.850494 80.000000
v 112.000000 5.718956 80.000000
f 2554 2555 2556
v 112.000000 5.551241 88.000000
v 112.000000 5.405949 96.000000
v 120.000000 5.580792 96.000000
f 2557 2558 2559
v 120.000000 5.580792 96.000000
v 120.000000 5.710135 88.000000
v 112.000000 5.551241 88.000000
f 2560 2561 2562
v 112.000000 5.405949 96.000000
v 112.000000 5.299848 104.000000
v 120.000000 5.480435 104.000000
f 2563 2564 2565
v 120.000000 5.480435 104.000000
v 120.000000 5.580792 96.000000
v 112.000000 5.405949 96.000000
f 2566 2567 2568
v 112.000000 5.299848 104.000000
v 112.000000 5.241363 112.000000
v 120.000000 5.419880 112.000000
f 2569 2570 2571
v 120.000000 5.419880 112.000000
v 120.000000 5.480435 104.000000
v 112.000000 5.299848 104.000000
f 2572 2573 2574
v 112.000000 5.241363 112.000000
v 112.000000 5.232135 120.000000
v 120.000000 5.403588 120.000000
f 2575 2576 2577
v 120.000000 5.403588 120.000000
v 120.000000 5.419880 112.000000
v 112.000000 5.241363 112.000000
f 2578 2579 2580
v 112.000000 5.232135 120.000000
v 112.000000 5.269093 128.000000
v 120.000000 5.431104 128.000000
f 2581 2582 2583
v 120.000000 5.431104 128.000000
v 120.000000 5.403588 120.000000
v 112.000000 5.232135 120.000000
f 2584 2585 2586
v 113.907692 5.382988 136.000000
v 120.000000 5.498646 136.000000
v 120.000000 5.431104 128.000000
f 2587 2588 2589
v 113.907692 5.382988 136.000000
v 112.000000 5.269093 128.000000
v 112.000000 5.331494 134.708333
f 2590 2591 2592
v 112.000000 5.269093 128.000000
v 113.907692 5.382988 136.000000
v 120.000000 5.431104 128.000000
f 2593 2594 2595
v 120.000000 5.547299 140.125000
v 120.000000 5.498646 136.000000
v 113.907692 5.382988 136.000000
f 2596 2597 2598
v 128.000000 0.304620 -66.251852
v 120.000000 0.253377 -64.000000
v 128.000000 0.368454 -64.000000
f 2599 2600 2601
v 120.000000 0.253377 -64.000000
v 128.000000 0.304620 -66.251852
v 120.000000 0.135127 -68.148148
f 2602 2603 2604
v 120.000000 0.408906 -58.777778
v 128.000000 0.368454 -64.000000
v 120.000000 0.253377 -64.000000
f 2605 2606 2607
v 128.000000 0.368454 -64.000000
v 120.000000 0.408906 -58.777778
v 128.000000 0.542779 -58.066667
f 2608 2609 2610
v 128.000000 1.051563 -42.800000
v 120.000000 1.066189 -40.000000
v 128.000000 1.157823 -40.000000
f 2611 2612 2613
v 120.000000 1.066189 -40.000000
v 128.000000 1.051563 -42.800000
v 120.000000 0.934830 -43.333333
f 2614 2615 2616
v 120.000000 1.066189 -40.000000
v 120.000000 1.415488 -32.000000
v 128.000000 1.490322 -32.000000
f 2617 2618 2619
v 128.000000 1.490322 -32.000000
v 128.000000 1.157823 -40.000000
v 120.000000 1.066189 -40.000000
f 2620 2621 2622
v 120.000000 1.415488 -32.000000
v 120.000000 1.819533 -24.000000
v 128.000000 1.871649 -24.000000
f 2623 2624 2625
v 128.000000 1.871649 -24.000000
v 128.000000 1.490322 -32.000000
v 120.000000 1.415488 -32.000000
f 2626 2627 2628
v 120.000000 1.819533 -24.000000
v 120.000000 2.282395 -16.000000
v 128.000000 2.306056 -16.000000
f 2629 2630 2631
v 128.000000 2.306056 -16.000000
v 128.000000 1.871649 -24.000000
v 120.000000 1.819533 -24.000000
f 2632 2633 2634
v 120.000000 2.282395 -16.000000
v 120.000000 2.800534 -8.000000
v 128.000000 2.791454 -8.000000
f 2635 2636 2637
v 128.000000 2.791454 -8.000000
v 128.000000 2.306056 -16.000000
v 120.000000 2.282395 -16.000000
f 2638 2639 2640
v 120.000000 2.800534 -8.000000
v 120.000000 3.360573 0.000000
v 128.000000 3.317382 0.000000
f 2641 2642 2643
v 128.000000 3.317382 0.000000
v 128.000000 2.791454 -8.000000
v 120.000000 2.800534 -8.000000
f 2644 2645 2646
v 120.000000 3.360573 0.000000
v 120.000000 3.938853 8.000000
v 128.000000 3.864368 8.000000
f 2647 2648 2649
v 128.000000 3.864368 8.000000
v 128.000000 3.317382 0.000000
v 120.000000 3.360573 0.000000
f 2650 2651 2652
v 120.000000 3.938853 8.000000
v 120.000000 4.503445 16.000000
v 128.000000 4.405327 16.000000
f 2653 2654 2655
v 128.000000 4.405327 16.000000
v 128.000000 3.864368 8.000000
v 120.000000 3.938853 8.000000
f 2656 2657 2658
v 120.000000 4.503445 16.000000
v 120.000000 5.018647 24.000000
v 128.000000 4.909041 24.000000
f 2659 2660 2661
v 128.000000 4.909041 24.000000
v 128.000000 4.405327 16.000000
v 120.000000 4.503445 16.000000
f 2662 2663 2664
v 120.000000 5.018647 24.000000
v 120.000000 5.451085 32.000000
v 128.000000 5.345151 32.000000
f 2665 2666 2667
v 128.000000 5.345151 32.000000
v 128.000000 4.909041 24.000000
v 120.000000 5.018647 24.000000
f 2668 2669 2670
v 120.000000 5.451085 32.000000
v 120.000000 5.775916 40.000000
v 128.000000 5.689475 40.000000
f 2671 2672 2673
v 128.000000 5.689475 40.000000
v 128.000000 5.345151 32.000000
v 120.000000 5.451085 32.000000
f 2674 2675 2676
v 120.000000 5.775916 40.000000
v 120.000000 5.981431 48.000000
v 128.000000 5.928263 48.000000
f 2677 2678 2679
v 128.000000 5.928263 48.000000
v 128.000000 5.689475 40.000000
v 120.000000 5.775916 40.000000
f 2680 2681 2682
v 120.000000 5.981431 48.000000
v 120.000000 6.070809 56.000000
v 128.000000 6.060323 56.000000
f 2683 2684 2685
v 128.000000 6.060323 56.000000
v 128.000000 5.928263 48.000000
v 120.000000 5.981431 48.000000
f 2686 2687 2688
v 120.000000 6.070809 56.000000
v 120.000000 6.060684 64.000000
v 128.000000 6.096543 64.000000
f 2689 2690 2691
v 128.000000 6.096543 64.000000
v 128.000000 6.060323 56.000000
v 120.000000 6.070809 56.000000
f 2692 2693 2694
v 120.000000 6.060684 64.000000
v 120.000000 5.977148 72.000000
v 128.000000 6.057174 72.000000
f 2695 2696 2697
v 128.000000 6.057174 72.000000
v 128.000000 6.096543 64.000000
v 120.000000 6.060684 64.000000
f 2698 2699 2700
v 120.000000 5.977148 72.000000
v 120.000000 5.850494 80.000000
v 128.000000 5.967762 80.000000
f 2701 2702 2703
v 128.000000 5.967762 80.000000
v 128.000000 6.057174 72.000000
v 120.000000 5.977148 72.000000
f 2704 2705 2706
v 120.000000 5.850494 80.000000
v 120.000000 5.710135 88.000000
v 128.000000 5.854846 88.000000
f 2707 2708 2709
v 128.000000 5.854846 88.000000
v 128.000000 5.967762 80.000000
v 120.000000 5.850494 80.000000
f 2710 2711 2712
v 120.000000 5.710135 88.000000
v 120.000000 5.580792 96.000000
v 128.000000 5.742357 96.000000
f 2713 2714 2715
v 128.000000 5.742357 96.000000
v 128.000000 5.854846 88.000000
v 120.000000 5.710135 88.000000
f 2716 2717 2718
v 120.000000 5.580792 96.000000
v 120.000000 5.480435 104.000000
v 128.000000 5.649253 104.000000
f 2719 2720 2721
v 128.000000 5.649253 104.000000
v 128.000000 5.742357 96.000000
v 120.000000 5.580792 96.000000
f 2722 2723 2724
v 120.000000 5.480435 104.000000
v 120.000000 5.419880 112.000000
v 128.000000 5.588488 112.000000
f 2725 2726 2727
v 128.000000 5.588488 112.000000
v 128.000000 5.649253 104.000000
v 120.000000 5.480435 104.000000
f 2728 2729 2730
v 120.000000 5.419880 112.000000
v 120.000000 5.403588 120.000000
v 128.000000 5.567095 120.000000
f 2731 2732 2733
v 128.000000 5.567095 120.000000
v 128.000000 5.588488 112.000000
v 120.000000 5.419880 112.000000
f 2734 2735 2736
v 120.000000 5.403588 120.000000
v 120.000000 5.431104 128.000000
v 128.000000 5.587029 128.000000
f 2737 2738 2739
v 128.000000 5.587029 128.000000
v 128.000000 5.567095 120.000000
v 120.000000 5.403588 120.000000
f 2740 2741 2742
v 120.000000 5.431104 128.000000
v 120.000000 5.498646 136.000000
v 128.000000 5.646402 136.000000
f 2743 2744 2745
v 128.000000 5.646402 136.000000
v 128.000000 5.587029 128.000000
v 120.000000 5.431104 128.000000
f 2746 2747 2748
v 120.000000 5.547299 140.125000
v 128.000000 5.646402 136.000000
v 120.000000 5.498646 136.000000
f 2749 2750 2751
v 128.000000 5.646402 136.000000
v 120.000000 5.547299 140.125000
v 128.000000 5.706928 141.425000
f 2752 2753 2754
v 136.000000 0.473857 -64.355556
v 128.000000 0.368454 -64.000000
v 136.000000 0.483878 -64.000000
f 2755 2756 2757
v 128.000000 0.368454 -64.000000
v 136.000000 0.473857 -64.355556
v 128.000000 0.304620 -66.251852
f 2758 2759 2760
v 128.000000 0.542779 -58.066667
v 136.000000 0.483878 -64.000000
v 128.000000 0.368454 -64.000000
f 2761 2762 2763
v 136.000000 0.483878 -64.000000
v 128.000000 0.542779 -58.066667
v 136.000000 0.676556 -57.355556
f 2764 2765 2766
v 136.000000 1.168862 -42.266667
v 128.000000 1.157823 -40.000000
v 136.000000 1.251815 -40.000000
f 2767 2768 2769
v 128.000000 1.157823 -40.000000
v 136.000000 1.168862 -42.266667
v 128.000000 1.051563 -42.800000
f 2770 2771 2772
v 128.000000 1.157823 -40.000000
v 128.000000 1.490322 -32.000000
v 136.000000 1.568985 -32.000000
f 2773 2774 2775
v 136.000000 1.568985 -32.000000
v 136.000000 1.251815 -40.000000
v 128.000000 1.157823 -40.000000
f 2776 2777 2778
v 128.000000 1.490322 -32.000000
v 128.000000 1.871649 -24.000000
v 136.000000 1.929562 -24.000000
f 2779 2780 2781
v 136.000000 1.929562 -24.000000
v 136.000000 1.568985 -32.000000
v 128.000000 1.490322 -32.000000
f 2782 2783 2784
v 128.000000 1.871649 -24.000000
v 128.000000 2.306056 -16.000000
v 136.000000 2.337916 -16.000000
f 2785 2786 2787
v 136.000000 2.337916 -16.000000
v 136.000000 1.929562 -24.000000
v 128.000000 1.871649 -24.000000
f 2788 2789 2790
v 128.000000 2.306056 -16.000000
v 128.000000 2.791454 -8.000000
v 136.000000 2.793201 -8.000000
f 2791 2792 2793
v 136.000000 2.793201 -8.000000
v 136.000000 2.337916 -16.000000
v 128.000000 2.306056 -16.000000
f 2794 2795 2796
v 128.000000 2.791454 -8.000000
v 128.000000 3.317382 0.000000
v 136.000000 3.287503 0.000000
f 2797 2798 2799
v 136.000000 3.287503 0.000000
v 136.000000 2.793201 -8.000000
v 128.000000 2.791454 -8.000000
f 2800 2801 2802
v 128.000000 3.317382 0.000000
v 128.000000 3.864368 8.000000
v 136.000000 3.805058 8.000000
f 2803 2804 2805
v 136.000000 3.805058 8.000000
v 136.000000 3.287503 0.000000
v 128.000000 3.317382 0.000000
f 2806 2807 2808
v 128.000000 3.864368 8.000000
v 128.000000 4.405327 16.000000
v 136.000000 4.323097 16.000000
f 2809 2810 2811
v 136.000000 4.323097 16.000000
v 136.000000 3.805058 8.000000
v 128.000000 3.864368 8.000000
f 2812 2813 2814
v 128.000000 4.405327 16.000000
v 128.000000 4.909041 24.000000
v 136.000000 4.814462 24.000000
f 2815 2816 2817
v 136.000000 4.814462 24.000000
v 136.000000 4.323097 16.000000
v 128.000000 4.405327 16.000000
f 2818 2819 2820
v 128.000000 4.909041 24.000000
v 128.000000 5.345151 32.000000
v 136.000000 5.251603 32.000000
f 2821 2822 2823
v 136.000000 5.251603 32.000000
v 136.000000 4.814462 24.000000
v 128.000000 4.909041 24.000000
f 2824 2825 2826
v 128.000000 5.345151 32.000000
v 128.000000 5.689475 40.000000
v 136.000000 5.611103 40.000000
f 2827 2828 2829
v 136.000000 5.611103 40.000000
v 136.000000 5.251603 32.000000
v 128.000000 5.345151 32.000000
f 2830 2831 2832
v 128.000000 5.689475 40.000000
v 128.000000 5.928263 48.000000
v 136.000000 5.877617 48.000000
f 2833 2834 2835
v 136.000000 5.877617 48.000000
v 136.000000 5.611103 40.000000
v 128.000000 5.689475 40.000000
f 2836 2837 2838
v 128.000000 5.928263 48.000000
v 128.000000 6.060323 56.000000
v 136.000000 6.046271 56.000000
f 2839 2840 2841
v 136.000000 6.046271 56.000000
v 136.000000 5.877617 48.000000
v 128.000000 5.928263 48.000000
f 2842 2843 2844
v 128.000000 6.060323 56.000000
v 128.000000 6.096543 64.000000
v 136.000000 6.123014 64.000000
f 2845 2846 2847
v 136.000000 6.123014 64.000000
v 136.000000 6.046271 56.000000
v 128.000000 6.060323 56.000000
f 2848 2849 2850
v 128.000000 6.096543 64.000000
v 128.000000 6.057174 72.000000
v 136.000000 6.122994 72.000000
f 2851 2852 2853
v 136.000000 6.122994 72.000000
v 136.000000 6.123014 64.000000
v 128.000000 6.096543 64.000000
f 2854 2855 2856
v 128.000000 6.057174 72.000000
v 128.000000 5.967762 80.000000
v 136.000000 6.067528 80.000000
f 2857 2858 2859
v 136.000000 6.067528 80.000000
v 136.000000 6.122994 72.000000
v 128.000000 6.057174 72.000000
f 2860 2861 2862
v 128.000000 5.967762 80.000000
v 128.000000 5.854846 88.000000
v 136.000000 5.980499 88.000000
f 2863 2864 2865
v 136.000000 5.980499 88.000000
v 136.000000 6.067528 80.000000
v 128.000000 5.967762 80.000000
f 2866 2867 2868
v 128.000000 5.854846 88.000000
v 128.000000 5.742357 96.000000
v 136.000000 5.884961 96.000000
f 2869 2870 2871
v 136.000000 5.884961 96.000000
v 136.000000 5.980499 88.000000
v 128.000000 5.854846 88.000000
f 2872 2873 2874
v 128.000000 5.742357 96.000000
v 128.000000 5.649253 104.000000
v 136.000000 5.800542 104.000000
f 2875 2876 2877
v 136.000000 5.800542 104.000000
v 136.000000 5.884961 96.000000
v 128.000000 5.742357 96.000000
f 2878 2879 2880
v 128.000000 5.649253 104.000000
v 128.000000 5.588488 112.000000
v 136.000000 5.741883 112.000000
f 2881 2882 2883
v 136.000000 5.741883 112.000000
v 136.000000 5.800542 104.000000
v 128.000000 5.649253 104.000000
f 2884 2885 2886
v 128.000000 5.588488 112.000000
v 128.000000 5.567095 120.000000
v 136.000000 5.718124 120.000000
f 2887 2888 2889
v 136.000000 5.718124 120.000000
v 136.000000 5.741883 112.000000
v 128.000000 5.588488 112.000000
f 2890 2891 2892
v 128.000000 5.567095 120.000000
v 128.000000 5.587029 128.000000
v 136.000000 5.733241 128.000000
f 2893 2894 2895
v 136.000000 5.733241 128.000000
v 136.000000 5.718124 120.000000
v 128.000000 5.567095 120.000000
f 2896 2897 2898
v 128.000000 5.587029 128.000000
v 128.000000 5.646402 136.000000
v 136.000000 5.786955 136.000000
f 2899 2900 2901
v 136.000000 5.786955 136.000000
v 136.000000 5.733241 128.000000
v 128.000000 5.587029 128.000000
f 2902 2903 2904
v 128.000000 5.706928 141.425000
v 136.000000 5.786955 136.000000
v 128.000000 5.646402 136.000000
f 2905 2906 2907
v 136.000000 5.786955 136.000000
v 128.000000 5.706928 141.425000
v 136.000000 5.859591 142.725000
f 2908 2909 2910
v 136.000000 0.473857 -64.355556
v 136.000000 0.483878 -64.000000
v 137.500000 0.505568 -64.000000
f 2911 2912 2913
v 140.000000 0.743488 -57.000000
v 144.000000 0.813081 -56.555556
v 144.000000 0.642903 -62.459259
f 2914 2915 2916
v 136.000000 0.676556 -57.355556
v 137.500000 0.505568 -64.000000
v 136.000000 0.483878 -64.000000
f 2917 2918 2919
v 137.500000 0.505568 -64.000000
v 136.000000 0.676556 -57.355556
v 140.000000 0.743488 -57.000000
f 2920 2921 2922
v 137.500000 0.505568 -64.000000
v 140.000000 0.743488 -57.000000
v 144.000000 0.642903 -62.459259
f 2923 2924 2925
v 140.000000 1.227968 -42.000000
v 136.000000 1.168862 -42.266667
v 136.000000 1.251815 -40.000000
f 2926 2927 2928
v 140.000000 1.227968 -42.000000
v 144.000000 1.348743 -40.000000
v 144.000000 1.284293 -41.822222
f 2929 2930 2931
v 144.000000 1.348743 -40.000000
v 140.000000 1.227968 -42.000000
v 136.000000 1.251815 -40.000000
f 2932 2933 2934
v 136.000000 1.251815 -40.000000
v 136.000000 1.568985 -32.000000
v 144.000000 1.652424 -32.000000
f 2935 2936 2937
v 144.000000 1.652424 -32.000000
v 144.000000 1.348743 -40.000000
v 136.000000 1.251815 -40.000000
f 2938 2939 2940
v 136.000000 1.568985 -32.000000
v 136.000000 1.929562 -24.000000
v 144.000000 1.994713 -24.000000
f 2941 2942 2943
v 144.000000 1.994713 -24.000000
v 144.000000 1.652424 -32.000000
v 136.000000 1.568985 -32.000000
f 2944 2945 2946
v 136.000000 1.929562 -24.000000
v 136.000000 2.337916 -16.000000
v 144.000000 2.380011 -16.000000
f 2947 2948 2949
v 144.000000 2.380011 -16.000000
v 144.000000 1.994713 -24.000000
v 136.000000 1.929562 -24.000000
f 2950 2951 2952
v 136.000000 2.337916 -16.000000
v 136.000000 2.793201 -8.000000
v 144.000000 2.808441 -8.000000
f 2953 2954 2955
v 144.000000 2.808441 -8.000000
v 144.000000 2.380011 -16.000000
v 136.000000 2.337916 -16.000000
f 2956 2957 2958
v 136.000000 2.793201 -8.000000
v 136.000000 3.287503 0.000000
v 144.000000 3.274167 0.000000
f 2959 2960 2961
v 144.000000 3.274167 0.000000
v 144.000000 2.808441 -8.000000
v 136.000000 2.793201 -8.000000
f 2962 2963 2964
v 136.000000 3.287503 0.000000
v 136.000000 3.805058 8.000000
v 144.000000 3.764509 8.000000
f 2965 2966 2967
v 144.000000 3.764509 8.000000
v 144.000000 3.274167 0.000000
v 136.000000 3.287503 0.000000
f 2968 2969 2970
v 136.000000 3.805058 8.000000
v 136.000000 4.323097 16.000000
v 144.000000 4.260355 16.000000
f 2971 2972 2973
v 144.000000 4.260355 16.000000
v 144.000000 3.764509 8.000000
v 136.000000 3.805058 8.000000
f 2974 2975 2976
v 136.000000 4.323097 16.000000
v 136.000000 4.814462 24.000000
v 144.000000 4.738060 24.000000
f 2977 2978 2979
v 144.000000 4.738060 24.000000
v 144.000000 4.260355 16.000000
v 136.000000 4.323097 16.000000
f 2980 2981 2982
v 136.000000 4.814462 24.000000
v 136.000000 5.251603 32.000000
v 144.000000 5.172634 32.000000
f 2983 2984 2985
v 144.000000 5.172634 32.000000
v 144.000000 4.738060 24.000000
v 136.000000 4.814462 24.000000
f 2986 2987 2988
v 136.000000 5.251603 32.000000
v 136.000000 5.611103 40.000000
v 144.000000 5.541584 40.000000
f 2989 2990 2991
v 144.000000 5.541584 40.000000
v 144.000000 5.172634 32.000000
v 136.000000 5.251603 32.000000
f 2992 2993 2994
v 136.000000 5.611103 40.000000
v 136.000000 5.877617 48.000000
v 144.000000 5.828548 48.000000
f 2995 2996 2997
v 144.000000 5.828548 48.000000
v 144.000000 5.541584 40.000000
v 136.000000 5.611103 40.000000
f 2998 2999 3000
v 136.000000 5.877617 48.000000
v 136.000000 6.046271 56.000000
v 144.000000 6.025884 56.000000
f 3001 3002 3003
v 144.000000 6.025884 56.000000
v 144.000000 5.828548 48.000000
v 136.000000 5.877617 48.000000
f 3004 3005 3006
v 136.000000 6.046271 56.000000
v 136.000000 6.123014 64.000000
v 144.000000 6.135645 64.000000
f 3007 3008 3009
v 144.000000 6.135645 64.000000
v 144.000000 6.025884 56.000000
v 136.000000 6.046271 56.000000
f 3010 3011 3012
v 136.000000 6.123014 64.000000
v 136.000000 6.122994 72.000000
v 144.000000 6.168823 72.000000
f 3013 3014 3015
v 144.000000 6.168823 72.000000
v 144.000000 6.135645 64.000000
v 136.000000 6.123014 64.000000
f 3016 3017 3018
v 136.000000 6.122994 72.000000
v 136.000000 6.067528 80.000000
v 144.000000 6.143172 80.000000
f 3019 3020 3021
v 144.000000 6.143172 80.000000
v 144.000000 6.168823 72.000000
v 136.000000 6.122994 72.000000
f 3022 3023 3024
v 136.000000 6.067528 80.000000
v 136.000000 5.980499 88.000000
v 144.000000 6.080186 88.000000
f 3025 3026 3027
v 144.000000 6.080186 88.000000
v 144.000000 6.143172 80.000000
v 136.000000 6.067528 80.000000
f 3028 3029 3030
v 136.000000 5.980499 88.000000
v 136.000000 5.884961 96.000000
v 144.000000 6.001918 96.000000
f 3031 3032 3033
v 144.000000 6.001918 96.000000
v 144.000000 6.080186 88.000000
v 136.000000 5.980499 88.000000
f 3034 3035 3036
v 136.000000 5.884961 96.000000
v 136.000000 5.800542 104.000000
v 144.000000 5.928233 104.000000
f 3037 3038 3039
v 144.000000 5.928233 104.000000
v 144.000000 6.001918 96.000000
v 136.000000 5.884961 96.000000
f 3040 3041 3042
v 136.000000 5.800542 104.000000
v 136.000000 5.741883 112.000000
v 144.000000 5.874866 112.000000
f 3043 3044 3045
v 144.000000 5.874866 112.000000
v 144.000000 5.928233 104.000000
v 136.000000 5.800542 104.000000
f 3046 3047 3048
v 136.000000 5.741883 112.000000
v 136.000000 5.718124 120.000000
v 144.000000 5.852454 120.000000
f 3049 3050 3051
v 144.000000 5.852454 120.000000
v 144.000000 5.874866 112.000000
v 136.000000 5.741883 112.000000
f 3052 3053 3054
v 136.000000 5.718124 120.000000
v 136.000000 5.733241 128.000000
v 144.000000 5.866474 128.000000
f 3055 3056 3057
v 144.000000 5.866474 128.000000
v 144.000000 5.852454 120.000000
v 136.000000 5.718124 120.000000
f 3058 3059 3060
v 136.000000 5.733241 128.000000
v 136.000000 5.786955 136.000000
v 144.000000 5.917896 136.000000
f 3061 3062 3063
v 144.000000 5.917896 136.000000
v 144.000000 5.866474 128.000000
v 136.000000 5.733241 128.000000
f 3064 3065 3066
v 143.846154 6.001877 144.000000
v 144.000000 6.004272 144.000000
v 144.000000 5.917896 136.000000
f 3067 3068 3069
v 144.000000 5.917896 136.000000
v 136.000000 5.786955 136.000000
v 136.000000 5.859591 142.725000
f 3070 3071 3072
v 136.000000 5.859591 142.725000
v 143.846154 6.001877 144.000000
v 144.000000 5.917896 136.000000
f 3073 3074 3075
v 144.000000 6.004593 144.025000
v 144.000000 6.004272 144.000000
v 143.846154 6.001877 144.000000
f 3076 3077 3078
v 149.000000 0.900061 -56.000000
v 152.000000 0.942486 -56.000000
v 152.000000 0.811698 -60.562963
f 3079 3080 3081
v 149.000000 0.900061 -56.000000
v 144.000000 0.642903 -62.459259
v 144.000000 0.813081 -56.555556
f 3082 3083 3084
v 144.000000 0.642903 -62.459259
v 149.000000 0.900061 -56.000000
v 152.000000 0.811698 -60.562963
f 3085 3086 3087
v 152.000000 0.952225 -55.666667
v 152.000000 0.942486 -56.000000
v 149.000000 0.900061 -56.000000
f 3088 3089 3090
v 152.000000 1.397984 -41.466667
v 144.000000 1.348743 -40.000000
v 152.000000 1.448235 -40.000000
f 3091 3092 3093
v 144.000000 1.348743 -40.000000
v 152.000000 1.397984 -41.466667
v 144.000000 1.284293 -41.822222
f 3094 3095 3096
v 144.000000 1.348743 -40.000000
v 144.000000 1.652424 -32.000000
v 152.000000 1.740073 -32.000000
f 3097 3098 3099
v 152.000000 1.740073 -32.000000
v 152.000000 1.448235 -40.000000
v 144.000000 1.348743 -40.000000
f 3100 3101 3102
v 144.000000 1.652424 -32.000000
v 144.000000 1.994713 -24.000000
v 152.000000 2.066270 -24.000000
f 3103 3104 3105
v 152.000000 2.066270 -24.000000
v 152.000000 1.740073 -32.000000
v 144.000000 1.652424 -32.000000
f 3106 3107 3108
v 144.000000 1.994713 -24.000000
v 144.000000 2.380011 -16.000000
v 152.000000 2.431146 -16.000000
f 3109 3110 3111
v 152.000000 2.431146 -16.000000
v 152.000000 2.066270 -24.000000
v 144.000000 1.994713 -24.000000
f 3112 3113 3114
v 144.000000 2.380011 -16.000000
v 144.000000 2.808441 -8.000000
v 152.000000 2.835509 -8.000000
f 3115 3116 3117
v 152.000000 2.835509 -8.000000
v 152.000000 2.431146 -16.000000
v 144.000000 2.380011 -16.000000
f 3118 3119 3120
v 144.000000 2.808441 -8.000000
v 144.000000 3.274167 0.000000
v 152.000000 3.275118 0.000000
f 3121 3122 3123
v 152.000000 3.275118 0.000000
v 152.000000 2.835509 -8.000000
v 144.000000 2.808441 -8.000000
f 3124 3125 3126
v 144.000000 3.274167 0.000000
v 144.000000 3.764509 8.000000
v 152.000000 3.739757 8.000000
f 3127 3128 3129
v 152.000000 3.739757 8.000000
v 152.000000 3.275118 0.000000
v 144.000000 3.274167 0.000000
f 3130 3131 3132
v 144.000000 3.764509 8.000000
v 144.000000 4.260355 16.000000
v 152.000000 4.213318 16.000000
f 3133 3134 3135
v 152.000000 4.213318 16.000000
v 152.000000 3.739757 8.000000
v 144.000000 3.764509 8.000000
f 3136 3137 3138
v 144.000000 4.260355 16.000000
v 144.000000 4.738060 24.000000
v 152.000000 4.675170 24.000000
f 3139 3140 3141
v 152.000000 4.675170 24.000000
v 152.000000 4.213318 16.000000
v 144.000000 4.260355 16.000000
f 3142 3143 3144
v 144.000000 4.738060 24.000000
v 144.000000 5.172634 32.000000
v 152.000000 5.102687 32.000000
f 3145 3146 3147
v 152.000000 5.102687 32.000000
v 152.000000 4.675170 24.000000
v 144.000000 4.738060 24.000000
f 3148 3149 3150
v 144.000000 5.172634 32.000000
v 144.000000 5.541584 40.000000
v 152.000000 5.474530 40.000000
f 3151 3152 3153
v 152.000000 5.474530 40.000000
v 152.000000 5.102687 32.000000
v 144.000000 5.172634 32.000000
f 3154 3155 3156
v 144.000000 5.541584 40.000000
v 144.000000 5.828548 48.000000
v 152.000000 5.773987 48.000000
f 3157 3158 3159
v 152.000000 5.773987 48.000000
v 152.000000 5.474530 40.000000
v 144.000000 5.541584 40.000000
f 3160 3161 3162
v 144.000000 5.828548 48.000000
v 144.000000 6.025884 56.000000
v 152.000000 5.991631 56.000000
f 3163 3164 3165
v 152.000000 5.991631 56.000000
v 152.000000 5.773987 48.000000
v 144.000000 5.828548 48.000000
f 3166 3167 3168
v 144.000000 6.025884 56.000000
v 144.000000 6.135645 64.000000
v 152.000000 6.126719 64.000000
f 3169 3170 3171
v 152.000000 6.126719 64.000000
v 152.000000 5.991631 56.000000
v 144.000000 6.025884 56.000000
f 3172 3173 3174
v 144.000000 6.135645 64.000000
v 144.000000 6.168823 72.000000
v 152.000000 6.187065 72.000000
f 3175 3176 3177
v 152.000000 6.187065 72.000000
v 152.000000 6.126719 64.000000
v 144.000000 6.135645 64.000000
f 3178 3179 3180
v 144.000000 6.168823 72.000000
v 144.000000 6.143172 80.000000
v 152.000000 6.187509 80.000000
f 3181 3182 3183
v 152.000000 6.187509 80.000000
v 152.000000 6.187065 72.000000
v 144.000000 6.168823 72.000000
f 3184 3185 3186
v 144.000000 6.143172 80.000000
v 144.000000 6.080186 88.000000
v 152.000000 6.147379 88.000000
f 3187 3188 3189
v 152.000000 6.147379 88.000000
v 152.000000 6.187509 80.000000
v 144.000000 6.143172 80.000000
f 3190 3191 3192
v 144.000000 6.080186 88.000000
v 144.000000 6.001918 96.000000
v 152.000000 6.087526 96.000000
f 3193 3194 3195
v 152.000000 6.087526 96.000000
v 152.000000 6.147379 88.000000
v 144.000000 6.080186 88.000000
f 3196 3197 3198
v 144.000000 6.001918 96.000000
v 144.000000 5.928233 104.000000
v 152.000000 6.027538 104.000000
f 3199 3200 3201
v 152.000000 6.027538 104.000000
v 152.000000 6.087526 96.000000
v 144.000000 6.001918 96.000000
f 3202 3203 3204
v 144.000000 5.928233 104.000000
v 144.000000 5.874866 112.000000
v 152.000000 5.983573 112.000000
f 3205 3206 3207
v 152.000000 5.983573 112.000000
v 152.000000 6.027538 104.000000
v 144.000000 5.928233 104.000000
f 3208 3209 3210
v 144.000000 5.874866 112.000000
v 144.000000 5.852454 120.000000
v 152.000000 5.967086 120.000000
f 3211 3212 3213
v 152.000000 5.967086 120.000000
v 152.000000 5.983573 112.000000
v 144.000000 5.874866 112.000000
f 3214 3215 3216
v 144.000000 5.852454 120.000000
v 144.000000 5.866474 128.000000
v 152.000000 5.984491 128.000000
f 3217 3218 3219
v 152.000000 5.984491 128.000000
v 152.000000 5.967086 120.000000
v 144.000000 5.852454 120.000000
f 3220 3221 3222
v 144.000000 5.866474 128.000000
v 144.000000 5.917896 136.000000
v 152.000000 6.037616 136.000000
f 3223 3224 3225
v 152.000000 6.037616 136.000000
v 152.000000 5.984491 128.000000
v 144.000000 5.866474 128.000000
f 3226 3227 3228
v 151.400000 6.115949 144.000000
v 152.000000 6.037616 136.000000
v 144.000000 5.917896 136.000000
f 3229 3230 3231
v 144.000000 5.917896 136.000000
v 144.000000 6.004272 144.000000
v 151.400000 6.115949 144.000000
f 3232 3233 3234
v 152.000000 6.037616 136.000000
v 151.400000 6.115949 144.000000
v 152.000000 6.119230 143.571429
f 3235 3236 3237
v 150.000000 6.108399 145.000000
v 144.000000 6.004272 144.000000
v 144.000000 6.004593 144.025000
f 3238 3239 3240
v 144.000000 6.004272 144.000000
v 150.000000 6.108399 145.000000
v 151.400000 6.115949 144.000000
f 3241 3242 3243
v 160.000000 0.980054 -58.666667
v 152.000000 0.942486 -56.000000
v 160.000000 1.055875 -56.000000
f 3244 3245 3246
v 152.000000 0.942486 -56.000000
v 160.000000 0.980054 -58.666667
v 152.000000 0.811698 -60.562963
f 3247 3248 3249
v 152.000000 0.952225 -55.666667
v 160.000000 1.055875 -56.000000
v 152.000000 0.942486 -56.000000
f 3250 3251 3252
v 160.000000 1.055875 -56.000000
v 152.000000 0.952225 -55.666667
v 160.000000 1.091120 -54.777778
f 3253 3254 3255
v 160.000000 1.512498 -41.111111
v 152.000000 1.448235 -40.000000
v 160.000000 1.549446 -40.000000
f 3256 3257 3258
v 152.000000 1.448235 -40.000000
v 160.000000 1.512498 -41.111111
v 152.000000 1.397984 -41.466667
f 3259 3260 3261
v 152.000000 1.448235 -40.000000
v 152.000000 1.740073 -32.000000
v 160.000000 1.830610 -32.000000
f 3262 3263 3264
v 160.000000 1.830610 -32.000000
v 160.000000 1.549446 -40.000000
v 152.000000 1.448235 -40.000000
f 3265 3266 3267
v 152.000000 1.740073 -32.000000
v 152.000000 2.066270 -24.000000
v 160.000000 2.142255 -24.000000
f 3268 3269 3270
v 160.000000 2.142255 -24.000000
v 160.000000 1.830610 -32.000000
v 152.000000 1.740073 -32.000000
f 3271 3272 3273
v 152.000000 2.066270 -24.000000
v 152.000000 2.431146 -16.000000
v 160.000000 2.488510 -16.000000
f 3274 3275 3276
v 160.000000 2.488510 -16.000000
v 160.000000 2.142255 -24.000000
v 152.000000 2.066270 -24.000000
f 3277 3278 3279
v 152.000000 2.431146 -16.000000
v 152.000000 2.835509 -8.000000
v 160.000000 2.870595 -8.000000
f 3280 3281 3282
v 160.000000 2.870595 -8.000000
v 160.000000 2.488510 -16.000000
v 152.000000 2.431146 -16.000000
f 3283 3284 3285
v 152.000000 2.835509 -8.000000
v 152.000000 3.275118 0.000000
v 160.000000 3.285443 0.000000
f 3286 3287 3288
v 160.000000 3.285443 0.000000
v 160.000000 2.870595 -8.000000
v 152.000000 2.835509 -8.000000
f 3289 3290 3291
v 152.000000 3.275118 0.000000
v 152.000000 3.739757 8.000000
v 160.000000 3.724761 8.000000
f 3292 3293 3294
v 160.000000 3.724761 8.000000
v 160.000000 3.285443 0.000000
v 152.000000 3.275118 0.000000
f 3295 3296 3297
v 152.000000 3.739757 8.000000
v 152.000000 4.213318 16.000000
v 160.000000 4.174918 16.000000
f 3298 3299 3300
v 160.000000 4.174918 16.000000
v 160.000000 3.724761 8.000000
v 152.000000 3.739757 8.000000
f 3301 3302 3303
v 152.000000 4.213318 16.000000
v 152.000000 4.675170 24.000000
v 160.000000 4.617905 24.000000
f 3304 3305 3306
v 160.000000 4.617905 24.000000
v 160.000000 4.174918 16.000000
v 152.000000 4.213318 16.000000
f 3307 3308 3309
v 152.000000 4.675170 24.000000
v 152.000000 5.102687 32.000000
v 160.000000 5.033369 32.000000
f 3310 3311 3312
v 160.000000 5.033369 32.000000
v 160.000000 4.617905 24.000000
v 152.000000 4.675170 24.000000
f 3313 3314 3315
v 152.000000 5.102687 32.000000
v 152.000000 5.474530 40.000000
v 160.000000 5.401421 40.000000
f 3316 3317 3318
v 160.000000 5.401421 40.000000
v 160.000000 5.033369 32.000000
v 152.000000 5.102687 32.000000
f 3319 3320 3321
v 152.000000 5.474530 40.000000
v 152.000000 5.773987 48.000000
v 160.000000 5.705673 48.000000
f 3322 3323 3324
v 160.000000 5.705673 48.000000
v 160.000000 5.401421 40.000000
v 152.000000 5.474530 40.000000
f 3325 3326 3327
v 152.000000 5.773987 48.000000
v 152.000000 5.991631 56.000000
v 160.000000 5.935855 56.000000
f 3328 3329 3330
v 160.000000 5.935855 56.000000
v 160.000000 5.705673 48.000000
v 152.000000 5.773987 48.000000
f 3331 3332 3333
v 152.000000 5.991631 56.000000
v 152.000000 6.126719 64.000000
v 160.000000 6.089441 64.000000
f 3334 3335 3336
v 160.000000 6.089441 64.000000
v 160.000000 5.935855 56.000000
v 152.000000 5.991631 56.000000
f 3337 3338 3339
v 152.000000 6.126719 64.000000
v 152.000000 6.187065 72.000000
v 160.000000 6.171936 72.000000
f 3340 3341 3342
v 160.000000 6.171936 72.000000
v 160.000000 6.089441 64.000000
v 152.000000 6.126719 64.000000
f 3343 3344 3345
v 152.000000 6.187065 72.000000
v 152.000000 6.187509 80.000000
v 160.000000 6.195810 80.000000
f 3346 3347 3348
v 160.000000 6.195810 80.000000
v 160.000000 6.171936 72.000000
v 152.000000 6.187065 72.000000
f 3349 3350 3351
v 152.000000 6.187509 80.000000
v 152.000000 6.147379 88.000000
v 160.000000 6.178352 88.000000
f 3352 3353 3354
v 160.000000 6.178352 88.000000
v 160.000000 6.195810 80.000000
v 152.000000 6.187509 80.000000
f 3355 3356 3357
v 152.000000 6.147379 88.000000
v 152.000000 6.087526 96.000000
v 160.000000 6.138952 96.000000
f 3358 3359 3360
v 160.000000 6.138952 96.000000
v 160.000000 6.178352 88.000000
v 152.000000 6.147379 88.000000
f 3361 3362 3363
v 152.000000 6.087526 96.000000
v 152.000000 6.027538 104.000000
v 160.000000 6.096376 104.000000
f 3364 3365 3366
v 160.000000 6.096376 104.000000
v 160.000000 6.138952 96.000000
v 152.000000 6.087526 96.000000
f 3367 3368 3369
v 152.000000 6.027538 104.000000
v 152.000000 5.983573 112.000000
v 160.000000 6.066519 112.000000
f 3370 3371 3372
v 160.000000 6.066519 112.000000
v 160.000000 6.096376 104.000000
v 152.000000 6.027538 104.000000
f 3373 3374 3375
v 152.000000 5.983573 112.000000
v 152.000000 5.967086 120.000000
v 160.000000 6.060989 120.000000
f 3376 3377 3378
v 160.000000 6.060989 120.000000
v 160.000000 6.066519 112.000000
v 152.000000 5.983573 112.000000
f 3379 3380 3381
v 152.000000 5.967086 120.000000
v 152.000000 5.984491 128.000000
v 160.000000 6.086594 128.000000
f 3382 3383 3384
v 160.000000 6.086594 128.000000
v 160.000000 6.060989 120.000000
v 152.000000 5.967086 120.000000
f 3385 3386 3387
v 152.000000 5.984491 128.000000
v 152.000000 6.037616 136.000000
v 160.000000 6.145658 136.000000
f 3388 3389 3390
v 160.000000 6.145658 136.000000
v 160.000000 6.086594 128.000000
v 152.000000 5.984491 128.000000
f 3391 3392 3393
v 160.000000 6.164077 137.857143
v 160.000000 6.145658 136.000000
v 152.000000 6.037616 136.000000
f 3394 3395 3396
v 152.000000 6.037616 136.000000
v 152.000000 6.119230 143.571429
v 160.000000 6.164077 137.857143
f 3397 3398 3399
v 168.000000 1.147708 -56.770370
v 160.000000 1.055875 -56.000000
v 168.000000 1.169422 -56.000000
f 3400 3401 3402
v 160.000000 1.055875 -56.000000
v 168.000000 1.147708 -56.770370
v 160.000000 0.980054 -58.666667
f 3403 3404 3405
v 160.000000 1.091120 -54.777778
v 168.000000 1.169422 -56.000000
v 160.000000 1.055875 -56.000000
f 3406 3407 3408
v 168.000000 1.169422 -56.000000
v 160.000000 1.091120 -54.777778
v 168.000000 1.229503 -53.888889
f 3409 3410 3411
v 168.000000 1.627131 -40.755556
v 160.000000 1.549446 -40.000000
v 168.000000 1.651531 -40.000000
f 3412 3413 3414
v 160.000000 1.549446 -40.000000
v 168.000000 1.627131 -40.755556
v 160.000000 1.512498 -41.111111
f 3415 3416 3417
v 160.000000 1.549446 -40.000000
v 160.000000 1.830610 -32.000000
v 168.000000 1.922688 -32.000000
f 3418 3419 3420
v 168.000000 1.922688 -32.000000
v 168.000000 1.651531 -40.000000
v 160.000000 1.549446 -40.000000
f 3421 3422 3423
v 160.000000 1.830610 -32.000000
v 160.000000 2.142255 -24.000000
v 168.000000 2.220646 -24.000000
f 3424 3425 3426
v 168.000000 2.220646 -24.000000
v 168.000000 1.922688 -32.000000
v 160.000000 1.830610 -32.000000
f 3427 3428 3429
v 160.000000 2.142255 -24.000000
v 160.000000 2.488510 -16.000000
v 168.000000 2.549230 -16.000000
f 3430 3431 3432
v 168.000000 2.549230 -16.000000
v 168.000000 2.220646 -24.000000
v 160.000000 2.142255 -24.000000
f 3433 3434 3435
v 160.000000 2.488510 -16.000000
v 160.000000 2.870595 -8.000000
v 168.000000 2.909851 -8.000000
f 3436 3437 3438
v 168.000000 2.909851 -8.000000
v 168.000000 2.549230 -16.000000
v 160.000000 2.488510 -16.000000
f 3439 3440 3441
v 160.000000 2.870595 -8.000000
v 160.000000 3.285443 0.000000
v 168.000000 3.300275 0.000000
f 3442 3443 3444
v 168.000000 3.300275 0.000000
v 168.000000 2.909851 -8.000000
v 160.000000 2.870595 -8.000000
f 3445 3446 3447
v 160.000000 3.285443 0.000000
v 160.000000 3.724761 8.000000
v 168.000000 3.713724 8.000000
f 3448 3449 3450
v 168.000000 3.713724 8.000000
v 168.000000 3.300275 0.000000
v 160.000000 3.285443 0.000000
f 3451 3452 3453
v 160.000000 3.724761 8.000000
v 160.000000 4.174918 16.000000
v 168.000000 4.138650 16.000000
f 3454 3455 3456
v 168.000000 4.138650 16.000000
v 168.000000 3.713724 8.000000
v 160.000000 3.724761 8.000000
f 3457 3458 3459
v 160.000000 4.174918 16.000000
v 160.000000 4.617905 24.000000
v 168.000000 4.559416 24.000000
f 3460 3461 3462
v 168.000000 4.559416 24.000000
v 168.000000 4.138650 16.000000
v 160.000000 4.174918 16.000000
f 3463 3464 3465
v 160.000000 4.617905 24.000000
v 160.000000 5.033369 32.000000
v 168.000000 4.957940 32.000000
f 3466 3467 3468
v 168.000000 4.957940 32.000000
v 168.000000 4.559416 24.000000
v 160.000000 4.617905 24.000000
f 3469 3470 3471
v 160.000000 5.033369 32.000000
v 160.000000 5.401421 40.000000
v 168.000000 5.316096 40.000000
f 3472 3473 3474
v 168.000000 5.316096 40.000000
v 168.000000 4.957940 32.000000
v 160.000000 5.033369 32.000000
f 3475 3476 3477
v 160.000000 5.401421 40.000000
v 160.000000 5.705673 48.000000
v 168.000000 5.618432 48.000000
f 3478 3479 3480
v 168.000000 5.618432 48.000000
v 168.000000 5.316096 40.000000
v 160.000000 5.401421 40.000000
f 3481 3482 3483
v 160.000000 5.705673 48.000000
v 160.000000 5.935855 56.000000
v 168.000000 5.854650 56.000000
f 3484 3485 3486
v 168.000000 5.854650 56.000000
v 168.000000 5.618432 48.000000
v 160.000000 5.705673 48.000000
f 3487 3488 3489
v 160.000000 5.935855 56.000000
v 160.000000 6.089441 64.000000
v 168.000000 6.021285 64.000000
f 3490 3491 3492
v 168.000000 6.021285 64.000000
v 168.000000 5.854650 56.000000
v 160.000000 5.935855 56.000000
f 3493 3494 3495
v 160.000000 6.089441 64.000000
v 160.000000 6.171936 72.000000
v 168.000000 6.122225 72.000000
f 3496 3497 3498
v 168.000000 6.122225 72.000000
v 168.000000 6.021285 64.000000
v 160.000000 6.089441 64.000000
f 3499 3500 3501
v 160.000000 6.171936 72.000000
v 160.000000 6.195810 80.000000
v 168.000000 6.167972 80.000000
f 3502 3503 3504
v 168.000000 6.167972 80.000000
v 168.000000 6.122225 72.000000
v 160.000000 6.171936 72.000000
f 3505 3506 3507
v 160.000000 6.195810 80.000000
v 160.000000 6.178352 88.000000
v 168.000000 6.173822 88.000000
f 3508 3509 3510
v 168.000000 6.173822 88.000000
v 168.000000 6.167972 80.000000
v 160.000000 6.195810 80.000000
f 3511 3512 3513
v 160.000000 6.178352 88.000000
v 160.000000 6.138952 96.000000
v 168.000000 6.157419 96.000000
f 3514 3515 3516
v 168.000000 6.157419 96.000000
v 168.000000 6.173822 88.000000
v 160.000000 6.178352 88.000000
f 3517 3518 3519
v 160.000000 6.138952 96.000000
v 160.000000 6.096376 104.000000
v 168.000000 6.136186 104.000000
f 3520 3521 3522
v 168.000000 6.136186 104.000000
v 168.000000 6.157419 96.000000
v 160.000000 6.138952 96.000000
f 3523 3524 3525
v 160.000000 6.096376 104.000000
v 160.000000 6.066519 112.000000
v 168.000000 6.125140 112.000000
f 3526 3527 3528
v 168.000000 6.125140 112.000000
v 168.000000 6.136186 104.000000
v 160.000000 6.096376 104.000000
f 3529 3530 3531
v 160.000000 6.066519 112.000000
v 160.000000 6.060989 120.000000
v 168.000000 6.135450 120.000000
f 3532 3533 3534
v 168.000000 6.135450 120.000000
v 168.000000 6.125140 112.000000
v 160.000000 6.066519 112.000000
f 3535 3536 3537
v 160.000000 6.060989 120.000000
v 160.000000 6.086594 128.000000
v 168.000000 6.173847 128.000000
f 3538 3539 3540
v 168.000000 6.173847 128.000000
v 168.000000 6.135450 120.000000
v 160.000000 6.060989 120.000000
f 3541 3542 3543
v 168.000000 6.205747 132.142857
v 168.000000 6.173847 128.000000
v 160.000000 6.086594 128.000000
f 3544 3545 3546
v 160.000000 6.086594 128.000000
v 160.000000 6.145658 136.000000
v 162.600000 6.178359 136.000000
f 3547 3548 3549
v 162.600000 6.178359 136.000000
v 168.000000 6.205747 132.142857
v 160.000000 6.086594 128.000000
f 3550 3551 3552
v 162.600000 6.178359 136.000000
v 160.000000 6.145658 136.000000
v 160.000000 6.164077 137.857143
f 3553 3554 3555
v 168.000000 1.147708 -56.770370
v 168.000000 1.169422 -56.000000
v 171.250000 1.215554 -56.000000
f 3556 3557 3558
v 176.000000 1.367183 -53.000000
v 176.000000 1.314396 -54.874074
v 171.250000 1.215554 -56.000000
f 3559 3560 3561
v 171.250000 1.215554 -56.000000
v 168.000000 1.169422 -56.000000
v 168.000000 1.229503 -53.888889
f 3562 3563 3564
v 168.000000 1.229503 -53.888889
v 176.000000 1.367183 -53.000000
v 171.250000 1.215554 -56.000000
f 3565 3566 3567
v 176.000000 1.741417 -40.400000
v 168.000000 1.651531 -40.000000
v 176.000000 1.753959 -40.000000
f 3568 3569 3570
v 168.000000 1.651531 -40.000000
v 176.000000 1.741417 -40.400000
v 168.000000 1.627131 -40.755556
f 3571 3572 3573
v 168.000000 1.651531 -40.000000
v 168.000000 1.922688 -32.000000
v 176.000000 2.015438 -32.000000
f 3574 3575 3576
v 176.000000 2.015438 -32.000000
v 176.000000 1.753959 -40.000000
v 168.000000 1.651531 -40.000000
f 3577 3578 3579
v 168.000000 1.922688 -32.000000
v 168.000000 2.220646 -24.000000
v 176.000000 2.300121 -24.000000
f 3580 3581 3582
v 176.000000 2.300121 -24.000000
v 176.000000 2.015438 -32.000000
v 168.000000 1.922688 -32.000000
f 3583 3584 3585
v 168.000000 2.220646 -24.000000
v 168.000000 2.549230 -16.000000
v 176.000000 2.611441 -16.000000
f 3586 3587 3588
v 176.000000 2.611441 -16.000000
v 176.000000 2.300121 -24.000000
v 168.000000 2.220646 -24.000000
f 3589 3590 3591
v 168.000000 2.549230 -16.000000
v 168.000000 2.909851 -8.000000
v 176.000000 2.950827 -8.000000
f 3592 3593 3594
v 176.000000 2.950827 -8.000000
v 176.000000 2.611441 -16.000000
v 168.000000 2.549230 -16.000000
f 3595 3596 3597
v 168.000000 2.909851 -8.000000
v 168.000000 3.300275 0.000000
v 176.000000 3.316626 0.000000
f 3598 3599 3600
v 176.000000 3.316626 0.000000
v 176.000000 2.950827 -8.000000
v 168.000000 2.909851 -8.000000
f 3601 3602 3603
v 168.000000 3.300275 0.000000
v 168.000000 3.713724 8.000000
v 176.000000 3.703290 8.000000
f 3604 3605 3606
v 176.000000 3.703290 8.000000
v 176.000000 3.316626 0.000000
v 168.000000 3.300275 0.000000
f 3607 3608 3609
v 168.000000 3.713724 8.000000
v 168.000000 4.138650 16.000000
v 176.000000 4.101089 16.000000
f 3610 3611 3612
v 176.000000 4.101089 16.000000
v 176.000000 3.703290 8.000000
v 168.000000 3.713724 8.000000
f 3613 3614 3615
v 168.000000 4.138650 16.000000
v 168.000000 4.559416 24.000000
v 176.000000 4.496605 24.000000
f 3616 3617 3618
v 176.000000 4.496605 24.000000
v 176.000000 4.101089 16.000000
v 168.000000 4.138650 16.000000
f 3619 3620 3621
v 168.000000 4.559416 24.000000
v 168.000000 4.957940 32.000000
v 176.000000 4.874069 32.000000
f 3622 3623 3624
v 176.000000 4.874069 32.000000
v 176.000000 4.496605 24.000000
v 168.000000 4.559416 24.000000
f 3625 3626 3627
v 168.000000 4.957940 32.000000
v 168.000000 5.316096 40.000000
v 176.000000 5.217393 40.000000
f 3628 3629 3630
v 176.000000 5.217393 40.000000
v 176.000000 4.874069 32.000000
v 168.000000 4.957940 32.000000
f 3631 3632 3633
v 168.000000 5.316096 40.000000
v 168.000000 5.618432 48.000000
v 176.000000 5.512560 48.000000
f 3634 3635 3636
v 176.000000 5.512560 48.000000
v 176.000000 5.217393 40.000000
v 168.000000 5.316096 40.000000
f 3637 3638 3639
v 168.000000 5.618432 48.000000
v 168.000000 5.854650 56.000000
v 176.000000 5.749872 56.000000
f 3640 3641 3642
v 176.000000 5.749872 56.000000
v 176.000000 5.512560 48.000000
v 168.000000 5.618432 48.000000
f 3643 3644 3645
v 168.000000 5.854650 56.000000
v 168.000000 6.021285 64.000000
v 176.000000 5.925565 64.000000
f 3646 3647 3648
v 176.000000 5.925565 64.000000
v 176.000000 5.749872 56.000000
v 168.000000 5.854650 56.000000
f 3649 3650 3651
v 168.000000 6.021285 64.000000
v 168.000000 6.122225 72.000000
v 176.000000 6.042420 72.000000
f 3652 3653 3654
v 176.000000 6.042420 72.000000
v 176.000000 5.925565 64.000000
v 168.000000 6.021285 64.000000
f 3655 3656 3657
v 168.000000 6.122225 72.000000
v 168.000000 6.167972 80.000000
v 176.000000 6.109242 80.000000
f 3658 3659 3660
v 176.000000 6.109242 80.000000
v 176.000000 6.042420 72.000000
v 168.000000 6.122225 72.000000
f 3661 3662 3663
v 168.000000 6.167972 80.000000
v 168.000000 6.173822 88.000000
v 176.000000 6.139336 88.000000
f 3664 3665 3666
v 176.000000 6.139336 88.000000
v 176.000000 6.109242 80.000000
v 168.000000 6.167972 80.000000
f 3667 3668 3669
v 168.000000 6.173822 88.000000
v 168.000000 6.157419 96.000000
v 176.000000 6.148341 96.000000
f 3670 3671 3672
v 176.000000 6.148341 96.000000
v 176.000000 6.139336 88.000000
v 168.000000 6.173822 88.000000
f 3673 3674 3675
v 168.000000 6.157419 96.000000
v 168.000000 6.136186 104.000000
v 176.000000 6.151910 104.000000
f 3676 3677 3678
v 176.000000 6.151910 104.000000
v 176.000000 6.148341 96.000000
v 168.000000 6.157419 96.000000
f 3679 3680 3681
v 168.000000 6.136186 104.000000
v 168.000000 6.125140 112.000000
v 176.000000 6.163688 112.000000
f 3682 3683 3684
v 176.000000 6.163688 112.000000
v 176.000000 6.151910 104.000000
v 168.000000 6.136186 104.000000
f 3685 3686 3687
v 168.000000 6.125140 112.000000
v 168.000000 6.135450 120.000000
v 176.000000 6.193934 120.000000
f 3688 3689 3690
v 176.000000 6.193934 120.000000
v 176.000000 6.163688 112.000000
v 168.000000 6.125140 112.000000
f 3691 3692 3693
v 173.800000 6.229293 128.000000
v 176.000000 6.193934 120.000000
v 168.000000 6.135450 120.000000
f 3694 3695 3696
v 168.000000 6.135450 120.000000
v 168.000000 6.173847 128.000000
v 173.800000 6.229293 128.000000
f 3697 3698 3699
v 176.000000 6.193934 120.000000
v 173.800000 6.229293 128.000000
v 176.000000 6.236011 126.428571
f 3700 3701 3702
v 173.800000 6.229293 128.000000
v 168.000000 6.173847 128.000000
v 168.000000 6.205747 132.142857
f 3703 3704 3705
v 176.000000 1.367183 -53.000000
v 184.000000 1.479944 -52.977778
v 176.000000 1.314396 -54.874074
f 3706 3707 3708
v 184.000000 1.479944 -52.977778
v 176.000000 1.367183 -53.000000
v 184.000000 1.504120 -52.111111
f 3709 3710 3711
v 184.000000 1.855272 -40.044444
v 176.000000 1.753959 -40.000000
v 184.000000 1.856624 -40.000000
f 3712 3713 3714
v 176.000000 1.753959 -40.000000
v 184.000000 1.855272 -40.044444
v 176.000000 1.741417 -40.400000
f 3715 3716 3717
v 176.000000 1.753959 -40.000000
v 176.000000 2.015438 -32.000000
v 184.000000 2.108654 -32.000000
f 3718 3719 3720
v 184.000000 2.108654 -32.000000
v 184.000000 1.856624 -40.000000
v 176.000000 1.753959 -40.000000
f 3721 3722 3723
v 176.000000 2.015438 -32.000000
v 176.000000 2.300121 -24.000000
v 184.000000 2.380348 -24.000000
f 3724 3725 3726
v 184.000000 2.380348 -24.000000
v 184.000000 2.108654 -32.000000
v 176.000000 2.015438 -32.000000
f 3727 3728 3729
v 176.000000 2.300121 -24.000000
v 176.000000 2.611441 -16.000000
v 184.000000 2.674687 -16.000000
f 3730 3731 3732
v 184.000000 2.674687 -16.000000
v 184.000000 2.380348 -24.000000
v 176.000000 2.300121 -24.000000
f 3733 3734 3735
v 176.000000 2.611441 -16.000000
v 176.000000 2.950827 -8.000000
v 184.000000 2.992997 -8.000000
f 3736 3737 3738
v 184.000000 2.992997 -8.000000
v 184.000000 2.674687 -16.000000
v 176.000000 2.611441 -16.000000
f 3739 3740 3741
v 176.000000 2.950827 -8.000000
v 176.000000 3.316626 0.000000
v 184.000000 3.334043 0.000000
f 3742 3743 3744
v 184.000000 3.334043 0.000000
v 184.000000 2.992997 -8.000000
v 176.000000 2.950827 -8.000000
f 3745 3746 3747
v 176.000000 3.316626 0.000000
v 176.000000 3.703290 8.000000
v 184.000000 3.693303 8.000000
f 3748 3749 3750
v 184.000000 3.693303 8.000000
v 184.000000 3.334043 0.000000
v 176.000000 3.316626 0.000000
f 3751 3752 3753
v 176.000000 3.703290 8.000000
v 176.000000 4.101089 16.000000
v 184.000000 4.062683 16.000000
f 3754 3755 3756
v 184.000000 4.062683 16.000000
v 184.000000 3.693303 8.000000
v 176.000000 3.703290 8.000000
f 3757 3758 3759
v 176.000000 4.101089 16.000000
v 176.000000 4.496605 24.000000
v 184.000000 4.430884 24.000000
f 3760 3761 3762
v 184.000000 4.430884 24.000000
v 184.000000 4.062683 16.000000
v 176.000000 4.101089 16.000000
f 3763 3764 3765
v 176.000000 4.496605 24.000000
v 176.000000 4.874069 32.000000
v 184.000000 4.784474 32.000000
f 3766 3767 3768
v 184.000000 4.784474 32.000000
v 184.000000 4.430884 24.000000
v 176.000000 4.496605 24.000000
f 3769 3770 3771
v 176.000000 4.874069 32.000000
v 176.000000 5.217393 40.000000
v 184.000000 5.109595 40.000000
f 3772 3773 3774
v 184.000000 5.109595 40.000000
v 184.000000 4.784474 32.000000
v 176.000000 4.874069 32.000000
f 3775 3776 3777
v 176.000000 5.217393 40.000000
v 176.000000 5.512560 48.000000
v 184.000000 5.394002 48.000000
f 3778 3779 3780
v 184.000000 5.394002 48.000000
v 184.000000 5.109595 40.000000
v 176.000000 5.217393 40.000000
f 3781 3782 3783
v 176.000000 5.512560 48.000000
v 176.000000 5.749872 56.000000
v 184.000000 5.629029 56.000000
f 3784 3785 3786
v 184.000000 5.629029 56.000000
v 184.000000 5.394002 48.000000
v 176.000000 5.512560 48.000000
f 3787 3788 3789
v 176.000000 5.749872 56.000000
v 176.000000 5.925565 64.000000
v 184.000000 5.811047 64.000000
f 3790 3791 3792
v 184.000000 5.811047 64.000000
v 184.000000 5.629029 56.000000
v 176.000000 5.749872 56.000000
f 3793 3794 3795
v 176.000000 5.925565 64.000000
v 176.000000 6.042420 72.000000
v 184.000000 5.942081 72.000000
f 3796 3797 3798
v 184.000000 5.942081 72.000000
v 184.000000 5.811047 64.000000
v 176.000000 5.925565 64.000000
f 3799 3800 3801
v 176.000000 6.042420 72.000000
v 176.000000 6.109242 80.000000
v 184.000000 6.029428 80.000000
f 3802 3803 3804
v 184.000000 6.029428 80.000000
v 184.000000 5.942081 72.000000
v 176.000000 6.042420 72.000000
f 3805 3806 3807
v 176.000000 6.109242 80.000000
v 176.000000 6.139336 88.000000
v 184.000000 6.084398 88.000000
f 3808 3809 3810
v 184.000000 6.084398 88.000000
v 184.000000 6.029428 80.000000
v 176.000000 6.109242 80.000000
f 3811 3812 3813
v 176.000000 6.139336 88.000000
v 176.000000 6.148341 96.000000
v 184.000000 6.120455 96.000000
f 3814 3815 3816
v 184.000000 6.120455 96.000000
v 184.000000 6.084398 88.000000
v 176.000000 6.139336 88.000000
f 3817 3818 3819
v 176.000000 6.148341 96.000000
v 176.000000 6.151910 104.000000
v 184.000000 6.151188 104.000000
f 3820 3821 3822
v 184.000000 6.151188 104.000000
v 184.000000 6.120455 96.000000
v 176.000000 6.148341 96.000000
f 3823 3824 3825
v 176.000000 6.151910 104.000000
v 176.000000 6.163688 112.000000
v 184.000000 6.188527 112.000000
f 3826 3827 3828
v 184.000000 6.188527 112.000000
v 184.000000 6.151188 104.000000
v 176.000000 6.151910 104.000000
f 3829 3830 3831
v 176.000000 6.163688 112.000000
v 176.000000 6.193934 120.000000
v 184.000000 6.241505 120.000000
f 3832 3833 3834
v 184.000000 6.241505 120.000000
v 184.000000 6.188527 112.000000
v 176.000000 6.163688 112.000000
f 3835 3836 3837
v 184.000000 6.247212 120.714286
v 184.000000 6.241505 120.000000
v 176.000000 6.193934 120.000000
f 3838 3839 3840
v 176.000000 6.193934 120.000000
v 176.000000 6.236011 126.428571
v 184.000000 6.247212 120.714286
f 3841 3842 3843
v 185.000000 1.521189 -52.000000
v 192.000000 1.657622 -50.600000
v 192.000000 1.644324 -51.081481
f 3844 3845 3846
v 184.000000 1.479944 -52.977778
v 184.000000 1.504120 -52.111111
v 185.000000 1.521189 -52.000000
f 3847 3848 3849
v 185.000000 1.521189 -52.000000
v 192.000000 1.644324 -51.081481
v 184.000000 1.479944 -52.977778
f 3850 3851 3852
v 184.000000 1.855272 -40.044444
v 184.000000 1.856624 -40.000000
v 185.000000 1.869484 -40.000000
f 3853 3854 3855
v 185.000000 1.869484 -40.000000
v 184.000000 1.856624 -40.000000
v 184.000000 2.108654 -32.000000
f 3856 3857 3858
v 185.000000 1.869484 -40.000000
v 192.000000 2.202714 -32.000000
v 192.000000 1.980482 -39.300000
f 3859 3860 3861
v 192.000000 2.202714 -32.000000
v 185.000000 1.869484 -40.000000
v 184.000000 2.108654 -32.000000
f 3862 3863 3864
v 184.000000 2.108654 -32.000000
v 184.000000 2.380348 -24.000000
v 192.000000 2.461866 -24.000000
f 3865 3866 3867
v 192.000000 2.461866 -24.000000
v 192.000000 2.202714 -32.000000
v 184.000000 2.108654 -32.000000
f 3868 3869 3870
v 184.000000 2.380348 -24.000000
v 184.000000 2.674687 -16.000000
v 192.000000 2.739750 -16.000000
f 3871 3872 3873
v 192.000000 2.739750 -16.000000
v 192.000000 2.461866 -24.000000
v 184.000000 2.380348 -24.000000
f 3874 3875 3876
v 184.000000 2.674687 -16.000000
v 184.000000 2.992997 -8.000000
v 192.000000 3.037525 -8.000000
f 3877 3878 3879
v 192.000000 3.037525 -8.000000
v 192.000000 2.739750 -16.000000
v 184.000000 2.674687 -16.000000
f 3880 3881 3882
v 184.000000 2.992997 -8.000000
v 184.000000 3.334043 0.000000
v 192.000000 3.354257 0.000000
f 3883 3884 3885
v 192.000000 3.354257 0.000000
v 192.000000 3.037525 -8.000000
v 184.000000 2.992997 -8.000000
f 3886 3887 3888
v 184.000000 3.334043 0.000000
v 184.000000 3.693303 8.000000
v 192.000000 3.686311 8.000000
f 3889 3890 3891
v 192.000000 3.686311 8.000000
v 192.000000 3.354257 0.000000
v 184.000000 3.334043 0.000000
f 3892 3893 3894
v 184.000000 3.693303 8.000000
v 184.000000 4.062683 16.000000
v 192.000000 4.027087 16.000000
f 3895 3896 3897
v 192.000000 4.027087 16.000000
v 192.000000 3.686311 8.000000
v 184.000000 3.693303 8.000000
f 3898 3899 3900
v 184.000000 4.062683 16.000000
v 184.000000 4.430884 24.000000
v 192.000000 4.367292 24.000000
f 3901 3902 3903
v 192.000000 4.367292 24.000000
v 192.000000 4.027087 16.000000
v 184.000000 4.062683 16.000000
f 3904 3905 3906
v 184.000000 4.430884 24.000000
v 184.000000 4.784474 32.000000
v 192.000000 4.695802 32.000000
f 3907 3908 3909
v 192.000000 4.695802 32.000000
v 192.000000 4.367292 24.000000
v 184.000000 4.430884 24.000000
f 3910 3911 3912
v 184.000000 4.784474 32.000000
v 184.000000 5.109595 40.000000
v 192.000000 5.001057 40.000000
f 3913 3914 3915
v 192.000000 5.001057 40.000000
v 192.000000 4.695802 32.000000
v 184.000000 4.784474 32.000000
f 3916 3917 3918
v 184.000000 5.109595 40.000000
v 184.000000 5.394002 48.000000
v 192.000000 5.272750 48.000000
f 3919 3920 3921
v 192.000000 5.272750 48.000000
v 192.000000 5.001057 40.000000
v 184.000000 5.109595 40.000000
f 3922 3923 3924
v 184.000000 5.394002 48.000000
v 184.000000 5.629029 56.000000
v 192.000000 5.503488 56.000000
f 3925 3926 3927
v 192.000000 5.503488 56.000000
v 192.000000 5.272750 48.000000
v 184.000000 5.394002 48.000000
f 3928 3929 3930
v 184.000000 5.629029 56.000000
v 184.000000 5.811047 64.000000
v 192.000000 5.690043 64.000000
f 3931 3932 3933
v 192.000000 5.690043 64.000000
v 192.000000 5.503488 56.000000
v 184.000000 5.629029 56.000000
f 3934 3935 3936
v 184.000000 5.811047 64.000000
v 184.000000 5.942081 72.000000
v 192.000000 5.833905 72.000000
f 3937 3938 3939
v 192.000000 5.833905 72.000000
v 192.000000 5.690043 64.000000
v 184.000000 5.811047 64.000000
f 3940 3941 3942
v 184.000000 5.942081 72.000000
v 184.000000 6.029428 80.000000
v 192.000000 5.941013 80.000000
f 3943 3944 3945
v 192.000000 5.941013 80.000000
v 192.000000 5.833905 72.000000
v 184.000000 5.942081 72.000000
f 3946 3947 3948
v 184.000000 6.029428 80.000000
v 184.000000 6.084398 88.000000
v 192.000000 6.020722 88.000000
f 3949 3950 3951
v 192.000000 6.020722 88.000000
v 192.000000 5.941013 80.000000
v 184.000000 6.029428 80.000000
f 3952 3953 3954
v 184.000000 6.084398 88.000000
v 184.000000 6.120455 96.000000
v 192.000000 6.084259 96.000000
f 3955 3956 3957
v 192.000000 6.084259 96.000000
v 192.000000 6.020722 88.000000
v 184.000000 6.084398 88.000000
f 3958 3959 3960
v 184.000000 6.120455 96.000000
v 184.000000 6.151188 104.000000
v 192.000000 6.143018 104.000000
f 3961 3962 3963
v 192.000000 6.143018 104.000000
v 192.000000 6.084259 96.000000
v 184.000000 6.120455 96.000000
f 3964 3965 3966
v 184.000000 6.151188 104.000000
v 184.000000 6.188527 112.000000
v 192.000000 6.207043 112.000000
f 3967 3968 3969
v 192.000000 6.207043 112.000000
v 192.000000 6.143018 104.000000
v 184.000000 6.151188 104.000000
f 3970 3971 3972
v 192.000000 6.234060 115.000000
v 192.000000 6.207043 112.000000
v 184.000000 6.188527 112.000000
f 3973 3974 3975
v 184.000000 6.188527 112.000000
v 184.000000 6.241505 120.000000
v 185.000000 6.246972 120.000000
f 3976 3977 3978
v 185.000000 6.246972 120.000000
v 192.000000 6.234060 115.000000
v 184.000000 6.188527 112.000000
f 3979 3980 3981
v 185.000000 6.246972 120.000000
v 184.000000 6.241505 120.000000
v 184.000000 6.247212 120.714286
f 3982 3983 3984
v 192.000000 1.657622 -50.600000
v 200.000000 1.807676 -49.185185
v 192.000000 1.644324 -51.081481
f 3985 3986 3987
v 200.000000 1.807676 -49.185185
v 192.000000 1.657622 -50.600000
v 200.000000 1.812731 -49.000000
f 3988 3989 3990
v 200.000000 2.107030 -38.500000
v 192.000000 2.202714 -32.000000
v 200.000000 2.298339 -32.000000
f 3991 3992 3993
v 192.000000 2.202714 -32.000000
v 200.000000 2.107030 -38.500000
v 192.000000 1.980482 -39.300000
f 3994 3995 3996
v 192.000000 2.202714 -32.000000
v 192.000000 2.461866 -24.000000
v 200.000000 2.545725 -24.000000
f 3997 3998 3999
v 200.000000 2.545725 -24.000000
v 200.000000 2.298339 -32.000000
v 192.000000 2.202714 -32.000000
f 4000 4001 4002
v 192.000000 2.461866 -24.000000
v 192.000000 2.739750 -16.000000
v 200.000000 2.808142 -16.000000
f 4003 4004 4005
v 200.000000 2.808142 -16.000000
v 200.000000 2.545725 -24.000000
v 192.000000 2.461866 -24.000000
f 4006 4007 4008
v 192.000000 2.739750 -16.000000
v 192.000000 3.037525 -8.000000
v 200.000000 3.086551 -8.000000
f 4009 4010 4011
v 200.000000 3.086551 -8.000000
v 200.000000 2.808142 -16.000000
v 192.000000 2.739750 -16.000000
f 4012 4013 4014
v 192.000000 3.037525 -8.000000
v 192.000000 3.354257 0.000000
v 200.000000 3.380247 0.000000
f 4015 4016 4017
v 200.000000 3.380247 0.000000
v 200.000000 3.086551 -8.000000
v 192.000000 3.037525 -8.000000
f 4018 4019 4020
v 192.000000 3.354257 0.000000
v 192.000000 3.686311 8.000000
v 200.000000 3.686364 8.000000
f 4021 4022 4023
v 200.000000 3.686364 8.000000
v 200.000000 3.380247 0.000000
v 192.000000 3.354257 0.000000
f 4024 4025 4026
v 192.000000 3.686311 8.000000
v 192.000000 4.027087 16.000000
v 200.000000 3.999656 16.000000
f 4027 4028 4029
v 200.000000 3.999656 16.000000
v 200.000000 3.686364 8.000000
v 192.000000 3.686311 8.000000
f 4030 4031 4032
v 192.000000 4.027087 16.000000
v 192.000000 4.367292 24.000000
v 200.000000 4.312692 24.000000
f 4033 4034 4035
v 200.000000 4.312692 24.000000
v 200.000000 3.999656 16.000000
v 192.000000 4.027087 16.000000
f 4036 4037 4038
v 192.000000 4.367292 24.000000
v 192.000000 4.695802 32.000000
v 200.000000 4.616541 32.000000
f 4039 4040 4041
v 200.000000 4.616541 32.000000
v 200.000000 4.312692 24.000000
v 192.000000 4.367292 24.000000
f 4042 4043 4044
v 192.000000 4.695802 32.000000
v 192.000000 5.001057 40.000000
v 200.000000 4.901876 40.000000
f 4045 4046 4047
v 200.000000 4.901876 40.000000
v 200.000000 4.616541 32.000000
v 192.000000 4.695802 32.000000
f 4048 4049 4050
v 192.000000 5.001057 40.000000
v 192.000000 5.272750 48.000000
v 200.000000 5.160341 48.000000
f 4051 4052 4053
v 200.000000 5.160341 48.000000
v 200.000000 4.901876 40.000000
v 192.000000 5.001057 40.000000
f 4054 4055 4056
v 192.000000 5.272750 48.000000
v 192.000000 5.503488 56.000000
v 200.000000 5.385890 56.000000
f 4057 4058 4059
v 200.000000 5.385890 56.000000
v 200.000000 5.160341 48.000000
v 192.000000 5.272750 48.000000
f 4060 4061 4062
v 192.000000 5.503488 56.000000
v 192.000000 5.690043 64.000000
v 200.000000 5.575817 64.000000
f 4063 4064 4065
v 200.000000 5.575817 64.000000
v 200.000000 5.385890 56.000000
v 192.000000 5.503488 56.000000
f 4066 4067 4068
v 192.000000 5.690043 64.000000
v 192.000000 5.833905 72.000000
v 200.000000 5.731229 72.000000
f 4069 4070 4071
v 200.000000 5.731229 72.000000
v 200.000000 5.575817 64.000000
v 192.000000 5.690043 64.000000
f 4072 4073 4074
v 192.000000 5.833905 72.000000
v 192.000000 5.941013 80.000000
v 200.000000 5.856840 80.000000
f 4075 4076 4077
v 200.000000 5.856840 80.000000
v 200.000000 5.731229 72.000000
v 192.000000 5.833905 72.000000
f 4078 4079 4080
v 192.000000 5.941013 80.000000
v 192.000000 6.020722 88.000000
v 200.000000 5.960157 88.000000
f 4081 4082 4083
v 200.000000 5.960157 88.000000
v 200.000000 5.856840 80.000000
v 192.000000 5.941013 80.000000
f 4084 4085 4086
v 192.000000 6.020722 88.000000
v 192.000000 6.084259 96.000000
v 200.000000 6.050234 96.000000
f 4087 4088 4089
v 200.000000 6.050234 96.000000
v 200.000000 5.960157 88.000000
v 192.000000 6.020722 88.000000
f 4090 4091 4092
v 192.000000 6.084259 96.000000
v 192.000000 6.143018 104.000000
v 200.000000 6.136289 104.000000
f 4093 4094 4095
v 200.000000 6.136289 104.000000
v 200.000000 6.050234 96.000000
v 192.000000 6.084259 96.000000
f 4096 4097 4098
v 200.000000 6.194979 109.285714
v 200.000000 6.136289 104.000000
v 192.000000 6.143018 104.000000
f 4099 4100 4101
v 192.000000 6.143018 104.000000
v 192.000000 6.207043 112.000000
v 196.200000 6.216708 112.000000
f 4102 4103 4104
v 196.200000 6.216708 112.000000
v 200.000000 6.194979 109.285714
v 192.000000 6.143018 104.000000
f 4105 4106 4107
v 196.200000 6.216708 112.000000
v 192.000000 6.207043 112.000000
v 192.000000 6.234060 115.000000
f 4108 4109 4110
v 205.000000 1.909367 -48.000000
v 200.000000 1.807676 -49.185185
v 200.000000 1.812731 -49.000000
f 4111 4112 4113
v 208.000000 2.093712 -42.750000
v 205.000000 2.129807 -40.000000
v 208.000000 2.169644 -40.000000
f 4114 4115 4116
v 205.000000 2.129807 -40.000000
v 208.000000 2.093712 -42.750000
v 205.000000 1.909367 -48.000000
f 4117 4118 4119
v 205.000000 2.186237 -38.000000
v 200.000000 2.107030 -38.500000
v 200.000000 2.298339 -32.000000
f 4120 4121 4122
v 205.000000 2.186237 -38.000000
v 208.000000 2.396311 -32.000000
v 208.000000 2.169644 -40.000000
f 4123 4124 4125
v 208.000000 2.169644 -40.000000
v 205.000000 2.129807 -40.000000
v 205.000000 2.186237 -38.000000
f 4126 4127 4128
v 208.000000 2.396311 -32.000000
v 205.000000 2.186237 -38.000000
v 200.000000 2.298339 -32.000000
f 4129 4130 4131
v 200.000000 2.298339 -32.000000
v 200.000000 2.545725 -24.000000
v 208.000000 2.633075 -24.000000
f 4132 4133 4134
v 208.000000 2.633075 -24.000000
v 208.000000 2.396311 -32.000000
v 200.000000 2.298339 -32.000000
f 4135 4136 4137
v 200.000000 2.545725 -24.000000
v 200.000000 2.808142 -16.000000
v 208.000000 2.881513 -16.000000
f 4138 4139 4140
v 208.000000 2.881513 -16.000000
v 208.000000 2.633075 -24.000000
v 200.000000 2.545725 -24.000000
f 4141 4142 4143
v 200.000000 2.808142 -16.000000
v 200.000000 3.086551 -8.000000
v 208.000000 3.142384 -8.000000
f 4144 4145 4146
v 208.000000 3.142384 -8.000000
v 208.000000 2.881513 -16.000000
v 200.000000 2.808142 -16.000000
f 4147 4148 4149
v 200.000000 3.086551 -8.000000
v 200.000000 3.380247 0.000000
v 208.000000 3.415163 0.000000
f 4150 4151 4152
v 208.000000 3.415163 0.000000
v 208.000000 3.142384 -8.000000
v 200.000000 3.086551 -8.000000
f 4153 4154 4155
v 200.000000 3.380247 0.000000
v 200.000000 3.686364 8.000000
v 208.000000 3.697650 8.000000
f 4156 4157 4158
v 208.000000 3.697650 8.000000
v 208.000000 3.415163 0.000000
v 200.000000 3.380247 0.000000
f 4159 4160 4161
v 200.000000 3.686364 8.000000
v 200.000000 3.999656 16.000000
v 208.000000 3.985790 16.000000
f 4162 4163 4164
v 208.000000 3.985790 16.000000
v 208.000000 3.697650 8.000000
v 200.000000 3.686364 8.000000
f 4165 4166 4167
v 200.000000 3.999656 16.000000
v 200.000000 4.312692 24.000000
v 208.000000 4.273829 24.000000
f 4168 4169 4170
v 208.000000 4.273829 24.000000
v 208.000000 3.985790 16.000000
v 200.000000 3.999656 16.000000
f 4171 4172 4173
v 200.000000 4.312692 24.000000
v 200.000000 4.616541 32.000000
v 208.000000 4.554825 32.000000
f 4174 4175 4176
v 208.000000 4.554825 32.000000
v 208.000000 4.273829 24.000000
v 200.000000 4.312692 24.000000
f 4177 4178 4179
v 200.000000 4.616541 32.000000
v 200.000000 4.901876 40.000000
v 208.000000 4.821513 40.000000
f 4180 4181 4182
v 208.000000 4.821513 40.000000
v 208.000000 4.554825 32.000000
v 200.000000 4.616541 32.000000
f 4183 4184 4185
v 200.000000 4.901876 40.000000
v 200.000000 5.160341 48.000000
v 208.000000 5.067361 48.000000
f 4186 4187 4188
v 208.000000 5.067361 48.000000
v 208.000000 4.821513 40.000000
v 200.000000 4.901876 40.000000
f 4189 4190 4191
v 200.000000 5.160341 48.000000
v 200.000000 5.385890 56.000000
v 208.000000 5.287621 56.000000
f 4192 4193 4194
v 208.000000 5.287621 56.000000
v 208.000000 5.067361 48.000000
v 200.000000 5.160341 48.000000
f 4195 4196 4197
v 200.000000 5.385890 56.000000
v 200.000000 5.575817 64.000000
v 208.000000 5.480137 64.000000
f 4198 4199 4200
v 208.000000 5.480137 64.000000
v 208.000000 5.287621 56.000000
v 200.000000 5.385890 56.000000
f 4201 4202 4203
v 200.000000 5.575817 64.000000
v 200.000000 5.731229 72.000000
v 208.000000 5.645726 72.000000
f 4204 4205 4206
v 208.000000 5.645726 72.000000
v 208.000000 5.480137 64.000000
v 200.000000 5.575817 64.000000
f 4207 4208 4209
v 200.000000 5.731229 72.000000
v 200.000000 5.856840 80.000000
v 208.000000 5.788024 80.000000
f 4210 4211 4212
v 208.000000 5.788024 80.000000
v 208.000000 5.645726 72.000000
v 200.000000 5.731229 72.000000
f 4213 4214 4215
v 200.000000 5.856840 80.000000
v 200.000000 5.960157 88.000000
v 208.000000 5.912863 88.000000
f 4216 4217 4218
v 208.000000 5.912863 88.000000
v 208.000000 5.788024 80.000000
v 200.000000 5.856840 80.000000
f 4219 4220 4221
v 200.000000 5.960157 88.000000
v 200.000000 6.050234 96.000000
v 208.000000 6.027295 96.000000
f 4222 4223 4224
v 208.000000 6.027295 96.000000
v 208.000000 5.912863 88.000000
v 200.000000 5.960157 88.000000
f 4225 4226 4227
v 207.400000 6.137903 104.000000
v 208.000000 6.027295 96.000000
v 200.000000 6.050234 96.000000
f 4228 4229 4230
v 200.000000 6.050234 96.000000
v 200.000000 6.136289 104.000000
v 207.400000 6.137903 104.000000
f 4231 4232 4233
v 208.000000 6.027295 96.000000
v 207.400000 6.137903 104.000000
v 208.000000 6.132527 103.571429
f 4234 4235 4236
v 207.400000 6.137903 104.000000
v 200.000000 6.136289 104.000000
v 200.000000 6.194979 109.285714
f 4237 4238 4239
v 208.000000 2.093712 -42.750000
v 208.000000 2.169644 -40.000000
v 209.571429 2.190619 -40.000000
f 4240 4241 4242
v 209.571429 2.190619 -40.000000
v 208.000000 2.169644 -40.000000
v 208.000000 2.396311 -32.000000
f 4243 4244 4245
v 208.000000 2.396311 -32.000000
v 214.142857 2.473529 -32.000000
v 209.571429 2.190619 -40.000000
f 4246 4247 4248
v 216.000000 2.588711 -28.750000
v 208.000000 2.396311 -32.000000
v 208.000000 2.633075 -24.000000
f 4249 4250 4251
v 208.000000 2.633075 -24.000000
v 216.000000 2.724824 -24.000000
v 216.000000 2.588711 -28.750000
f 4252 4253 4254
v 208.000000 2.396311 -32.000000
v 216.000000 2.588711 -28.750000
v 214.142857 2.473529 -32.000000
f 4255 4256 4257
v 208.000000 2.633075 -24.000000
v 208.000000 2.881513 -16.000000
v 216.000000 2.961162 -16.000000
f 4258 4259 4260
v 216.000000 2.961162 -16.000000
v 216.000000 2.724824 -24.000000
v 208.000000 2.633075 -24.000000
f 4261 4262 4263
v 208.000000 2.881513 -16.000000
v 208.000000 3.142384 -8.000000
v 216.000000 3.206839 -8.000000
f 4264 4265 4266
v 216.000000 3.206839 -8.000000
v 216.000000 2.961162 -16.000000
v 208.000000 2.881513 -16.000000
f 4267 4268 4269
v 208.000000 3.142384 -8.000000
v 208.000000 3.415163 0.000000
v 216.000000 3.461469 0.000000
f 4270 4271 4272
v 216.000000 3.461469 0.000000
v 216.000000 3.206839 -8.000000
v 208.000000 3.142384 -8.000000
f 4273 4274 4275
v 208.000000 3.415163 0.000000
v 208.000000 3.697650 8.000000
v 216.000000 3.723411 8.000000
f 4276 4277 4278
v 216.000000 3.723411 8.000000
v 216.000000 3.461469 0.000000
v 208.000000 3.415163 0.000000
f 4279 4280 4281
v 208.000000 3.697650 8.000000
v 208.000000 3.985790 16.000000
v 216.000000 3.989634 16.000000
f 4282 4283 4284
v 216.000000 3.989634 16.000000
v 216.000000 3.723411 8.000000
v 208.000000 3.697650 8.000000
f 4285 4286 4287
v 208.000000 3.985790 16.000000
v 208.000000 4.273829 24.000000
v 216.000000 4.255824 24.000000
f 4288 4289 4290
v 216.000000 4.255824 24.000000
v 216.000000 3.989634 16.000000
v 208.000000 3.985790 16.000000
f 4291 4292 4293
v 208.000000 4.273829 24.000000
v 208.000000 4.554825 32.000000
v 216.000000 4.516770 32.000000
f 4294 4295 4296
v 216.000000 4.516770 32.000000
v 216.000000 4.255824 24.000000
v 208.000000 4.273829 24.000000
f 4297 4298 4299
v 208.000000 4.554825 32.000000
v 208.000000 4.821513 40.000000
v 216.000000 4.767008 40.000000
f 4300 4301 4302
v 216.000000 4.767008 40.000000
v 216.000000 4.516770 32.000000
v 208.000000 4.554825 32.000000
f 4303 4304 4305
v 208.000000 4.821513 40.000000
v 208.000000 5.067361 48.000000
v 216.000000 5.001617 48.000000
f 4306 4307 4308
v 216.000000 5.001617 48.000000
v 216.000000 4.767008 40.000000
v 208.000000 4.821513 40.000000
f 4309 4310 4311
v 208.000000 5.067361 48.000000
v 208.000000 5.287621 56.000000
v 216.000000 5.217010 56.000000
f 4312 4313 4314
v 216.000000 5.217010 56.000000
v 216.000000 5.001617 48.000000
v 208.000000 5.067361 48.000000
f 4315 4316 4317
v 208.000000 5.287621 56.000000
v 208.000000 5.480137 64.000000
v 216.000000 5.411545 64.000000
f 4318 4319 4320
v 216.000000 5.411545 64.000000
v 216.000000 5.217010 56.000000
v 208.000000 5.287621 56.000000
f 4321 4322 4323
v 208.000000 5.480137 64.000000
v 208.000000 5.645726 72.000000
v 216.000000 5.585814 72.000000
f 4324 4325 4326
v 216.000000 5.585814 72.000000
v 216.000000 5.411545 64.000000
v 208.000000 5.480137 64.000000
f 4327 4328 4329
v 208.000000 5.645726 72.000000
v 208.000000 5.788024 80.000000
v 216.000000 5.742539 80.000000
f 4330 4331 4332
v 216.000000 5.742539 80.000000
v 216.000000 5.585814 72.000000
v 208.000000 5.645726 72.000000
f 4333 4334 4335
v 208.000000 5.788024 80.000000
v 208.000000 5.912863 88.000000
v 216.000000 5.886093 88.000000
f 4336 4337 4338
v 216.000000 5.886093 88.000000
v 216.000000 5.742539 80.000000
v 208.000000 5.788024 80.000000
f 4339 4340 4341
v 208.000000 5.912863 88.000000
v 208.000000 6.027295 96.000000
v 216.000000 6.021781 96.000000
f 4342 4343 4344
v 216.000000 6.021781 96.000000
v 216.000000 5.886093 88.000000
v 208.000000 5.912863 88.000000
f 4345 4346 4347
v 216.000000 6.052739 97.857143
v 216.000000 6.021781 96.000000
v 208.000000 6.027295 96.000000
f 4348 4349 4350
v 208.000000 6.027295 96.000000
v 208.000000 6.132527 103.571429
v 216.000000 6.052739 97.857143
f 4351 4352 4353
v 216.000000 2.588711 -28.750000
v 216.000000 2.724824 -24.000000
v 218.714286 2.757052 -24.000000
f 4354 4355 4356
v 218.714286 2.757052 -24.000000
v 216.000000 2.724824 -24.000000
v 216.000000 2.961162 -16.000000
f 4357 4358 4359
v 216.000000 2.961162 -16.000000
v 223.285714 3.039754 -16.000000
v 218.714286 2.757052 -24.000000
f 4360 4361 4362
v 224.000000 3.083748 -14.750000
v 216.000000 2.961162 -16.000000
v 216.000000 3.206839 -8.000000
f 4363 4364 4365
v 216.000000 3.206839 -8.000000
v 224.000000 3.280871 -8.000000
v 224.000000 3.083748 -14.750000
f 4366 4367 4368
v 216.000000 2.961162 -16.000000
v 224.000000 3.083748 -14.750000
v 223.285714 3.039754 -16.000000
f 4369 4370 4371
v 216.000000 3.206839 -8.000000
v 216.000000 3.461469 0.000000
v 224.000000 3.520462 0.000000
f 4372 4373 4374
v 224.000000 3.520462 0.000000
v 224.000000 3.280871 -8.000000
v 216.000000 3.206839 -8.000000
f 4375 4376 4377
v 216.000000 3.461469 0.000000
v 216.000000 3.723411 8.000000
v 224.000000 3.765362 8.000000
f 4378 4379 4380
v 224.000000 3.765362 8.000000
v 224.000000 3.520462 0.000000
v 216.000000 3.461469 0.000000
f 4381 4382 4383
v 216.000000 3.723411 8.000000
v 216.000000 3.989634 16.000000
v 224.000000 4.013381 16.000000
f 4384 4385 4386
v 224.000000 4.013381 16.000000
v 224.000000 3.765362 8.000000
v 216.000000 3.723411 8.000000
f 4387 4388 4389
v 216.000000 3.989634 16.000000
v 216.000000 4.255824 24.000000
v 224.000000 4.261394 24.000000
f 4390 4391 4392
v 224.000000 4.261394 24.000000
v 224.000000 4.013381 16.000000
v 216.000000 3.989634 16.000000
f 4393 4394 4395
v 216.000000 4.255824 24.000000
v 216.000000 4.516770 32.000000
v 224.000000 4.505624 32.000000
f 4396 4397 4398
v 224.000000 4.505624 32.000000
v 224.000000 4.261394 24.000000
v 216.000000 4.255824 24.000000
f 4399 4400 4401
v 216.000000 4.516770 32.000000
v 216.000000 4.767008 40.000000
v 224.000000 4.742108 40.000000
f 4402 4403 4404
v 224.000000 4.742108 40.000000
v 224.000000 4.505624 32.000000
v 216.000000 4.516770 32.000000
f 4405 4406 4407
v 216.000000 4.767008 40.000000
v 216.000000 5.001617 48.000000
v 224.000000 4.967272 48.000000
f 4408 4409 4410
v 224.000000 4.967272 48.000000
v 224.000000 4.742108 40.000000
v 216.000000 4.767008 40.000000
f 4411 4412 4413
v 216.000000 5.001617 48.000000
v 216.000000 5.217010 56.000000
v 224.000000 5.178506 56.000000
f 4414 4415 4416
v 224.000000 5.178506 56.000000
v 224.000000 4.967272 48.000000
v 216.000000 5.001617 48.000000
f 4417 4418 4419
v 216.000000 5.217010 56.000000
v 216.000000 5.411545 64.000000
v 224.000000 5.374610 64.000000
f 4420 4421 4422
v 224.000000 5.374610 64.000000
v 224.000000 5.178506 56.000000
v 216.000000 5.217010 56.000000
f 4423 4424 4425
v 216.000000 5.411545 64.000000
v 216.000000 5.585814 72.000000
v 224.000000 5.556005 72.000000
f 4426 4427 4428
v 224.000000 5.556005 72.000000
v 224.000000 5.374610 64.000000
v 216.000000 5.411545 64.000000
f 4429 4430 4431
v 216.000000 5.585814 72.000000
v 216.000000 5.742539 80.000000
v 224.000000 5.724658 80.000000
f 4432 4433 4434
v 224.000000 5.724658 80.000000
v 224.000000 5.556005 72.000000
v 216.000000 5.585814 72.000000
f 4435 4436 4437
v 224.000000 5.791628 83.320000
v 224.000000 5.724658 80.000000
v 216.000000 5.742539 80.000000
f 4438 4439 4440
v 224.000000 5.791628 83.320000
v 216.000000 5.886093 88.000000
v 222.397260 5.882179 88.000000
f 4441 4442 4443
v 216.000000 5.886093 88.000000
v 224.000000 5.791628 83.320000
v 216.000000 5.742539 80.000000
f 4444 4445 4446
v 220.000000 6.008819 95.000000
v 222.397260 5.882179 88.000000
v 216.000000 5.886093 88.000000
f 4447 4448 4449
v 220.000000 6.008819 95.000000
v 216.000000 6.021781 96.000000
v 218.600000 6.024390 96.000000
f 4450 4451 4452
v 216.000000 6.021781 96.000000
v 220.000000 6.008819 95.000000
v 216.000000 5.886093 88.000000
f 4453 4454 4455
v 218.600000 6.024390 96.000000
v 216.000000 6.021781 96.000000
v 216.000000 6.052739 97.857143
f 4456 4457 4458
v 224.000000 3.083748 -14.750000
v 224.000000 3.280871 -8.000000
v 227.857143 3.320028 -8.000000
f 4459 4460 4461
v 227.857143 3.320028 -8.000000
v 224.000000 3.280871 -8.000000
v 224.000000 3.520462 0.000000
f 4462 4463 4464
v 224.000000 3.520462 0.000000
v 232.000000 3.592191 0.000000
v 232.000000 3.570670 -0.750000
f 4465 4466 4467
v 232.000000 3.570670 -0.750000
v 227.857143 3.320028 -8.000000
v 224.000000 3.520462 0.000000
f 4468 4469 4470
v 224.000000 3.520462 0.000000
v 224.000000 3.765362 8.000000
v 232.000000 3.823594 8.000000
f 4471 4472 4473
v 232.000000 3.823594 8.000000
v 232.000000 3.592191 0.000000
v 224.000000 3.520462 0.000000
f 4474 4475 4476
v 224.000000 3.765362 8.000000
v 224.000000 4.013381 16.000000
v 232.000000 4.057183 16.000000
f 4477 4478 4479
v 232.000000 4.057183 16.000000
v 232.000000 3.823594 8.000000
v 224.000000 3.765362 8.000000
f 4480 4481 4482
v 224.000000 4.013381 16.000000
v 224.000000 4.261394 24.000000
v 232.000000 4.290775 24.000000
f 4483 4484 4485
v 232.000000 4.290775 24.000000
v 232.000000 4.057183 16.000000
v 224.000000 4.013381 16.000000
f 4486 4487 4488
v 224.000000 4.261394 24.000000
v 224.000000 4.505624 32.000000
v 232.000000 4.521729 32.000000
f 4489 4490 4491
v 232.000000 4.521729 32.000000
v 232.000000 4.290775 24.000000
v 224.000000 4.261394 24.000000
f 4492 4493 4494
v 224.000000 4.505624 32.000000
v 224.000000 4.742108 40.000000
v 232.000000 4.747272 40.000000
f 4495 4496 4497
v 232.000000 4.747272 40.000000
v 232.000000 4.521729 32.000000
v 224.000000 4.505624 32.000000
f 4498 4499 4500
v 224.000000 4.742108 40.000000
v 224.000000 4.967272 48.000000
v 232.000000 4.964901 48.000000
f 4501 4502 4503
v 232.000000 4.964901 48.000000
v 232.000000 4.747272 40.000000
v 224.000000 4.742108 40.000000
f 4504 4505 4506
v 224.000000 4.967272 48.000000
v 224.000000 5.178506 56.000000
v 232.000000 5.172788 56.000000
f 4507 4508 4509
v 232.000000 5.172788 56.000000
v 232.000000 4.964901 48.000000
v 224.000000 4.967272 48.000000
f 4510 4511 4512
v 232.000000 5.271784 59.960000
v 232.000000 5.172788 56.000000
v 224.000000 5.178506 56.000000
f 4513 4514 4515
v 232.000000 5.271784 59.960000
v 224.000000 5.374610 64.000000
v 230.616438 5.368621 64.000000
f 4516 4517 4518
v 224.000000 5.374610 64.000000
v 232.000000 5.271784 59.960000
v 224.000000 5.178506 56.000000
f 4519 4520 4521
v 227.876712 5.552749 72.000000
v 224.000000 5.374610 64.000000
v 224.000000 5.556005 72.000000
f 4522 4523 4524
v 224.000000 5.374610 64.000000
v 227.876712 5.552749 72.000000
v 230.616438 5.368621 64.000000
f 4525 4526 4527
v 225.136986 5.724442 80.000000
v 224.000000 5.556005 72.000000
v 224.000000 5.724658 80.000000
f 4528 4529 4530
v 224.000000 5.556005 72.000000
v 225.136986 5.724442 80.000000
v 227.876712 5.552749 72.000000
f 4531 4532 4533
v 225.136986 5.724442 80.000000
v 224.000000 5.724658 80.000000
v 224.000000 5.791628 83.320000
f 4534 4535 4536
v 232.000000 3.570670 -0.750000
v 232.000000 3.592191 0.000000
v 232.428571 3.596378 0.000000
f 4537 4538 4539
v 232.428571 3.596378 0.000000
v 232.000000 3.592191 0.000000
v 232.000000 3.823594 8.000000
f 4540 4541 4542
v 232.000000 3.823594 8.000000
v 237.000000 3.867740 8.000000
v 232.428571 3.596378 0.000000
f 4543 4544 4545
v 237.000000 3.867740 8.000000
v 232.000000 3.823594 8.000000
v 232.000000 4.057183 16.000000
f 4546 4547 4548
v 232.000000 4.057183 16.000000
v 240.000000 4.119509 16.000000
v 240.000000 4.042887 13.250000
f 4549 4550 4551
v 240.000000 4.042887 13.250000
v 237.000000 3.867740 8.000000
v 232.000000 4.057183 16.000000
f 4552 4553 4554
v 232.000000 4.057183 16.000000
v 232.000000 4.290775 24.000000
v 240.000000 4.342174 24.000000
f 4555 4556 4557
v 240.000000 4.342174 24.000000
v 240.000000 4.119509 16.000000
v 232.000000 4.057183 16.000000
f 4558 4559 4560
v 232.000000 4.290775 24.000000
v 232.000000 4.521729 32.000000
v 240.000000 4.563062 32.000000
f 4561 4562 4563
v 240.000000 4.563062 32.000000
v 240.000000 4.342174 24.000000
v 232.000000 4.290775 24.000000
f 4564 4565 4566
v 240.000000 4.688537 36.600000
v 240.000000 4.563062 32.000000
v 232.000000 4.521729 32.000000
f 4567 4568 4569
v 240.000000 4.688537 36.600000
v 232.000000 4.747272 40.000000
v 238.835616 4.773899 40.000000
f 4570 4571 4572
v 232.000000 4.747272 40.000000
v 240.000000 4.688537 36.600000
v 232.000000 4.521729 32.000000
f 4573 4574 4575
v 236.095890 4.975404 48.000000
v 232.000000 4.747272 40.000000
v 232.000000 4.964901 48.000000
f 4576 4577 4578
v 232.000000 4.747272 40.000000
v 236.095890 4.975404 48.000000
v 238.835616 4.773899 40.000000
f 4579 4580 4581
v 233.356164 5.174938 56.000000
v 232.000000 4.964901 48.000000
v 232.000000 5.172788 56.000000
f 4582 4583 4584
v 232.000000 4.964901 48.000000
v 233.356164 5.174938 56.000000
v 236.095890 4.975404 48.000000
f 4585 4586 4587
v 233.356164 5.174938 56.000000
v 232.000000 5.172788 56.000000
v 232.000000 5.271784 59.960000
f 4588 4589 4590
v 240.000000 4.042887 13.250000
v 240.000000 4.119509 16.000000
v 241.571429 4.133715 16.000000
f 4591 4592 4593
v 240.000000 4.342174 24.000000
v 241.571429 4.133715 16.000000
v 240.000000 4.119509 16.000000
f 4594 4595 4596
v 245.000000 4.329851 22.000000
v 240.000000 4.342174 24.000000
v 244.315068 4.377977 24.000000
f 4597 4598 4599
v 241.571429 4.133715 16.000000
v 240.000000 4.342174 24.000000
v 245.000000 4.329851 22.000000
f 4600 4601 4602
v 241.575342 4.573884 32.000000
v 240.000000 4.342174 24.000000
v 240.000000 4.563062 32.000000
f 4603 4604 4605
v 240.000000 4.342174 24.000000
v 241.575342 4.573884 32.000000
v 244.315068 4.377977 24.000000
f 4606 4607 4608
v 241.575342 4.573884 32.000000
v 240.000000 4.563062 32.000000
v 240.000000 4.688537 36.600000
f 4609 4610 4611
