# CITY-04 generated projection: walkable_collision
v 20.000000 -1.794788 -60.000000
v 20.000000 -1.705461 -56.000000
v 16.000000 -1.474873 -56.000000
f 3 2 1
v 16.000000 -1.474873 -56.000000
v 16.000000 -1.588377 -60.888889
v 20.000000 -1.794788 -60.000000
f 6 5 4
v 20.000000 -1.537696 -48.000000
v 16.000000 -1.304553 -48.000000
v 16.000000 -1.474873 -56.000000
f 9 8 7
v 16.000000 -1.474873 -56.000000
v 20.000000 -1.705461 -56.000000
v 20.000000 -1.537696 -48.000000
f 12 11 10
v 20.000000 -1.385461 -40.000000
v 16.000000 -1.154873 -40.000000
v 16.000000 -1.304553 -48.000000
f 15 14 13
v 16.000000 -1.304553 -48.000000
v 20.000000 -1.537696 -48.000000
v 20.000000 -1.385461 -40.000000
f 18 17 16
v 20.000000 -1.247167 -32.000000
v 16.000000 -1.023721 -32.000000
v 16.000000 -1.154873 -40.000000
f 21 20 19
v 16.000000 -1.154873 -40.000000
v 20.000000 -1.385461 -40.000000
v 20.000000 -1.247167 -32.000000
f 24 23 22
v 16.000000 -0.968328 -28.332092
v 16.000000 -1.023721 -32.000000
v 20.000000 -1.247167 -32.000000
f 27 26 25
v 20.000000 -1.247167 -32.000000
v 20.000000 -1.168108 -27.132092
v 16.000000 -0.968328 -28.332092
f 30 29 28
v 20.000000 -0.630732 6.303502
v 20.000000 -0.601068 8.000000
v 17.031129 -0.473080 8.000000
f 33 32 31
v 16.000000 -0.418346 8.589216
v 20.000000 -0.601068 8.000000
v 20.000000 -0.457161 16.000000
f 36 35 34
v 20.000000 -0.457161 16.000000
v 16.000000 -0.289646 16.000000
v 16.000000 -0.418346 8.589216
f 39 38 37
v 20.000000 -0.601068 8.000000
v 16.000000 -0.418346 8.589216
v 17.031129 -0.473080 8.000000
f 42 41 40
v 20.000000 -0.307521 24.000000
v 16.000000 -0.143415 24.000000
v 16.000000 -0.289646 16.000000
f 45 44 43
v 16.000000 -0.289646 16.000000
v 20.000000 -0.457161 16.000000
v 20.000000 -0.307521 24.000000
f 48 47 46
v 20.000000 -0.153650 32.000000
v 16.000000 0.008440 32.000000
v 16.000000 -0.143415 24.000000
f 51 50 49
v 16.000000 -0.143415 24.000000
v 20.000000 -0.307521 24.000000
v 20.000000 -0.153650 32.000000
f 54 53 52
v 20.000000 0.003010 40.000000
v 16.000000 0.164000 40.000000
v 16.000000 0.008440 32.000000
f 57 56 55
v 16.000000 0.008440 32.000000
v 20.000000 -0.153650 32.000000
v 20.000000 0.003010 40.000000
f 60 59 58
v 20.000000 0.161328 48.000000
v 16.000000 0.321766 48.000000
v 16.000000 0.164000 40.000000
f 63 62 61
v 16.000000 0.164000 40.000000
v 20.000000 0.003010 40.000000
v 20.000000 0.161328 48.000000
f 66 65 64
v 20.000000 0.300613 55.000000
v 18.831169 0.367348 56.000000
v 16.000000 0.480726 56.000000
f 69 68 67
v 20.000000 0.300613 55.000000
v 16.000000 0.321766 48.000000
v 20.000000 0.161328 48.000000
f 72 71 70
v 16.000000 0.321766 48.000000
v 20.000000 0.300613 55.000000
v 16.000000 0.480726 56.000000
f 75 74 73
v 16.000000 0.528991 58.422222
v 16.000000 0.480726 56.000000
v 18.831169 0.367348 56.000000
f 78 77 76
v 16.000000 -1.588377 -60.888889
v 16.000000 -1.474873 -56.000000
v 8.000000 -0.962535 -56.000000
f 81 80 79
v 8.000000 -0.962535 -56.000000
v 8.000000 -1.134316 -62.666667
v 16.000000 -1.588377 -60.888889
f 84 83 82
v 16.000000 -1.474873 -56.000000
v 16.000000 -1.304553 -48.000000
v 8.000000 -0.785253 -48.000000
f 87 86 85
v 8.000000 -0.785253 -48.000000
v 8.000000 -0.962535 -56.000000
v 16.000000 -1.474873 -56.000000
f 90 89 88
v 16.000000 -1.304553 -48.000000
v 16.000000 -1.154873 -40.000000
v 8.000000 -0.642535 -40.000000
f 93 92 91
v 8.000000 -0.642535 -40.000000
v 8.000000 -0.785253 -48.000000
v 16.000000 -1.304553 -48.000000
f 96 95 94
v 16.000000 -1.154873 -40.000000
v 16.000000 -1.023721 -32.000000
v 8.000000 -0.530843 -32.000000
f 99 98 97
v 8.000000 -0.530843 -32.000000
v 8.000000 -0.642535 -40.000000
v 16.000000 -1.154873 -40.000000
f 102 101 100
v 8.000000 -0.515424 -30.732092
v 8.000000 -0.530843 -32.000000
v 16.000000 -1.023721 -32.000000
f 105 104 103
v 16.000000 -1.023721 -32.000000
v 16.000000 -0.968328 -28.332092
v 8.000000 -0.515424 -30.732092
f 108 107 106
v 8.000000 -0.256410 -6.185037
v 8.121417 -0.188298 0.000000
v 8.000000 -0.182442 0.000000
f 111 110 109
v 8.121417 -0.188298 0.000000
v 8.000000 -0.256410 -6.185037
v 14.294313 -0.560945 -5.555606
f 114 113 112
v 8.000000 -0.181057 0.109275
v 8.000000 -0.182442 0.000000
v 8.121417 -0.188298 0.000000
f 117 116 115
v 8.000000 0.005138 13.160645
v 16.000000 -0.289646 16.000000
v 8.000000 0.050830 16.000000
f 120 119 118
v 16.000000 -0.289646 16.000000
v 8.000000 0.005138 13.160645
v 16.000000 -0.418346 8.589216
f 123 122 121
v 16.000000 -0.289646 16.000000
v 16.000000 -0.143415 24.000000
v 8.000000 0.187772 24.000000
f 126 125 124
v 8.000000 0.187772 24.000000
v 8.000000 0.050830 16.000000
v 16.000000 -0.289646 16.000000
f 129 128 127
v 16.000000 -0.143415 24.000000
v 16.000000 0.008440 32.000000
v 8.000000 0.334133 32.000000
f 132 131 130
v 8.000000 0.334133 32.000000
v 8.000000 0.187772 24.000000
v 16.000000 -0.143415 24.000000
f 135 134 133
v 16.000000 0.008440 32.000000
v 16.000000 0.164000 40.000000
v 8.000000 0.486698 40.000000
f 138 137 136
v 8.000000 0.486698 40.000000
v 8.000000 0.334133 32.000000
v 16.000000 0.008440 32.000000
f 141 140 139
v 16.000000 0.164000 40.000000
v 16.000000 0.321766 48.000000
v 8.000000 0.642957 48.000000
f 144 143 142
v 8.000000 0.642957 48.000000
v 8.000000 0.486698 40.000000
v 16.000000 0.164000 40.000000
f 147 146 145
v 16.000000 0.321766 48.000000
v 16.000000 0.480726 56.000000
v 8.000000 0.801216 56.000000
f 150 149 148
v 8.000000 0.801216 56.000000
v 8.000000 0.642957 48.000000
v 16.000000 0.321766 48.000000
f 153 152 151
v 9.480519 0.901205 64.000000
v 8.000000 0.960465 64.000000
v 8.000000 0.801216 56.000000
f 156 155 154
v 8.000000 0.801216 56.000000
v 16.000000 0.480726 56.000000
v 16.000000 0.528991 58.422222
f 159 158 157
v 16.000000 0.528991 58.422222
v 9.480519 0.901205 64.000000
v 8.000000 0.801216 56.000000
f 162 161 160
v 8.000000 0.985731 65.266667
v 8.000000 0.960465 64.000000
v 9.480519 0.901205 64.000000
f 165 164 163
v 2.000000 -0.757056 -64.000000
v -0.000000 -0.610676 -64.000000
v -0.000000 -0.624905 -64.444444
f 168 167 166
v 2.000000 -0.757056 -64.000000
v 8.000000 -0.962535 -56.000000
v -0.000000 -0.375335 -56.000000
f 171 170 169
v -0.000000 -0.375335 -56.000000
v -0.000000 -0.610676 -64.000000
v 2.000000 -0.757056 -64.000000
f 174 173 172
v 8.000000 -0.962535 -56.000000
v 2.000000 -0.757056 -64.000000
v 8.000000 -1.134316 -62.666667
f 177 176 175
v 8.000000 -0.962535 -56.000000
v 8.000000 -0.785253 -48.000000
v -0.000000 -0.188381 -48.000000
f 180 179 178
v -0.000000 -0.188381 -48.000000
v -0.000000 -0.375335 -56.000000
v 8.000000 -0.962535 -56.000000
f 183 182 181
v 8.000000 -0.785253 -48.000000
v 8.000000 -0.642535 -40.000000
v -0.000000 -0.055335 -40.000000
f 186 185 184
v -0.000000 -0.055335 -40.000000
v -0.000000 -0.188381 -48.000000
v 8.000000 -0.785253 -48.000000
f 189 188 187
v 1.274189 -0.071197 -32.749835
v -0.000000 0.015854 -33.578058
v -0.000000 -0.055335 -40.000000
f 192 191 190
v 3.773640 -0.243380 -32.000000
v 8.000000 -0.642535 -40.000000
v 8.000000 -0.530843 -32.000000
f 195 194 193
v -0.000000 -0.055335 -40.000000
v 3.773640 -0.243380 -32.000000
v 1.274189 -0.071197 -32.749835
f 198 197 196
v 3.773640 -0.243380 -32.000000
v -0.000000 -0.055335 -40.000000
v 8.000000 -0.642535 -40.000000
f 201 200 199
v 3.773640 -0.243380 -32.000000
v 8.000000 -0.530843 -32.000000
v 8.000000 -0.515424 -30.732092
f 204 203 202
v 8.000000 -0.256410 -6.185037
v 8.000000 -0.182442 0.000000
v -0.000000 0.214539 0.000000
f 207 206 205
v -0.000000 0.214539 0.000000
v -0.000000 0.163356 -6.985037
v 8.000000 -0.256410 -6.185037
f 210 209 208
v 8.000000 -0.181057 0.109275
v -0.000000 0.214539 0.000000
v 8.000000 -0.182442 0.000000
f 213 212 211
v -0.000000 0.214539 0.000000
v 8.000000 -0.181057 0.109275
v -0.000000 0.287217 7.309275
f 216 215 214
v 8.000000 0.005138 13.160645
v 8.000000 0.050830 16.000000
v 3.031129 0.266307 16.000000
f 219 218 217
v 3.031129 0.266307 16.000000
v 8.000000 0.050830 16.000000
v 8.000000 0.187772 24.000000
f 222 221 220
v 3.031129 0.266307 16.000000
v -0.000000 0.523315 24.000000
v -0.000000 0.424614 17.732074
f 225 224 223
v -0.000000 0.523315 24.000000
v 3.031129 0.266307 16.000000
v 8.000000 0.187772 24.000000
f 228 227 226
v 8.000000 0.187772 24.000000
v 8.000000 0.334133 32.000000
v -0.000000 0.662042 32.000000
f 231 230 229
v -0.000000 0.662042 32.000000
v -0.000000 0.523315 24.000000
v 8.000000 0.187772 24.000000
f 234 233 232
v 8.000000 0.334133 32.000000
v 8.000000 0.486698 40.000000
v -0.000000 0.810447 40.000000
f 237 236 235
v -0.000000 0.810447 40.000000
v -0.000000 0.662042 32.000000
v 8.000000 0.334133 32.000000
f 240 239 238
v 8.000000 0.486698 40.000000
v 8.000000 0.642957 48.000000
v -0.000000 0.964611 48.000000
f 243 242 241
v -0.000000 0.964611 48.000000
v -0.000000 0.810447 40.000000
v 8.000000 0.486698 40.000000
f 246 245 244
v 8.000000 0.642957 48.000000
v 8.000000 0.801216 56.000000
v -0.000000 1.121896 56.000000
f 249 248 247
v -0.000000 1.121896 56.000000
v -0.000000 0.964611 48.000000
v 8.000000 0.642957 48.000000
f 252 251 250
v 8.000000 0.801216 56.000000
v 8.000000 0.960465 64.000000
v -0.000000 1.280726 64.000000
f 255 254 253
v -0.000000 1.280726 64.000000
v -0.000000 1.121896 56.000000
v 8.000000 0.801216 56.000000
f 258 257 256
v 0.129870 1.435062 72.000000
v -0.000000 1.440259 72.000000
v -0.000000 1.280726 64.000000
f 261 260 259
v -0.000000 1.280726 64.000000
v 8.000000 0.960465 64.000000
v 8.000000 0.985731 65.266667
f 264 263 262
v 8.000000 0.985731 65.266667
v 0.129870 1.435062 72.000000
v -0.000000 1.280726 64.000000
f 267 266 265
v -0.000000 1.442477 72.111111
v -0.000000 1.440259 72.000000
v 0.129870 1.435062 72.000000
f 270 269 268
v -0.000000 -0.624905 -64.444444
v -0.000000 -0.610676 -64.000000
v -8.000000 0.012239 -64.000000
f 273 272 271
v -8.000000 0.012239 -64.000000
v -8.000000 -0.072427 -66.222222
v -0.000000 -0.624905 -64.444444
f 276 275 274
v -0.000000 -0.610676 -64.000000
v -0.000000 -0.375335 -56.000000
v -8.000000 0.281677 -56.000000
f 279 278 277
v -8.000000 0.281677 -56.000000
v -8.000000 0.012239 -64.000000
v -0.000000 -0.610676 -64.000000
f 282 281 280
v -0.000000 -0.375335 -56.000000
v -0.000000 -0.188381 -48.000000
v -8.000000 0.480829 -48.000000
f 285 284 283
v -8.000000 0.480829 -48.000000
v -8.000000 0.281677 -56.000000
v -0.000000 -0.375335 -56.000000
f 288 287 286
v -0.000000 -0.188381 -48.000000
v -0.000000 -0.055335 -40.000000
v -8.000000 0.601677 -40.000000
f 291 290 289
v -8.000000 0.601677 -40.000000
v -8.000000 0.480829 -48.000000
v -0.000000 -0.188381 -48.000000
f 294 293 292
v -8.000000 0.613544 -38.778058
v -8.000000 0.601677 -40.000000
v -0.000000 -0.055335 -40.000000
f 297 296 295
v -0.000000 -0.055335 -40.000000
v -0.000000 0.015854 -33.578058
v -8.000000 0.613544 -38.778058
f 300 299 298
v -2.374238 0.292000 -8.000000
v -8.000000 0.620787 -8.000000
v -8.000000 0.625454 -11.938033
f 303 302 301
v -0.298511 0.179762 -7.014888
v -0.000000 0.163356 -6.985037
v -0.000000 0.214539 0.000000
f 306 305 304
v -2.374238 0.292000 -8.000000
v -8.000000 0.631632 0.000000
v -8.000000 0.620787 -8.000000
f 309 308 307
v -8.000000 0.631632 0.000000
v -2.374238 0.292000 -8.000000
v -1.720387 0.256776 -7.542304
f 312 311 310
v -0.601535 0.196380 -7.060926
v -0.298511 0.179762 -7.014888
v -0.000000 0.214539 0.000000
f 315 314 313
v -1.460641 0.242883 -7.379594
v -8.000000 0.631632 0.000000
v -1.720387 0.256776 -7.542304
f 318 317 316
v -0.898280 0.212540 -7.137642
v -0.601535 0.196380 -7.060926
v -0.000000 0.214539 0.000000
f 321 320 319
v -8.000000 0.631632 0.000000
v -1.460641 0.242883 -7.379594
v -0.000000 0.214539 0.000000
f 324 323 322
v -1.185648 0.228090 -7.244235
v -0.898280 0.212540 -7.137642
v -0.000000 0.214539 0.000000
f 327 326 325
v -0.000000 0.214539 0.000000
v -1.460641 0.242883 -7.379594
v -1.185648 0.228090 -7.244235
f 330 329 328
v -0.767472 0.331193 8.000000
v -8.000000 0.676292 8.000000
v -8.000000 0.631632 0.000000
f 333 332 331
v -0.767472 0.331193 8.000000
v -0.000000 0.214539 0.000000
v -0.000000 0.287217 7.309275
f 336 335 334
v -0.000000 0.214539 0.000000
v -0.767472 0.331193 8.000000
v -8.000000 0.631632 0.000000
f 339 338 337
v -8.000000 0.738059 14.509275
v -8.000000 0.676292 8.000000
v -0.767472 0.331193 8.000000
f 342 341 340
v -6.817104 0.777315 21.627562
v -0.000000 0.424614 17.732074
v -0.000000 0.523315 24.000000
f 345 344 343
v -6.817104 0.777315 21.627562
v -8.000000 0.862917 24.000000
v -8.000000 0.843790 22.702922
f 348 347 346
v -8.000000 0.862917 24.000000
v -6.817104 0.777315 21.627562
v -0.000000 0.523315 24.000000
f 351 350 349
v -0.000000 0.523315 24.000000
v -0.000000 0.662042 32.000000
v -8.000000 0.992017 32.000000
f 354 353 352
v -8.000000 0.992017 32.000000
v -8.000000 0.862917 24.000000
v -0.000000 0.523315 24.000000
f 357 356 355
v -0.000000 0.662042 32.000000
v -0.000000 0.810447 40.000000
v -8.000000 1.135174 40.000000
f 360 359 358
v -8.000000 1.135174 40.000000
v -8.000000 0.992017 32.000000
v -0.000000 0.662042 32.000000
f 363 362 361
v -0.000000 0.810447 40.000000
v -0.000000 0.964611 48.000000
v -8.000000 1.286698 48.000000
f 366 365 364
v -8.000000 1.286698 48.000000
v -8.000000 1.135174 40.000000
v -0.000000 0.810447 40.000000
f 369 368 367
v -0.000000 0.964611 48.000000
v -0.000000 1.121896 56.000000
v -8.000000 1.442754 56.000000
f 372 371 370
v -8.000000 1.442754 56.000000
v -8.000000 1.286698 48.000000
v -0.000000 0.964611 48.000000
f 375 374 373
v -0.000000 1.121896 56.000000
v -0.000000 1.280726 64.000000
v -8.000000 1.601054 64.000000
f 378 377 376
v -8.000000 1.601054 64.000000
v -8.000000 1.442754 56.000000
v -0.000000 1.121896 56.000000
f 381 380 379
v -0.000000 1.280726 64.000000
v -0.000000 1.440259 72.000000
v -8.000000 1.760376 72.000000
f 384 383 382
v -8.000000 1.760376 72.000000
v -8.000000 1.601054 64.000000
v -0.000000 1.280726 64.000000
f 387 386 385
v -0.000000 1.442477 72.111111
v -8.000000 1.760376 72.000000
v -0.000000 1.440259 72.000000
f 390 389 388
v -8.000000 1.760376 72.000000
v -0.000000 1.442477 72.111111
v -8.000000 1.899256 78.955556
f 393 392 391
v -8.000000 -0.072427 -66.222222
v -8.000000 0.012239 -64.000000
v -16.000000 0.675305 -64.000000
f 396 395 394
v -16.000000 0.675305 -64.000000
v -16.000000 0.494179 -68.000000
v -8.000000 -0.072427 -66.222222
f 399 398 397
v -8.000000 0.012239 -64.000000
v -8.000000 0.281677 -56.000000
v -16.000000 0.983360 -56.000000
f 402 401 400
v -16.000000 0.983360 -56.000000
v -16.000000 0.675305 -64.000000
v -8.000000 0.012239 -64.000000
f 405 404 403
v -8.000000 0.281677 -56.000000
v -8.000000 0.480829 -48.000000
v -16.000000 1.196327 -48.000000
f 408 407 406
v -16.000000 1.196327 -48.000000
v -16.000000 0.983360 -56.000000
v -8.000000 0.281677 -56.000000
f 411 410 409
v -16.000000 1.263200 -43.978058
v -16.000000 1.196327 -48.000000
v -8.000000 0.480829 -48.000000
f 414 413 412
v -8.000000 0.480829 -48.000000
v -8.000000 0.601677 -40.000000
v -9.879911 0.763933 -40.000000
f 417 416 415
v -9.879911 0.763933 -40.000000
v -16.000000 1.263200 -43.978058
v -8.000000 0.480829 -48.000000
f 420 419 418
v -9.879911 0.763933 -40.000000
v -8.000000 0.601677 -40.000000
v -8.000000 0.613544 -38.778058
f 423 422 421
v -13.802810 1.027823 -16.000000
v -16.000000 1.178475 -16.000000
v -16.000000 1.194777 -17.538033
f 426 425 424
v -8.000000 0.625454 -11.938033
v -8.000000 0.620787 -8.000000
v -16.000000 1.103381 -8.000000
f 429 428 427
v -16.000000 1.103381 -8.000000
v -16.000000 1.178475 -16.000000
v -13.802810 1.027823 -16.000000
f 432 431 430
v -13.802810 1.027823 -16.000000
v -8.000000 0.625454 -11.938033
v -16.000000 1.103381 -8.000000
f 435 434 433
v -8.000000 0.620787 -8.000000
v -8.000000 0.631632 0.000000
v -16.000000 1.061595 0.000000
f 438 437 436
v -16.000000 1.061595 0.000000
v -16.000000 1.103381 -8.000000
v -8.000000 0.620787 -8.000000
f 441 440 439
v -8.000000 0.631632 0.000000
v -8.000000 0.676292 8.000000
v -16.000000 1.065555 8.000000
f 444 443 442
v -16.000000 1.065555 8.000000
v -16.000000 1.061595 0.000000
v -8.000000 0.631632 0.000000
f 447 446 445
v -9.656361 0.829562 16.000000
v -16.000000 1.115787 16.000000
v -16.000000 1.065555 8.000000
f 450 449 448
v -16.000000 1.065555 8.000000
v -8.000000 0.676292 8.000000
v -8.000000 0.738059 14.509275
f 453 452 451
v -8.000000 0.738059 14.509275
v -9.656361 0.829562 16.000000
v -16.000000 1.065555 8.000000
f 456 455 454
v -16.000000 1.176126 21.709275
v -16.000000 1.115787 16.000000
v -9.656361 0.829562 16.000000
f 459 458 457
v -8.000000 0.843790 22.702922
v -8.000000 0.862917 24.000000
v -9.426786 0.923820 24.000000
f 462 461 460
v -9.426786 0.923820 24.000000
v -8.000000 0.862917 24.000000
v -8.000000 0.992017 32.000000
f 465 464 463
v -8.000000 0.992017 32.000000
v -16.000000 1.323315 32.000000
v -16.000000 1.291249 29.975649
f 468 467 466
v -16.000000 1.291249 29.975649
v -9.426786 0.923820 24.000000
v -8.000000 0.992017 32.000000
f 471 470 469
v -8.000000 0.992017 32.000000
v -8.000000 1.135174 40.000000
v -16.000000 1.460529 40.000000
f 474 473 472
v -16.000000 1.460529 40.000000
v -16.000000 1.323315 32.000000
v -8.000000 0.992017 32.000000
f 477 476 475
v -8.000000 1.135174 40.000000
v -8.000000 1.286698 48.000000
v -16.000000 1.609062 48.000000
f 480 479 478
v -16.000000 1.609062 48.000000
v -16.000000 1.460529 40.000000
v -8.000000 1.135174 40.000000
f 483 482 481
v -8.000000 1.286698 48.000000
v -8.000000 1.442754 56.000000
v -16.000000 1.763725 56.000000
f 486 485 484
v -16.000000 1.763725 56.000000
v -16.000000 1.609062 48.000000
v -8.000000 1.286698 48.000000
f 489 488 487
v -8.000000 1.442754 56.000000
v -8.000000 1.601054 64.000000
v -16.000000 1.921426 64.000000
f 492 491 490
v -16.000000 1.921426 64.000000
v -16.000000 1.763725 56.000000
v -8.000000 1.442754 56.000000
f 495 494 493
v -8.000000 1.601054 64.000000
v -8.000000 1.760376 72.000000
v -16.000000 2.080509 72.000000
f 498 497 496
v -16.000000 2.080509 72.000000
v -16.000000 1.921426 64.000000
v -8.000000 1.601054 64.000000
f 501 500 499
v -9.220779 1.968963 80.000000
v -16.000000 2.240169 80.000000
v -16.000000 2.080509 72.000000
f 504 503 502
v -16.000000 2.080509 72.000000
v -8.000000 1.760376 72.000000
v -8.000000 1.899256 78.955556
f 507 506 505
v -8.000000 1.899256 78.955556
v -9.220779 1.968963 80.000000
v -16.000000 2.080509 72.000000
f 510 509 508
v -16.000000 2.356073 85.800000
v -16.000000 2.240169 80.000000
v -9.220779 1.968963 80.000000
f 513 512 511
v -16.000000 0.494179 -68.000000
v -16.000000 0.675305 -64.000000
v -24.000000 1.337283 -64.000000
f 516 515 514
v -24.000000 1.337283 -64.000000
v -24.000000 1.032469 -69.777778
v -16.000000 0.494179 -68.000000
f 519 518 517
v -16.000000 0.675305 -64.000000
v -16.000000 0.983360 -56.000000
v -24.000000 1.683833 -56.000000
f 522 521 520
v -24.000000 1.683833 -56.000000
v -24.000000 1.337283 -64.000000
v -16.000000 0.675305 -64.000000
f 525 524 523
v -24.000000 1.872323 -49.750000
v -24.000000 1.683833 -56.000000
v -16.000000 0.983360 -56.000000
f 528 527 526
v -16.000000 0.983360 -56.000000
v -16.000000 1.196327 -48.000000
v -21.666667 1.705863 -48.000000
f 531 530 529
v -21.666667 1.705863 -48.000000
v -24.000000 1.872323 -49.750000
v -16.000000 0.983360 -56.000000
f 534 533 532
v -18.280581 1.447551 -45.460436
v -21.666667 1.705863 -48.000000
v -16.000000 1.196327 -48.000000
f 537 536 535
v -16.000000 1.196327 -48.000000
v -16.000000 1.263200 -43.978058
v -18.280581 1.447551 -45.460436
f 540 539 538
v -24.000000 1.721677 -16.000000
v -16.000000 1.194777 -17.538033
v -16.000000 1.178475 -16.000000
f 543 542 541
v -22.006894 1.683804 -21.770118
v -24.000000 1.721677 -16.000000
v -24.000000 1.859896 -23.563913
f 546 545 544
v -16.000000 1.194777 -17.538033
v -24.000000 1.721677 -16.000000
v -21.720387 1.659246 -21.542304
f 549 548 547
v -21.720387 1.659246 -21.542304
v -24.000000 1.721677 -16.000000
v -22.006894 1.683804 -21.770118
f 552 551 550
v -16.000000 1.178475 -16.000000
v -16.000000 1.103381 -8.000000
v -24.000000 1.585459 -8.000000
f 555 554 553
v -24.000000 1.585459 -8.000000
v -24.000000 1.721677 -16.000000
v -16.000000 1.178475 -16.000000
f 558 557 556
v -16.000000 1.103381 -8.000000
v -16.000000 1.061595 0.000000
v -24.000000 1.491210 0.000000
f 561 560 559
v -24.000000 1.491210 0.000000
v -24.000000 1.585459 -8.000000
v -16.000000 1.103381 -8.000000
f 564 563 562
v -16.000000 1.061595 0.000000
v -16.000000 1.065555 8.000000
v -24.000000 1.454600 8.000000
f 567 566 565
v -24.000000 1.454600 8.000000
v -24.000000 1.491210 0.000000
v -16.000000 1.061595 0.000000
f 570 569 568
v -16.000000 1.065555 8.000000
v -16.000000 1.115787 16.000000
v -24.000000 1.476292 16.000000
f 573 572 571
v -24.000000 1.476292 16.000000
v -24.000000 1.454600 8.000000
v -16.000000 1.065555 8.000000
f 576 575 574
v -18.545250 1.314133 24.000000
v -24.000000 1.547249 24.000000
v -24.000000 1.476292 16.000000
f 579 578 577
v -24.000000 1.476292 16.000000
v -16.000000 1.115787 16.000000
v -16.000000 1.176126 21.709275
f 582 581 580
v -16.000000 1.176126 21.709275
v -18.545250 1.314133 24.000000
v -24.000000 1.476292 16.000000
f 585 584 583
v -21.414214 1.469545 26.585786
v -24.000000 1.613297 29.171573
v -24.000000 1.547249 24.000000
f 588 587 586
v -24.000000 1.547249 24.000000
v -18.545250 1.314133 24.000000
v -21.337929 1.465364 26.513412
f 591 590 589
v -21.337929 1.465364 26.513412
v -21.414214 1.469545 26.585786
v -24.000000 1.547249 24.000000
f 594 593 592
v -16.000000 1.291249 29.975649
v -16.000000 1.323315 32.000000
v -18.226786 1.415595 32.000000
f 597 596 595
v -18.226786 1.415595 32.000000
v -16.000000 1.323315 32.000000
v -16.000000 1.460529 40.000000
f 600 599 598
v -16.000000 1.460529 40.000000
v -24.000000 1.785866 40.000000
v -24.000000 1.738677 37.248376
f 603 602 601
v -24.000000 1.738677 37.248376
v -18.226786 1.415595 32.000000
v -16.000000 1.460529 40.000000
f 606 605 604
v -16.000000 1.460529 40.000000
v -16.000000 1.609062 48.000000
v -24.000000 1.931418 48.000000
f 609 608 607
v -24.000000 1.931418 48.000000
v -24.000000 1.785866 40.000000
v -16.000000 1.460529 40.000000
f 612 611 610
v -16.000000 1.609062 48.000000
v -16.000000 1.763725 56.000000
v -24.000000 2.084694 56.000000
f 615 614 613
v -24.000000 2.084694 56.000000
v -24.000000 1.931418 48.000000
v -16.000000 1.609062 48.000000
f 618 617 616
v -16.000000 1.763725 56.000000
v -16.000000 1.921426 64.000000
v -24.000000 2.241797 64.000000
f 621 620 619
v -24.000000 2.241797 64.000000
v -24.000000 2.084694 56.000000
v -16.000000 1.763725 56.000000
f 624 623 622
v -16.000000 1.921426 64.000000
v -16.000000 2.080509 72.000000
v -24.000000 2.400641 72.000000
f 627 626 625
v -24.000000 2.400641 72.000000
v -24.000000 2.241797 64.000000
v -16.000000 1.921426 64.000000
f 630 629 628
v -16.000000 2.080509 72.000000
v -16.000000 2.240169 80.000000
v -24.000000 2.560213 80.000000
f 633 632 631
v -24.000000 2.560213 80.000000
v -24.000000 2.400641 72.000000
v -16.000000 2.080509 72.000000
f 636 635 634
v -18.571429 2.502914 88.000000
v -24.000000 2.720066 88.000000
v -24.000000 2.560213 80.000000
f 639 638 637
v -24.000000 2.560213 80.000000
v -16.000000 2.240169 80.000000
v -16.000000 2.356073 85.800000
f 642 641 640
v -16.000000 2.356073 85.800000
v -18.571429 2.502914 88.000000
v -24.000000 2.560213 80.000000
f 645 644 643
v -24.000000 2.812921 92.644444
v -24.000000 2.720066 88.000000
v -18.571429 2.502914 88.000000
f 648 647 646
v -24.000000 1.032469 -69.777778
v -24.000000 1.337283 -64.000000
v -32.000000 1.944840 -64.000000
f 651 650 649
v -32.000000 1.944840 -64.000000
v -32.000000 1.496199 -71.555556
v -24.000000 1.032469 -69.777778
f 654 653 652
v -24.000000 1.337283 -64.000000
v -24.000000 1.683833 -56.000000
v -32.000000 2.323757 -56.000000
f 657 656 655
v -32.000000 2.323757 -56.000000
v -32.000000 1.944840 -64.000000
v -24.000000 1.337283 -64.000000
f 660 659 658
v -32.000000 2.333496 -55.750000
v -32.000000 2.323757 -56.000000
v -24.000000 1.683833 -56.000000
f 663 662 661
v -24.000000 1.683833 -56.000000
v -24.000000 1.872323 -49.750000
v -32.000000 2.333496 -55.750000
f 666 665 664
v -24.484541 1.903087 -24.000000
v -32.000000 2.428081 -24.000000
v -32.000000 2.565676 -30.763913
f 669 668 667
v -24.484541 1.903087 -24.000000
v -24.000000 1.721677 -16.000000
v -32.000000 2.229360 -16.000000
f 672 671 670
v -32.000000 2.229360 -16.000000
v -32.000000 2.428081 -24.000000
v -24.484541 1.903087 -24.000000
f 675 674 673
v -24.000000 1.721677 -16.000000
v -24.484541 1.903087 -24.000000
v -24.000000 1.859896 -23.563913
f 678 677 676
v -24.000000 1.721677 -16.000000
v -24.000000 1.585459 -8.000000
v -32.000000 2.041745 -8.000000
f 681 680 679
v -32.000000 2.041745 -8.000000
v -32.000000 2.229360 -16.000000
v -24.000000 1.721677 -16.000000
f 684 683 682
v -24.000000 1.585459 -8.000000
v -24.000000 1.491210 0.000000
v -32.000000 1.903381 0.000000
f 687 686 685
v -32.000000 1.903381 0.000000
v -32.000000 2.041745 -8.000000
v -24.000000 1.585459 -8.000000
f 690 689 688
v -24.000000 1.491210 0.000000
v -24.000000 1.454600 8.000000
v -32.000000 1.832656 8.000000
f 693 692 691
v -32.000000 1.832656 8.000000
v -32.000000 1.903381 0.000000
v -24.000000 1.491210 0.000000
f 696 695 694
v -24.000000 1.454600 8.000000
v -24.000000 1.476292 16.000000
v -32.000000 1.830350 16.000000
f 699 698 697
v -32.000000 1.830350 16.000000
v -32.000000 1.832656 8.000000
v -24.000000 1.454600 8.000000
f 702 701 700
v -24.000000 1.476292 16.000000
v -24.000000 1.547249 24.000000
v -32.000000 1.885858 24.000000
f 705 704 703
v -32.000000 1.885858 24.000000
v -32.000000 1.830350 16.000000
v -24.000000 1.476292 16.000000
f 708 707 706
v -26.828427 1.771361 32.000000
v -32.000000 1.984046 32.000000
v -32.000000 1.885858 24.000000
f 711 710 709
v -32.000000 1.885858 24.000000
v -24.000000 1.547249 24.000000
v -24.000000 1.613297 29.171573
f 714 713 712
v -24.000000 1.613297 29.171573
v -26.828427 1.771361 32.000000
v -32.000000 1.885858 24.000000
f 717 716 715
v -32.000000 2.063278 37.171573
v -32.000000 1.984046 32.000000
v -26.828427 1.771361 32.000000
f 720 719 718
v -24.000000 1.738677 37.248376
v -24.000000 1.785866 40.000000
v -27.026786 1.908783 40.000000
f 723 722 721
v -28.619439 1.998545 41.447866
v -27.026786 1.908783 40.000000
v -24.000000 1.785866 40.000000
f 726 725 724
v -32.000000 2.195256 44.828427
v -24.000000 1.931418 48.000000
v -32.000000 2.253399 48.000000
f 729 728 727
v -24.000000 1.931418 48.000000
v -32.000000 2.195256 44.828427
v -28.619439 1.998545 41.447866
f 732 731 730
v -24.000000 1.931418 48.000000
v -28.619439 1.998545 41.447866
v -24.000000 1.785866 40.000000
f 735 734 733
v -24.000000 1.931418 48.000000
v -24.000000 2.084694 56.000000
v -32.000000 2.405508 56.000000
f 738 737 736
v -32.000000 2.405508 56.000000
v -32.000000 2.253399 48.000000
v -24.000000 1.931418 48.000000
f 741 740 739
v -24.000000 2.084694 56.000000
v -24.000000 2.241797 64.000000
v -32.000000 2.562109 64.000000
f 744 743 742
v -32.000000 2.562109 64.000000
v -32.000000 2.405508 56.000000
v -24.000000 2.084694 56.000000
f 747 746 745
v -24.000000 2.241797 64.000000
v -24.000000 2.400641 72.000000
v -32.000000 2.720752 72.000000
f 750 749 748
v -32.000000 2.720752 72.000000
v -32.000000 2.562109 64.000000
v -24.000000 2.241797 64.000000
f 753 752 751
v -24.000000 2.400641 72.000000
v -24.000000 2.560213 80.000000
v -32.000000 2.880250 80.000000
f 756 755 754
v -32.000000 2.880250 80.000000
v -32.000000 2.720752 72.000000
v -24.000000 2.400641 72.000000
f 759 758 757
v -24.000000 2.560213 80.000000
v -24.000000 2.720066 88.000000
v -32.000000 3.040077 88.000000
f 762 761 760
v -32.000000 3.040077 88.000000
v -32.000000 2.880250 80.000000
v -24.000000 2.560213 80.000000
f 765 764 763
v -27.922078 3.036904 96.000000
v -32.000000 3.200022 96.000000
v -32.000000 3.040077 88.000000
f 768 767 766
v -32.000000 3.040077 88.000000
v -24.000000 2.720066 88.000000
v -24.000000 2.812921 92.644444
f 771 770 769
v -24.000000 2.812921 92.644444
v -27.922078 3.036904 96.000000
v -32.000000 3.040077 88.000000
f 774 773 772
v -32.000000 3.269790 99.488889
v -32.000000 3.200022 96.000000
v -27.922078 3.036904 96.000000
f 777 776 775
v -34.000000 1.595800 -72.000000
v -40.000000 1.939426 -72.000000
v -40.000000 1.848907 -73.333333
f 780 779 778
v -34.000000 1.595800 -72.000000
v -32.000000 1.944840 -64.000000
v -40.000000 2.445631 -64.000000
f 783 782 781
v -40.000000 2.445631 -64.000000
v -40.000000 1.939426 -72.000000
v -34.000000 1.595800 -72.000000
f 786 785 784
v -32.000000 1.944840 -64.000000
v -34.000000 1.595800 -72.000000
v -32.000000 1.496199 -71.555556
f 789 788 787
v -39.661290 2.625393 -60.354839
v -40.000000 2.711184 -59.000000
v -40.000000 2.445631 -64.000000
f 792 791 790
v -32.333333 2.348205 -56.000000
v -32.000000 1.944840 -64.000000
v -32.000000 2.323757 -56.000000
f 795 794 793
v -32.000000 1.944840 -64.000000
v -32.333333 2.348205 -56.000000
v -37.810811 2.530445 -60.108108
f 798 797 796
v -37.810811 2.530445 -60.108108
v -39.661290 2.625393 -60.354839
v -40.000000 2.445631 -64.000000
f 801 800 799
v -32.000000 1.944840 -64.000000
v -37.810811 2.530445 -60.108108
v -40.000000 2.445631 -64.000000
f 804 803 802
v -32.333333 2.348205 -56.000000
v -32.000000 2.323757 -56.000000
v -32.000000 2.333496 -55.750000
f 807 806 805
v -33.373430 2.679694 -32.000000
v -40.000000 3.085631 -32.000000
v -40.000000 3.157861 -37.963913
f 810 809 808
v -32.000000 2.565676 -30.763913
v -32.000000 2.428081 -24.000000
v -40.000000 2.899426 -24.000000
f 813 812 811
v -40.000000 2.899426 -24.000000
v -40.000000 3.085631 -32.000000
v -33.373430 2.679694 -32.000000
f 816 815 814
v -33.373430 2.679694 -32.000000
v -32.000000 2.565676 -30.763913
v -40.000000 2.899426 -24.000000
f 819 818 817
v -32.000000 2.428081 -24.000000
v -32.000000 2.229360 -16.000000
v -40.000000 2.667359 -16.000000
f 822 821 820
v -40.000000 2.667359 -16.000000
v -40.000000 2.899426 -24.000000
v -32.000000 2.428081 -24.000000
f 825 824 823
v -32.000000 2.229360 -16.000000
v -32.000000 2.041745 -8.000000
v -40.000000 2.447429 -8.000000
f 828 827 826
v -40.000000 2.447429 -8.000000
v -40.000000 2.667359 -16.000000
v -32.000000 2.229360 -16.000000
f 831 830 829
v -32.000000 2.041745 -8.000000
v -32.000000 1.903381 0.000000
v -40.000000 2.281329 0.000000
f 834 833 832
v -40.000000 2.281329 0.000000
v -40.000000 2.447429 -8.000000
v -32.000000 2.041745 -8.000000
f 837 836 835
v -32.000000 1.903381 0.000000
v -32.000000 1.832656 8.000000
v -40.000000 2.189157 8.000000
f 840 839 838
v -40.000000 2.189157 8.000000
v -40.000000 2.281329 0.000000
v -32.000000 1.903381 0.000000
f 843 842 841
v -32.000000 1.832656 8.000000
v -32.000000 1.830350 16.000000
v -40.000000 2.171764 16.000000
f 846 845 844
v -40.000000 2.171764 16.000000
v -40.000000 2.189157 8.000000
v -32.000000 1.832656 8.000000
f 849 848 847
v -32.000000 1.830350 16.000000
v -32.000000 1.885858 24.000000
v -40.000000 2.217558 24.000000
f 852 851 850
v -40.000000 2.217558 24.000000
v -40.000000 2.171764 16.000000
v -32.000000 1.830350 16.000000
f 855 854 853
v -32.000000 1.885858 24.000000
v -32.000000 1.984046 32.000000
v -40.000000 2.310000 32.000000
f 858 857 856
v -40.000000 2.310000 32.000000
v -40.000000 2.217558 24.000000
v -32.000000 1.885858 24.000000
f 861 860 859
v -34.828427 2.224716 40.000000
v -40.000000 2.433176 40.000000
v -40.000000 2.310000 32.000000
f 864 863 862
v -40.000000 2.310000 32.000000
v -32.000000 1.984046 32.000000
v -32.000000 2.063278 37.171573
f 867 866 865
v -32.000000 2.063278 37.171573
v -34.828427 2.224716 40.000000
v -40.000000 2.310000 32.000000
f 870 869 868
v -40.000000 2.523145 45.171573
v -40.000000 2.433176 40.000000
v -34.828427 2.224716 40.000000
f 873 872 871
v -32.000000 2.195256 44.828427
v -32.000000 2.253399 48.000000
v -35.171573 2.380861 48.000000
f 876 875 874
v -35.171573 2.380861 48.000000
v -32.000000 2.253399 48.000000
v -32.000000 2.405508 56.000000
f 879 878 877
v -32.000000 2.405508 56.000000
v -40.000000 2.726020 56.000000
v -40.000000 2.665206 52.828427
f 882 881 880
v -40.000000 2.665206 52.828427
v -35.171573 2.380861 48.000000
v -32.000000 2.405508 56.000000
f 885 884 883
v -32.000000 2.405508 56.000000
v -32.000000 2.562109 64.000000
v -40.000000 2.882305 64.000000
f 888 887 886
v -40.000000 2.882305 64.000000
v -40.000000 2.726020 56.000000
v -32.000000 2.405508 56.000000
f 891 890 889
v -32.000000 2.562109 64.000000
v -32.000000 2.720752 72.000000
v -40.000000 3.040822 72.000000
f 894 893 892
v -40.000000 3.040822 72.000000
v -40.000000 2.882305 64.000000
v -32.000000 2.562109 64.000000
f 897 896 895
v -32.000000 2.720752 72.000000
v -32.000000 2.880250 80.000000
v -40.000000 3.200273 80.000000
f 900 899 898
v -40.000000 3.200273 80.000000
v -40.000000 3.040822 72.000000
v -32.000000 2.720752 72.000000
f 903 902 901
v -32.000000 2.880250 80.000000
v -32.000000 3.040077 88.000000
v -40.000000 3.360084 88.000000
f 906 905 904
v -40.000000 3.360084 88.000000
v -40.000000 3.200273 80.000000
v -32.000000 2.880250 80.000000
f 909 908 907
v -32.000000 3.040077 88.000000
v -32.000000 3.200022 96.000000
v -40.000000 3.520024 96.000000
f 912 911 910
v -40.000000 3.520024 96.000000
v -40.000000 3.360084 88.000000
v -32.000000 3.040077 88.000000
f 915 914 913
v -37.272727 3.570915 104.000000
v -40.000000 3.680007 104.000000
v -40.000000 3.520024 96.000000
f 918 917 916
v -40.000000 3.520024 96.000000
v -32.000000 3.200022 96.000000
v -32.000000 3.269790 99.488889
f 921 920 919
v -32.000000 3.269790 99.488889
v -37.272727 3.570915 104.000000
v -40.000000 3.520024 96.000000
f 924 923 922
v -40.000000 3.726671 106.333333
v -40.000000 3.680007 104.000000
v -37.272727 3.570915 104.000000
f 927 926 925
v -40.000000 1.848907 -73.333333
v -40.000000 1.939426 -72.000000
v -48.000000 2.291343 -72.000000
f 930 929 928
v -48.000000 2.291343 -72.000000
v -48.000000 2.075971 -75.111111
v -40.000000 1.848907 -73.333333
f 933 932 931
v -40.000000 1.939426 -72.000000
v -40.000000 2.445631 -64.000000
v -48.000000 2.803757 -64.000000
f 936 935 934
v -48.000000 2.803757 -64.000000
v -48.000000 2.291343 -72.000000
v -40.000000 1.939426 -72.000000
f 939 938 937
v -45.951613 2.883749 -61.193548
v -48.000000 2.946045 -61.466667
v -48.000000 2.803757 -64.000000
f 942 941 940
v -45.951613 2.883749 -61.193548
v -40.000000 2.445631 -64.000000
v -40.000000 2.711184 -59.000000
f 945 944 943
v -40.000000 2.711184 -59.000000
v -40.238095 2.769020 -58.047619
v -46.428571 3.000405 -59.285714
f 948 947 946
v -40.000000 2.445631 -64.000000
v -45.951613 2.883749 -61.193548
v -48.000000 2.803757 -64.000000
f 951 950 949
v -40.000000 2.711184 -59.000000
v -46.428571 3.000405 -59.285714
v -45.951613 2.883749 -61.193548
f 954 953 952
v -48.000000 3.515765 -43.600000
v -44.750000 3.400579 -40.000000
v -48.000000 3.527317 -40.000000
f 957 956 955
v -44.750000 3.400579 -40.000000
v -48.000000 3.515765 -43.600000
v -44.047619 3.363365 -42.809524
f 960 959 958
v -42.000000 3.269960 -39.340588
v -41.395251 3.238553 -39.219638
v -40.000000 3.157861 -37.963913
f 963 962 961
v -42.000000 3.269960 -39.340588
v -40.000000 3.085631 -32.000000
v -48.000000 3.443757 -32.000000
f 966 965 964
v -48.000000 3.443757 -32.000000
v -48.000000 3.527317 -40.000000
v -44.750000 3.400579 -40.000000
f 969 968 967
v -44.750000 3.400579 -40.000000
v -42.000000 3.271322 -40.000000
v -42.000000 3.269960 -39.340588
f 972 971 970
v -40.000000 3.085631 -32.000000
v -42.000000 3.269960 -39.340588
v -40.000000 3.157861 -37.963913
f 975 974 973
v -48.000000 3.443757 -32.000000
v -44.750000 3.400579 -40.000000
v -42.000000 3.269960 -39.340588
f 978 977 976
v -40.000000 3.085631 -32.000000
v -40.000000 2.899426 -24.000000
v -48.000000 3.251343 -24.000000
f 981 980 979
v -48.000000 3.251343 -24.000000
v -48.000000 3.443757 -32.000000
v -40.000000 3.085631 -32.000000
f 984 983 982
v -40.000000 2.899426 -24.000000
v -40.000000 2.667359 -16.000000
v -48.000000 3.012244 -16.000000
f 987 986 985
v -48.000000 3.012244 -16.000000
v -48.000000 3.251343 -24.000000
v -40.000000 2.899426 -24.000000
f 990 989 988
v -40.000000 2.667359 -16.000000
v -40.000000 2.447429 -8.000000
v -48.000000 2.785499 -8.000000
f 993 992 991
v -48.000000 2.785499 -8.000000
v -48.000000 3.012244 -16.000000
v -40.000000 2.667359 -16.000000
f 996 995 994
v -40.000000 2.447429 -8.000000
v -40.000000 2.281329 0.000000
v -48.000000 2.613550 0.000000
f 999 998 997
v -48.000000 2.613550 0.000000
v -48.000000 2.785499 -8.000000
v -40.000000 2.447429 -8.000000
f 1002 1001 1000
v -40.000000 2.281329 0.000000
v -40.000000 2.189157 8.000000
v -48.000000 2.516855 8.000000
f 1005 1004 1003
v -48.000000 2.516855 8.000000
v -48.000000 2.613550 0.000000
v -40.000000 2.281329 0.000000
f 1008 1007 1006
v -40.000000 2.189157 8.000000
v -40.000000 2.171764 16.000000
v -48.000000 2.496279 16.000000
f 1011 1010 1009
v -48.000000 2.496279 16.000000
v -48.000000 2.516855 8.000000
v -40.000000 2.189157 8.000000
f 1014 1013 1012
v -40.000000 2.171764 16.000000
v -40.000000 2.217558 24.000000
v -48.000000 2.540025 24.000000
f 1017 1016 1015
v -48.000000 2.540025 24.000000
v -48.000000 2.496279 16.000000
v -40.000000 2.171764 16.000000
f 1020 1019 1018
v -40.000000 2.217558 24.000000
v -40.000000 2.310000 32.000000
v -48.000000 2.631255 32.000000
f 1023 1022 1021
v -48.000000 2.631255 32.000000
v -48.000000 2.540025 24.000000
v -40.000000 2.217558 24.000000
f 1026 1025 1024
v -40.000000 2.310000 32.000000
v -40.000000 2.433176 40.000000
v -48.000000 2.753771 40.000000
f 1029 1028 1027
v -48.000000 2.753771 40.000000
v -48.000000 2.631255 32.000000
v -40.000000 2.310000 32.000000
f 1032 1031 1030
v -42.828427 2.687994 48.000000
v -48.000000 2.894907 48.000000
v -48.000000 2.753771 40.000000
f 1035 1034 1033
v -48.000000 2.753771 40.000000
v -40.000000 2.433176 40.000000
v -40.000000 2.523145 45.171573
f 1038 1037 1036
v -40.000000 2.523145 45.171573
v -42.828427 2.687994 48.000000
v -48.000000 2.753771 40.000000
f 1041 1040 1039
v -48.000000 2.991891 53.171573
v -48.000000 2.894907 48.000000
v -42.828427 2.687994 48.000000
f 1044 1043 1042
v -40.000000 2.665206 52.828427
v -40.000000 2.726020 56.000000
v -43.171573 2.852978 56.000000
f 1047 1046 1045
v -43.171573 2.852978 56.000000
v -40.000000 2.726020 56.000000
v -40.000000 2.882305 64.000000
f 1050 1049 1048
v -40.000000 2.882305 64.000000
v -48.000000 3.202347 64.000000
v -48.000000 3.140031 60.828427
f 1053 1052 1051
v -48.000000 3.140031 60.828427
v -43.171573 2.852978 56.000000
v -40.000000 2.882305 64.000000
f 1056 1055 1054
v -40.000000 2.882305 64.000000
v -40.000000 3.040822 72.000000
v -48.000000 3.360837 72.000000
f 1059 1058 1057
v -48.000000 3.360837 72.000000
v -48.000000 3.202347 64.000000
v -40.000000 2.882305 64.000000
f 1062 1061 1060
v -40.000000 3.040822 72.000000
v -40.000000 3.200273 80.000000
v -48.000000 3.520278 80.000000
f 1065 1064 1063
v -48.000000 3.520278 80.000000
v -48.000000 3.360837 72.000000
v -40.000000 3.040822 72.000000
f 1068 1067 1066
v -40.000000 3.200273 80.000000
v -40.000000 3.360084 88.000000
v -48.000000 3.680086 88.000000
f 1071 1070 1069
v -48.000000 3.680086 88.000000
v -48.000000 3.520278 80.000000
v -40.000000 3.200273 80.000000
f 1074 1073 1072
v -40.000000 3.360084 88.000000
v -40.000000 3.520024 96.000000
v -48.000000 3.840025 96.000000
f 1077 1076 1075
v -48.000000 3.840025 96.000000
v -48.000000 3.680086 88.000000
v -40.000000 3.360084 88.000000
f 1080 1079 1078
v -40.000000 3.520024 96.000000
v -40.000000 3.680007 104.000000
v -48.000000 4.000007 104.000000
f 1083 1082 1081
v -48.000000 4.000007 104.000000
v -48.000000 3.840025 96.000000
v -40.000000 3.520024 96.000000
f 1086 1085 1084
v -46.623377 4.104937 112.000000
v -48.000000 4.160002 112.000000
v -48.000000 4.000007 104.000000
f 1089 1088 1087
v -48.000000 4.000007 104.000000
v -40.000000 3.680007 104.000000
v -40.000000 3.726671 106.333333
f 1092 1091 1090
v -40.000000 3.726671 106.333333
v -46.623377 4.104937 112.000000
v -48.000000 4.000007 104.000000
f 1095 1094 1093
v -48.000000 4.183557 113.177778
v -48.000000 4.160002 112.000000
v -46.623377 4.104937 112.000000
f 1098 1097 1096
v -48.000000 2.075971 -75.111111
v -48.000000 2.291343 -72.000000
v -56.000000 2.517269 -72.000000
f 1101 1100 1099
v -56.000000 2.517269 -72.000000
v -56.000000 2.189707 -76.888889
v -48.000000 2.075971 -75.111111
f 1104 1103 1102
v -54.702941 2.987332 -64.000000
v -56.000000 2.517269 -72.000000
v -48.000000 2.291343 -72.000000
f 1107 1106 1105
v -48.000000 2.291343 -72.000000
v -48.000000 2.803757 -64.000000
v -54.702941 2.987332 -64.000000
f 1110 1109 1108
v -56.000000 2.517269 -72.000000
v -54.702941 2.987332 -64.000000
v -56.000000 2.996677 -64.259412
f 1113 1112 1111
v -51.719344 2.952512 -63.403280
v -54.702941 2.987332 -64.000000
v -48.000000 2.803757 -64.000000
f 1116 1115 1114
v -51.719344 2.952512 -63.403280
v -48.000000 2.946045 -61.466667
v -52.000000 3.037679 -62.000000
f 1119 1118 1117
v -48.000000 2.946045 -61.466667
v -51.719344 2.952512 -63.403280
v -48.000000 2.803757 -64.000000
f 1122 1121 1120
v -50.966527 3.618211 -41.133894
v -50.238095 3.582361 -44.047619
v -48.000000 3.515765 -43.600000
f 1125 1124 1123
v -50.966527 3.618211 -41.133894
v -56.000000 3.722291 -40.000000
v -56.000000 3.717407 -42.140588
f 1128 1127 1126
v -50.966527 3.618211 -41.133894
v -48.000000 3.515765 -43.600000
v -48.000000 3.527317 -40.000000
f 1131 1130 1129
v -56.000000 3.722291 -40.000000
v -50.966527 3.618211 -41.133894
v -48.000000 3.527317 -40.000000
f 1134 1133 1132
v -48.000000 3.527317 -40.000000
v -48.000000 3.443757 -32.000000
v -56.000000 3.651380 -32.000000
f 1137 1136 1135
v -56.000000 3.651380 -32.000000
v -56.000000 3.722291 -40.000000
v -48.000000 3.527317 -40.000000
f 1140 1139 1138
v -48.000000 3.443757 -32.000000
v -48.000000 3.251343 -24.000000
v -56.000000 3.477269 -24.000000
f 1143 1142 1141
v -56.000000 3.477269 -24.000000
v -56.000000 3.651380 -32.000000
v -48.000000 3.443757 -32.000000
f 1146 1145 1144
v -48.000000 3.251343 -24.000000
v -48.000000 3.012244 -16.000000
v -56.000000 3.258897 -16.000000
f 1149 1148 1147
v -56.000000 3.258897 -16.000000
v -56.000000 3.477269 -24.000000
v -48.000000 3.251343 -24.000000
f 1152 1151 1150
v -48.000000 3.012244 -16.000000
v -48.000000 2.785499 -8.000000
v -56.000000 3.052239 -8.000000
f 1155 1154 1153
v -56.000000 3.052239 -8.000000
v -56.000000 3.258897 -16.000000
v -48.000000 3.012244 -16.000000
f 1158 1157 1156
v -48.000000 2.785499 -8.000000
v -48.000000 2.613550 0.000000
v -56.000000 2.897530 0.000000
f 1161 1160 1159
v -56.000000 2.897530 0.000000
v -56.000000 3.052239 -8.000000
v -48.000000 2.785499 -8.000000
f 1164 1163 1162
v -48.000000 2.613550 0.000000
v -48.000000 2.516855 8.000000
v -56.000000 2.814167 8.000000
f 1167 1166 1165
v -56.000000 2.814167 8.000000
v -56.000000 2.897530 0.000000
v -48.000000 2.613550 0.000000
f 1170 1169 1168
v -48.000000 2.516855 8.000000
v -48.000000 2.496279 16.000000
v -56.000000 2.802969 16.000000
f 1173 1172 1171
v -56.000000 2.802969 16.000000
v -56.000000 2.814167 8.000000
v -48.000000 2.516855 8.000000
f 1176 1175 1174
v -48.000000 2.496279 16.000000
v -48.000000 2.540025 24.000000
v -56.000000 2.852753 24.000000
f 1179 1178 1177
v -56.000000 2.852753 24.000000
v -56.000000 2.802969 16.000000
v -48.000000 2.496279 16.000000
f 1182 1181 1180
v -48.000000 2.540025 24.000000
v -48.000000 2.631255 32.000000
v -56.000000 2.947555 32.000000
f 1185 1184 1183
v -56.000000 2.947555 32.000000
v -56.000000 2.852753 24.000000
v -48.000000 2.540025 24.000000
f 1188 1187 1186
v -48.000000 2.631255 32.000000
v -48.000000 2.753771 40.000000
v -56.000000 3.072017 40.000000
f 1191 1190 1189
v -56.000000 3.072017 40.000000
v -56.000000 2.947555 32.000000
v -48.000000 2.631255 32.000000
f 1194 1193 1192
v -48.000000 2.753771 40.000000
v -48.000000 2.894907 48.000000
v -56.000000 3.214133 48.000000
f 1197 1196 1195
v -56.000000 3.214133 48.000000
v -56.000000 3.072017 40.000000
v -48.000000 2.753771 40.000000
f 1200 1199 1198
v -50.828427 3.159200 56.000000
v -56.000000 3.365810 56.000000
v -56.000000 3.214133 48.000000
f 1203 1202 1201
v -56.000000 3.214133 48.000000
v -48.000000 2.894907 48.000000
v -48.000000 2.991891 53.171573
f 1206 1205 1204
v -48.000000 2.991891 53.171573
v -50.828427 3.159200 56.000000
v -56.000000 3.214133 48.000000
f 1209 1208 1207
v -56.000000 3.466581 61.171573
v -56.000000 3.365810 56.000000
v -50.828427 3.159200 56.000000
f 1212 1211 1210
v -48.493944 3.169463 61.322371
v -48.000000 3.140031 60.828427
v -48.000000 3.202347 64.000000
f 1215 1214 1213
v -48.000000 3.202347 64.000000
v -50.553659 3.304471 64.000000
v -48.493944 3.169463 61.322371
f 1218 1217 1216
v -50.553659 3.304471 64.000000
v -48.000000 3.202347 64.000000
v -48.000000 3.360837 72.000000
f 1221 1220 1219
v -48.000000 3.360837 72.000000
v -56.000000 3.680793 72.000000
v -56.000000 3.662501 71.080244
f 1224 1223 1222
v -56.000000 3.662501 71.080244
v -50.553659 3.304471 64.000000
v -48.000000 3.360837 72.000000
f 1227 1226 1225
v -48.000000 3.360837 72.000000
v -48.000000 3.520278 80.000000
v -56.000000 3.840263 80.000000
f 1230 1229 1228
v -56.000000 3.840263 80.000000
v -56.000000 3.680793 72.000000
v -48.000000 3.360837 72.000000
f 1233 1232 1231
v -48.000000 3.520278 80.000000
v -48.000000 3.680086 88.000000
v -56.000000 4.000082 88.000000
f 1236 1235 1234
v -56.000000 4.000082 88.000000
v -56.000000 3.840263 80.000000
v -48.000000 3.520278 80.000000
f 1239 1238 1237
v -48.000000 3.680086 88.000000
v -48.000000 3.840025 96.000000
v -56.000000 4.160023 96.000000
f 1242 1241 1240
v -56.000000 4.160023 96.000000
v -56.000000 4.000082 88.000000
v -48.000000 3.680086 88.000000
f 1245 1244 1243
v -48.000000 3.840025 96.000000
v -48.000000 4.000007 104.000000
v -56.000000 4.320006 104.000000
f 1248 1247 1246
v -56.000000 4.320006 104.000000
v -56.000000 4.160023 96.000000
v -48.000000 3.840025 96.000000
f 1251 1250 1249
v -48.000000 4.000007 104.000000
v -48.000000 4.160002 112.000000
v -56.000000 4.480002 112.000000
f 1254 1253 1252
v -56.000000 4.480002 112.000000
v -56.000000 4.320006 104.000000
v -48.000000 4.000007 104.000000
f 1257 1256 1255
v -55.974026 4.638961 120.000000
v -56.000000 4.640000 120.000000
v -56.000000 4.480002 112.000000
f 1260 1259 1258
v -56.000000 4.480002 112.000000
v -48.000000 4.160002 112.000000
v -48.000000 4.183557 113.177778
f 1263 1262 1261
v -48.000000 4.183557 113.177778
v -55.974026 4.638961 120.000000
v -56.000000 4.480002 112.000000
f 1266 1265 1264
v -56.000000 4.640445 120.022222
v -56.000000 4.640000 120.000000
v -55.974026 4.638961 120.000000
f 1269 1268 1267
v -56.000000 2.189707 -76.888889
v -56.000000 2.517269 -72.000000
v -64.000000 2.636327 -72.000000
f 1272 1271 1270
v -64.000000 2.636327 -72.000000
v -64.000000 2.225068 -78.666667
v -56.000000 2.189707 -76.888889
f 1275 1274 1273
v -60.085679 3.010454 -64.998776
v -64.000000 3.044488 -64.886939
v -64.000000 2.636327 -72.000000
f 1278 1277 1276
v -59.411652 3.006444 -64.941742
v -56.000000 2.517269 -72.000000
v -56.000000 2.996677 -64.259412
f 1281 1280 1279
v -56.000000 2.517269 -72.000000
v -60.085679 3.010454 -64.998776
v -64.000000 2.636327 -72.000000
f 1284 1283 1282
v -59.747053 3.007452 -64.989317
v -56.000000 2.517269 -72.000000
v -59.411652 3.006444 -64.941742
f 1287 1286 1285
v -60.085679 3.010454 -64.998776
v -56.000000 2.517269 -72.000000
v -59.747053 3.007452 -64.989317
f 1290 1289 1288
v -60.254570 3.752581 -42.991502
v -56.000000 3.717407 -42.140588
v -56.000000 3.722291 -40.000000
f 1293 1292 1291
v -60.254570 3.752581 -42.991502
v -64.000000 3.775234 -40.000000
v -64.000000 3.760347 -42.884490
f 1296 1295 1294
v -64.000000 3.775234 -40.000000
v -60.254570 3.752581 -42.991502
v -56.000000 3.722291 -40.000000
f 1299 1298 1297
v -56.000000 3.722291 -40.000000
v -56.000000 3.651380 -32.000000
v -64.000000 3.731343 -32.000000
f 1302 1301 1300
v -64.000000 3.731343 -32.000000
v -64.000000 3.775234 -40.000000
v -56.000000 3.722291 -40.000000
f 1305 1304 1303
v -56.000000 3.651380 -32.000000
v -56.000000 3.477269 -24.000000
v -64.000000 3.596327 -24.000000
f 1308 1307 1306
v -64.000000 3.596327 -24.000000
v -64.000000 3.731343 -32.000000
v -56.000000 3.651380 -32.000000
f 1311 1310 1309
v -56.000000 3.477269 -24.000000
v -56.000000 3.258897 -16.000000
v -64.000000 3.422229 -16.000000
f 1314 1313 1312
v -64.000000 3.422229 -16.000000
v -64.000000 3.596327 -24.000000
v -56.000000 3.477269 -24.000000
f 1317 1316 1315
v -56.000000 3.258897 -16.000000
v -56.000000 3.052239 -8.000000
v -64.000000 3.258475 -8.000000
f 1320 1319 1318
v -64.000000 3.258475 -8.000000
v -64.000000 3.422229 -16.000000
v -56.000000 3.258897 -16.000000
f 1323 1322 1321
v -56.000000 3.052239 -8.000000
v -56.000000 2.897530 0.000000
v -64.000000 3.140591 0.000000
f 1326 1325 1324
v -64.000000 3.140591 0.000000
v -64.000000 3.258475 -8.000000
v -56.000000 3.052239 -8.000000
f 1329 1328 1327
v -56.000000 2.897530 0.000000
v -56.000000 2.814167 8.000000
v -64.000000 3.085704 8.000000
f 1332 1331 1330
v -64.000000 3.085704 8.000000
v -64.000000 3.140591 0.000000
v -56.000000 2.897530 0.000000
f 1335 1334 1333
v -56.000000 2.814167 8.000000
v -56.000000 2.802969 16.000000
v -64.000000 3.094539 16.000000
f 1338 1337 1336
v -64.000000 3.094539 16.000000
v -64.000000 3.085704 8.000000
v -56.000000 2.814167 8.000000
f 1341 1340 1339
v -56.000000 2.802969 16.000000
v -56.000000 2.852753 24.000000
v -64.000000 3.157219 24.000000
f 1344 1343 1342
v -64.000000 3.157219 24.000000
v -64.000000 3.094539 16.000000
v -56.000000 2.802969 16.000000
f 1347 1346 1345
v -56.000000 2.852753 24.000000
v -56.000000 2.947555 32.000000
v -64.000000 3.259650 32.000000
f 1350 1349 1348
v -64.000000 3.259650 32.000000
v -64.000000 3.157219 24.000000
v -56.000000 2.852753 24.000000
f 1353 1352 1351
v -56.000000 2.947555 32.000000
v -56.000000 3.072017 40.000000
v -64.000000 3.388271 40.000000
f 1356 1355 1354
v -64.000000 3.388271 40.000000
v -64.000000 3.259650 32.000000
v -56.000000 2.947555 32.000000
f 1359 1358 1357
v -56.000000 3.072017 40.000000
v -56.000000 3.214133 48.000000
v -64.000000 3.532479 48.000000
f 1362 1361 1360
v -64.000000 3.532479 48.000000
v -64.000000 3.388271 40.000000
v -56.000000 3.072017 40.000000
f 1365 1364 1363
v -56.000000 3.214133 48.000000
v -56.000000 3.365810 56.000000
v -64.000000 3.685130 56.000000
f 1368 1367 1366
v -64.000000 3.685130 56.000000
v -64.000000 3.532479 48.000000
v -56.000000 3.214133 48.000000
f 1371 1370 1369
v -58.828427 3.635283 64.000000
v -64.000000 3.841964 64.000000
v -64.000000 3.685130 56.000000
f 1374 1373 1372
v -64.000000 3.685130 56.000000
v -56.000000 3.365810 56.000000
v -56.000000 3.466581 61.171573
f 1377 1376 1375
v -56.000000 3.466581 61.171573
v -58.828427 3.635283 64.000000
v -64.000000 3.685130 56.000000
f 1380 1379 1378
v -61.547915 3.798044 66.733524
v -64.000000 3.955556 69.730518
v -64.000000 3.841964 64.000000
f 1383 1382 1381
v -64.000000 3.841964 64.000000
v -58.828427 3.635283 64.000000
v -61.414214 3.789773 66.585786
f 1386 1385 1384
v -61.414214 3.789773 66.585786
v -61.547915 3.798044 66.733524
v -64.000000 3.841964 64.000000
f 1389 1388 1387
v -56.000000 3.662501 71.080244
v -56.000000 3.680793 72.000000
v -56.707505 3.709087 72.000000
f 1392 1391 1390
v -56.707505 3.709087 72.000000
v -56.000000 3.680793 72.000000
v -56.000000 3.840263 80.000000
f 1395 1394 1393
v -56.000000 3.840263 80.000000
v -62.861351 4.114692 80.000000
v -56.707505 3.709087 72.000000
f 1398 1397 1396
v -64.000000 4.189793 81.480244
v -56.000000 3.840263 80.000000
v -56.000000 4.000082 88.000000
f 1401 1400 1399
v -56.000000 4.000082 88.000000
v -64.000000 4.320072 88.000000
v -64.000000 4.189793 81.480244
f 1404 1403 1402
v -56.000000 3.840263 80.000000
v -64.000000 4.189793 81.480244
v -62.861351 4.114692 80.000000
f 1407 1406 1405
v -56.000000 4.000082 88.000000
v -56.000000 4.160023 96.000000
v -64.000000 4.480021 96.000000
f 1410 1409 1408
v -64.000000 4.480021 96.000000
v -64.000000 4.320072 88.000000
v -56.000000 4.000082 88.000000
f 1413 1412 1411
v -56.000000 4.160023 96.000000
v -56.000000 4.320006 104.000000
v -64.000000 4.640006 104.000000
f 1416 1415 1414
v -64.000000 4.640006 104.000000
v -64.000000 4.480021 96.000000
v -56.000000 4.160023 96.000000
f 1419 1418 1417
v -56.000000 4.320006 104.000000
v -56.000000 4.480002 112.000000
v -64.000000 4.800001 112.000000
f 1422 1421 1420
v -64.000000 4.800001 112.000000
v -64.000000 4.640006 104.000000
v -56.000000 4.320006 104.000000
f 1425 1424 1423
v -56.000000 4.480002 112.000000
v -56.000000 4.640000 120.000000
v -64.000000 4.960000 120.000000
f 1428 1427 1426
v -64.000000 4.960000 120.000000
v -64.000000 4.800001 112.000000
v -56.000000 4.480002 112.000000
f 1431 1430 1429
v -56.000000 4.640445 120.022222
v -64.000000 4.960000 120.000000
v -56.000000 4.640000 120.000000
f 1434 1433 1432
v -64.000000 4.960000 120.000000
v -56.000000 4.640445 120.022222
v -64.000000 5.097333 126.866667
f 1437 1436 1435
v -70.000000 2.227781 -80.000000
v -64.000000 2.225068 -78.666667
v -64.000000 2.636327 -72.000000
f 1440 1439 1438
v -70.000000 2.227781 -80.000000
v -72.000000 2.686993 -72.000000
v -72.000000 2.278124 -79.525926
f 1443 1442 1441
v -72.000000 2.686993 -72.000000
v -70.000000 2.227781 -80.000000
v -64.000000 2.636327 -72.000000
f 1446 1445 1444
v -64.000000 3.044488 -64.886939
v -72.000000 2.686993 -72.000000
v -64.000000 2.636327 -72.000000
f 1449 1448 1447
v -72.000000 2.686993 -72.000000
v -64.000000 3.044488 -64.886939
v -72.000000 3.058753 -64.658367
f 1452 1451 1450
v -72.000000 3.717119 -42.655919
v -64.000000 3.775234 -40.000000
v -72.000000 3.737283 -40.000000
f 1455 1454 1453
v -64.000000 3.775234 -40.000000
v -72.000000 3.717119 -42.655919
v -64.000000 3.760347 -42.884490
f 1458 1457 1456
v -64.000000 3.775234 -40.000000
v -64.000000 3.731343 -32.000000
v -72.000000 3.729608 -32.000000
f 1461 1460 1459
v -72.000000 3.729608 -32.000000
v -72.000000 3.737283 -40.000000
v -64.000000 3.775234 -40.000000
f 1464 1463 1462
v -64.000000 3.731343 -32.000000
v -64.000000 3.596327 -24.000000
v -72.000000 3.646993 -24.000000
f 1467 1466 1465
v -72.000000 3.646993 -24.000000
v -72.000000 3.729608 -32.000000
v -64.000000 3.731343 -32.000000
f 1470 1469 1468
v -64.000000 3.596327 -24.000000
v -64.000000 3.422229 -16.000000
v -72.000000 3.532239 -16.000000
f 1473 1472 1471
v -72.000000 3.532239 -16.000000
v -72.000000 3.646993 -24.000000
v -64.000000 3.596327 -24.000000
f 1476 1475 1474
v -64.000000 3.422229 -16.000000
v -64.000000 3.258475 -8.000000
v -72.000000 3.425990 -8.000000
f 1479 1478 1477
v -72.000000 3.425990 -8.000000
v -72.000000 3.532239 -16.000000
v -64.000000 3.422229 -16.000000
f 1482 1481 1480
v -64.000000 3.258475 -8.000000
v -64.000000 3.140591 0.000000
v -72.000000 3.357465 0.000000
f 1485 1484 1483
v -72.000000 3.357465 0.000000
v -72.000000 3.425990 -8.000000
v -64.000000 3.258475 -8.000000
f 1488 1487 1486
v -64.000000 3.140591 0.000000
v -64.000000 3.085704 8.000000
v -72.000000 3.340747 8.000000
f 1491 1490 1489
v -72.000000 3.340747 8.000000
v -72.000000 3.357465 0.000000
v -64.000000 3.140591 0.000000
f 1494 1493 1492
v -64.000000 3.085704 8.000000
v -64.000000 3.094539 16.000000
v -72.000000 3.376432 16.000000
f 1497 1496 1495
v -72.000000 3.376432 16.000000
v -72.000000 3.340747 8.000000
v -64.000000 3.085704 8.000000
f 1500 1499 1498
v -64.000000 3.094539 16.000000
v -64.000000 3.157219 24.000000
v -72.000000 3.456398 24.000000
f 1503 1502 1501
v -72.000000 3.456398 24.000000
v -72.000000 3.376432 16.000000
v -64.000000 3.094539 16.000000
f 1506 1505 1504
v -64.000000 3.157219 24.000000
v -64.000000 3.259650 32.000000
v -72.000000 3.569055 32.000000
f 1509 1508 1507
v -72.000000 3.569055 32.000000
v -72.000000 3.456398 24.000000
v -64.000000 3.157219 24.000000
f 1512 1511 1510
v -64.000000 3.259650 32.000000
v -64.000000 3.388271 40.000000
v -72.000000 3.703249 40.000000
f 1515 1514 1513
v -72.000000 3.703249 40.000000
v -72.000000 3.569055 32.000000
v -64.000000 3.259650 32.000000
f 1518 1517 1516
v -64.000000 3.388271 40.000000
v -64.000000 3.532479 48.000000
v -72.000000 3.850262 48.000000
f 1521 1520 1519
v -72.000000 3.850262 48.000000
v -72.000000 3.703249 40.000000
v -64.000000 3.388271 40.000000
f 1524 1523 1522
v -64.000000 3.532479 48.000000
v -64.000000 3.685130 56.000000
v -72.000000 4.004219 56.000000
f 1527 1526 1525
v -72.000000 4.004219 56.000000
v -72.000000 3.850262 48.000000
v -64.000000 3.532479 48.000000
f 1530 1529 1528
v -64.000000 3.685130 56.000000
v -64.000000 3.841964 64.000000
v -72.000000 4.161615 64.000000
f 1533 1532 1531
v -72.000000 4.161615 64.000000
v -72.000000 4.004219 56.000000
v -64.000000 3.685130 56.000000
f 1536 1535 1534
v -65.856849 4.074948 72.000000
v -72.000000 4.320576 72.000000
v -72.000000 4.161615 64.000000
f 1539 1538 1537
v -72.000000 4.161615 64.000000
v -64.000000 3.841964 64.000000
v -64.000000 3.955556 69.730518
f 1542 1541 1540
v -64.000000 3.955556 69.730518
v -65.856849 4.074948 72.000000
v -72.000000 4.161615 64.000000
f 1545 1544 1543
v -72.000000 4.470371 79.508295
v -72.000000 4.320576 72.000000
v -65.856849 4.074948 72.000000
f 1548 1547 1546
v -68.344389 4.476409 87.127950
v -64.000000 4.189793 81.480244
v -64.000000 4.320072 88.000000
f 1551 1550 1549
v -64.000000 4.320072 88.000000
v -68.867619 4.514769 88.000000
v -68.344389 4.476409 87.127950
f 1554 1553 1552
v -68.867619 4.514769 88.000000
v -64.000000 4.320072 88.000000
v -64.000000 4.480021 96.000000
f 1557 1556 1555
v -64.000000 4.480021 96.000000
v -72.000000 4.800017 96.000000
v -72.000000 4.744439 93.220635
f 1560 1559 1558
v -72.000000 4.744439 93.220635
v -68.867619 4.514769 88.000000
v -64.000000 4.480021 96.000000
f 1563 1562 1561
v -64.000000 4.480021 96.000000
v -64.000000 4.640006 104.000000
v -72.000000 4.960005 104.000000
f 1566 1565 1564
v -72.000000 4.960005 104.000000
v -72.000000 4.800017 96.000000
v -64.000000 4.480021 96.000000
f 1569 1568 1567
v -64.000000 4.640006 104.000000
v -64.000000 4.800001 112.000000
v -72.000000 5.120001 112.000000
f 1572 1571 1570
v -72.000000 5.120001 112.000000
v -72.000000 4.960005 104.000000
v -64.000000 4.640006 104.000000
f 1575 1574 1573
v -64.000000 4.800001 112.000000
v -64.000000 4.960000 120.000000
v -72.000000 5.280000 120.000000
f 1578 1577 1576
v -72.000000 5.280000 120.000000
v -72.000000 5.120001 112.000000
v -64.000000 4.800001 112.000000
f 1581 1580 1579
v -65.324675 5.172987 128.000000
v -72.000000 5.440000 128.000000
v -72.000000 5.280000 120.000000
f 1584 1583 1582
v -72.000000 5.280000 120.000000
v -64.000000 4.960000 120.000000
v -64.000000 5.097333 126.866667
f 1587 1586 1585
v -64.000000 5.097333 126.866667
v -65.324675 5.172987 128.000000
v -72.000000 5.280000 120.000000
f 1590 1589 1588
v -70.000000 5.440000 132.000000
v -72.000000 5.526500 132.325000
v -72.000000 5.440000 128.000000
f 1593 1592 1591
v -72.000000 5.440000 128.000000
v -65.324675 5.172987 128.000000
v -70.000000 5.440000 132.000000
f 1596 1595 1594
v -80.000000 2.455029 -77.629630
v -72.000000 2.686993 -72.000000
v -80.000000 2.715107 -72.000000
f 1599 1598 1597
v -72.000000 2.686993 -72.000000
v -80.000000 2.455029 -77.629630
v -72.000000 2.278124 -79.525926
f 1602 1601 1600
v -72.000000 3.058753 -64.658367
v -80.000000 2.715107 -72.000000
v -72.000000 2.686993 -72.000000
f 1605 1604 1603
v -80.000000 2.715107 -72.000000
v -72.000000 3.058753 -64.658367
v -80.000000 3.043536 -64.429796
f 1608 1607 1606
v -80.000000 3.644260 -42.427347
v -72.000000 3.737283 -40.000000
v -80.000000 3.669360 -40.000000
f 1611 1610 1609
v -72.000000 3.737283 -40.000000
v -80.000000 3.644260 -42.427347
v -72.000000 3.717119 -42.655919
f 1614 1613 1612
v -72.000000 3.737283 -40.000000
v -72.000000 3.729608 -32.000000
v -80.000000 3.700933 -32.000000
f 1617 1616 1615
v -80.000000 3.700933 -32.000000
v -80.000000 3.669360 -40.000000
v -72.000000 3.737283 -40.000000
f 1620 1619 1618
v -72.000000 3.729608 -32.000000
v -72.000000 3.646993 -24.000000
v -80.000000 3.675107 -24.000000
f 1623 1622 1621
v -80.000000 3.675107 -24.000000
v -80.000000 3.700933 -32.000000
v -72.000000 3.729608 -32.000000
f 1626 1625 1624
v -72.000000 3.646993 -24.000000
v -72.000000 3.532239 -16.000000
v -80.000000 3.624665 -16.000000
f 1629 1628 1627
v -80.000000 3.624665 -16.000000
v -80.000000 3.675107 -24.000000
v -72.000000 3.646993 -24.000000
f 1632 1631 1630
v -72.000000 3.532239 -16.000000
v -72.000000 3.425990 -8.000000
v -80.000000 3.580738 -8.000000
f 1635 1634 1633
v -80.000000 3.580738 -8.000000
v -80.000000 3.624665 -16.000000
v -72.000000 3.532239 -16.000000
f 1638 1637 1636
v -72.000000 3.425990 -8.000000
v -72.000000 3.357465 0.000000
v -80.000000 3.565704 0.000000
f 1641 1640 1639
v -80.000000 3.565704 0.000000
v -80.000000 3.580738 -8.000000
v -72.000000 3.425990 -8.000000
f 1644 1643 1642
v -72.000000 3.357465 0.000000
v -72.000000 3.340747 8.000000
v -80.000000 3.590350 8.000000
f 1647 1646 1645
v -80.000000 3.590350 8.000000
v -80.000000 3.565704 0.000000
v -72.000000 3.357465 0.000000
f 1650 1649 1648
v -72.000000 3.340747 8.000000
v -72.000000 3.376432 16.000000
v -80.000000 3.655134 16.000000
f 1653 1652 1651
v -80.000000 3.655134 16.000000
v -80.000000 3.590350 8.000000
v -72.000000 3.340747 8.000000
f 1656 1655 1654
v -72.000000 3.376432 16.000000
v -72.000000 3.456398 24.000000
v -80.000000 3.753834 24.000000
f 1659 1658 1657
v -80.000000 3.753834 24.000000
v -80.000000 3.655134 16.000000
v -72.000000 3.376432 16.000000
f 1662 1661 1660
v -72.000000 3.456398 24.000000
v -72.000000 3.569055 32.000000
v -80.000000 3.877572 32.000000
f 1665 1664 1663
v -80.000000 3.877572 32.000000
v -80.000000 3.753834 24.000000
v -72.000000 3.456398 24.000000
f 1668 1667 1666
v -72.000000 3.569055 32.000000
v -72.000000 3.703249 40.000000
v -80.000000 4.017807 40.000000
f 1671 1670 1669
v -80.000000 4.017807 40.000000
v -80.000000 3.877572 32.000000
v -72.000000 3.569055 32.000000
f 1674 1673 1672
v -72.000000 3.703249 40.000000
v -72.000000 3.850262 48.000000
v -80.000000 4.167860 48.000000
f 1677 1676 1675
v -80.000000 4.167860 48.000000
v -80.000000 4.017807 40.000000
v -72.000000 3.703249 40.000000
f 1680 1679 1678
v -72.000000 3.850262 48.000000
v -72.000000 4.004219 56.000000
v -80.000000 4.323231 56.000000
f 1683 1682 1681
v -80.000000 4.323231 56.000000
v -80.000000 4.167860 48.000000
v -72.000000 3.850262 48.000000
f 1686 1685 1684
v -72.000000 4.004219 56.000000
v -72.000000 4.161615 64.000000
v -80.000000 4.481237 64.000000
f 1689 1688 1687
v -80.000000 4.481237 64.000000
v -80.000000 4.323231 56.000000
v -72.000000 4.004219 56.000000
f 1692 1691 1690
v -72.000000 4.161615 64.000000
v -72.000000 4.320576 72.000000
v -80.000000 4.640441 72.000000
f 1695 1694 1693
v -80.000000 4.640441 72.000000
v -80.000000 4.481237 64.000000
v -72.000000 4.161615 64.000000
f 1698 1697 1696
v -72.000000 4.470371 79.508295
v -80.000000 4.800147 80.000000
v -80.000000 4.640441 72.000000
f 1701 1700 1699
v -80.000000 4.640441 72.000000
v -72.000000 4.320576 72.000000
v -72.000000 4.470371 79.508295
f 1704 1703 1702
v -80.000000 4.800147 80.000000
v -72.000000 4.470371 79.508295
v -72.402304 4.496281 80.000000
f 1707 1706 1705
v -78.947758 4.917957 88.000000
v -80.000000 4.960045 88.000000
v -80.000000 4.800147 80.000000
f 1710 1709 1708
v -80.000000 4.800147 80.000000
v -72.402304 4.496281 80.000000
v -78.947758 4.917957 88.000000
f 1713 1712 1711
v -79.805721 4.975070 89.140133
v -80.000000 4.990998 89.548119
v -80.000000 4.960045 88.000000
f 1716 1715 1714
v -80.000000 4.960045 88.000000
v -78.947758 4.917957 88.000000
v -79.547915 4.956628 88.733524
f 1719 1718 1717
v -79.689098 4.966185 88.929043
v -79.805721 4.975070 89.140133
v -80.000000 4.960045 88.000000
f 1722 1721 1720
v -80.000000 4.960045 88.000000
v -79.547915 4.956628 88.733524
v -79.689098 4.966185 88.929043
f 1725 1724 1723
v -72.000000 4.744439 93.220635
v -72.000000 4.800017 96.000000
v -73.667619 4.866721 96.000000
f 1728 1727 1726
v -73.667619 4.866721 96.000000
v -72.000000 4.800017 96.000000
v -72.000000 4.960005 104.000000
f 1731 1730 1729
v -72.000000 4.960005 104.000000
v -78.467619 5.218708 104.000000
v -73.667619 4.866721 96.000000
f 1734 1733 1732
v -80.000000 5.331082 106.553968
v -72.000000 4.960005 104.000000
v -72.000000 5.120001 112.000000
f 1737 1736 1735
v -72.000000 5.120001 112.000000
v -80.000000 5.440001 112.000000
v -80.000000 5.331082 106.553968
f 1740 1739 1738
v -72.000000 4.960005 104.000000
v -80.000000 5.331082 106.553968
v -78.467619 5.218708 104.000000
f 1743 1742 1741
v -72.000000 5.120001 112.000000
v -72.000000 5.280000 120.000000
v -80.000000 5.600000 120.000000
f 1746 1745 1744
v -80.000000 5.600000 120.000000
v -80.000000 5.440001 112.000000
v -72.000000 5.120001 112.000000
f 1749 1748 1747
v -72.000000 5.280000 120.000000
v -72.000000 5.440000 128.000000
v -80.000000 5.760000 128.000000
f 1752 1751 1750
v -80.000000 5.760000 128.000000
v -80.000000 5.600000 120.000000
v -72.000000 5.280000 120.000000
f 1755 1754 1753
v -72.000000 5.526500 132.325000
v -80.000000 5.760000 128.000000
v -72.000000 5.440000 128.000000
f 1758 1757 1756
v -80.000000 5.760000 128.000000
v -72.000000 5.526500 132.325000
v -80.000000 5.872500 133.625000
f 1761 1760 1759
v -88.000000 2.617342 -75.733333
v -80.000000 2.715107 -72.000000
v -88.000000 2.761329 -72.000000
f 1764 1763 1762
v -80.000000 2.715107 -72.000000
v -88.000000 2.617342 -75.733333
v -80.000000 2.455029 -77.629630
f 1767 1766 1765
v -80.000000 3.043536 -64.429796
v -88.000000 2.761329 -72.000000
v -80.000000 2.715107 -72.000000
f 1770 1769 1768
v -88.000000 2.761329 -72.000000
v -80.000000 3.043536 -64.429796
v -88.000000 3.046940 -64.201224
f 1773 1772 1771
v -88.000000 3.596922 -42.198776
v -80.000000 3.669360 -40.000000
v -88.000000 3.625503 -40.000000
f 1776 1775 1774
v -80.000000 3.669360 -40.000000
v -88.000000 3.596922 -42.198776
v -80.000000 3.644260 -42.427347
f 1779 1778 1777
v -80.000000 3.669360 -40.000000
v -80.000000 3.700933 -32.000000
v -88.000000 3.693889 -32.000000
f 1782 1781 1780
v -88.000000 3.693889 -32.000000
v -88.000000 3.625503 -40.000000
v -80.000000 3.669360 -40.000000
f 1785 1784 1783
v -80.000000 3.700933 -32.000000
v -80.000000 3.675107 -24.000000
v -88.000000 3.721329 -24.000000
f 1788 1787 1786
v -88.000000 3.721329 -24.000000
v -88.000000 3.693889 -32.000000
v -80.000000 3.700933 -32.000000
f 1791 1790 1789
v -80.000000 3.675107 -24.000000
v -80.000000 3.624665 -16.000000
v -88.000000 3.731210 -16.000000
f 1794 1793 1792
v -88.000000 3.731210 -16.000000
v -88.000000 3.721329 -24.000000
v -80.000000 3.675107 -24.000000
f 1797 1796 1795
v -80.000000 3.624665 -16.000000
v -80.000000 3.580738 -8.000000
v -88.000000 3.745738 -8.000000
f 1800 1799 1798
v -88.000000 3.745738 -8.000000
v -88.000000 3.731210 -16.000000
v -80.000000 3.624665 -16.000000
f 1803 1802 1801
v -80.000000 3.580738 -8.000000
v -80.000000 3.565704 0.000000
v -88.000000 3.780876 0.000000
f 1806 1805 1804
v -88.000000 3.780876 0.000000
v -88.000000 3.745738 -8.000000
v -80.000000 3.580738 -8.000000
f 1809 1808 1807
v -80.000000 3.565704 0.000000
v -80.000000 3.590350 8.000000
v -88.000000 3.844321 8.000000
f 1812 1811 1810
v -88.000000 3.844321 8.000000
v -88.000000 3.780876 0.000000
v -80.000000 3.565704 0.000000
f 1815 1814 1813
v -80.000000 3.590350 8.000000
v -80.000000 3.655134 16.000000
v -88.000000 3.936398 16.000000
f 1818 1817 1816
v -88.000000 3.936398 16.000000
v -88.000000 3.844321 8.000000
v -80.000000 3.590350 8.000000
f 1821 1820 1819
v -80.000000 3.655134 16.000000
v -80.000000 3.753834 24.000000
v -88.000000 4.052670 24.000000
f 1824 1823 1822
v -88.000000 4.052670 24.000000
v -88.000000 3.936398 16.000000
v -80.000000 3.655134 16.000000
f 1827 1826 1825
v -80.000000 3.753834 24.000000
v -80.000000 3.877572 32.000000
v -88.000000 4.186802 32.000000
f 1830 1829 1828
v -88.000000 4.186802 32.000000
v -88.000000 4.052670 24.000000
v -80.000000 3.753834 24.000000
f 1833 1832 1831
v -80.000000 3.877572 32.000000
v -80.000000 4.017807 40.000000
v -88.000000 4.332703 40.000000
f 1836 1835 1834
v -88.000000 4.332703 40.000000
v -88.000000 4.186802 32.000000
v -80.000000 3.877572 32.000000
f 1839 1838 1837
v -80.000000 4.017807 40.000000
v -80.000000 4.167860 48.000000
v -88.000000 4.485607 48.000000
f 1842 1841 1840
v -88.000000 4.485607 48.000000
v -88.000000 4.332703 40.000000
v -80.000000 4.017807 40.000000
f 1845 1844 1843
v -80.000000 4.167860 48.000000
v -80.000000 4.323231 56.000000
v -88.000000 4.642305 56.000000
f 1848 1847 1846
v -88.000000 4.642305 56.000000
v -88.000000 4.485607 48.000000
v -80.000000 4.167860 48.000000
f 1851 1850 1849
v -80.000000 4.323231 56.000000
v -80.000000 4.481237 64.000000
v -88.000000 4.800883 64.000000
f 1854 1853 1852
v -88.000000 4.800883 64.000000
v -88.000000 4.642305 56.000000
v -80.000000 4.323231 56.000000
f 1857 1856 1855
v -80.000000 4.481237 64.000000
v -80.000000 4.640441 72.000000
v -88.000000 4.960315 72.000000
f 1860 1859 1858
v -88.000000 4.960315 72.000000
v -88.000000 4.800883 64.000000
v -80.000000 4.481237 64.000000
f 1863 1862 1861
v -80.000000 4.640441 72.000000
v -80.000000 4.800147 80.000000
v -88.000000 5.120105 80.000000
f 1866 1865 1864
v -88.000000 5.120105 80.000000
v -88.000000 4.960315 72.000000
v -80.000000 4.640441 72.000000
f 1869 1868 1867
v -80.000000 4.800147 80.000000
v -80.000000 4.960045 88.000000
v -88.000000 5.280032 88.000000
f 1872 1871 1870
v -88.000000 5.280032 88.000000
v -88.000000 5.120105 80.000000
v -80.000000 4.800147 80.000000
f 1875 1874 1873
v -83.072324 5.242905 96.000000
v -88.000000 5.440009 96.000000
v -88.000000 5.280032 88.000000
f 1878 1877 1876
v -88.000000 5.280032 88.000000
v -80.000000 4.960045 88.000000
v -80.000000 4.990998 89.548119
f 1881 1880 1879
v -80.000000 4.990998 89.548119
v -83.072324 5.242905 96.000000
v -88.000000 5.280032 88.000000
f 1884 1883 1882
v -84.500896 5.360043 99.000000
v -84.000000 5.340007 99.000000
v -85.666667 5.506669 104.000000
f 1887 1886 1885
v -84.500896 5.360043 99.000000
v -88.000000 5.600002 104.000000
v -88.000000 5.440009 96.000000
f 1890 1889 1888
v -88.000000 5.440009 96.000000
v -83.072324 5.242905 96.000000
v -84.500896 5.360043 99.000000
f 1893 1892 1891
v -88.000000 5.600002 104.000000
v -84.500896 5.360043 99.000000
v -85.666667 5.506669 104.000000
f 1896 1895 1894
v -87.000000 5.640001 108.000000
v -88.000000 5.680001 108.000000
v -88.000000 5.600002 104.000000
f 1899 1898 1897
v -88.000000 5.600002 104.000000
v -85.666667 5.506669 104.000000
v -87.000000 5.640001 108.000000
f 1902 1901 1900
v -80.285014 5.351982 107.028992
v -80.000000 5.331082 106.553968
v -80.000000 5.440001 112.000000
f 1905 1904 1903
v -80.000000 5.440001 112.000000
v -83.596299 5.583853 112.000000
v -80.335899 5.355626 107.109400
f 1908 1907 1906
v -80.335899 5.355626 107.109400
v -80.285014 5.351982 107.028992
v -80.000000 5.440001 112.000000
f 1911 1910 1909
v -83.596299 5.583853 112.000000
v -80.000000 5.440001 112.000000
v -80.000000 5.600000 120.000000
f 1914 1913 1912
v -80.000000 5.600000 120.000000
v -88.000000 5.920000 120.000000
v -88.000000 5.892111 118.605551
f 1917 1916 1915
v -88.000000 5.892111 118.605551
v -83.596299 5.583853 112.000000
v -80.000000 5.600000 120.000000
f 1920 1919 1918
v -80.000000 5.600000 120.000000
v -80.000000 5.760000 128.000000
v -88.000000 6.080000 128.000000
f 1923 1922 1921
v -88.000000 6.080000 128.000000
v -88.000000 5.920000 120.000000
v -80.000000 5.600000 120.000000
f 1926 1925 1924
v -80.000000 5.872500 133.625000
v -88.000000 6.080000 128.000000
v -80.000000 5.760000 128.000000
f 1929 1928 1927
v -88.000000 6.080000 128.000000
v -80.000000 5.872500 133.625000
v -88.000000 6.218500 134.925000
f 1932 1931 1930
v -96.000000 2.793478 -73.837037
v -88.000000 2.761329 -72.000000
v -96.000000 2.852667 -72.000000
f 1935 1934 1933
v -88.000000 2.761329 -72.000000
v -96.000000 2.793478 -73.837037
v -88.000000 2.617342 -75.733333
f 1938 1937 1936
v -95.042848 3.091694 -64.000000
v -96.000000 3.100738 -64.000000
v -96.000000 2.852667 -72.000000
f 1941 1940 1939
v -95.042848 3.091694 -64.000000
v -88.000000 2.761329 -72.000000
v -88.000000 3.046940 -64.201224
f 1944 1943 1942
v -88.000000 2.761329 -72.000000
v -95.042848 3.091694 -64.000000
v -96.000000 2.852667 -72.000000
f 1947 1946 1945
v -95.265619 3.094065 -63.988218
v -96.000000 3.103019 -63.922940
v -96.000000 3.100738 -64.000000
f 1950 1949 1948
v -96.000000 3.100738 -64.000000
v -95.042848 3.091694 -64.000000
v -95.085679 3.092115 -63.998776
f 1953 1952 1951
v -95.085679 3.092115 -63.998776
v -95.265619 3.094065 -63.988218
v -96.000000 3.100738 -64.000000
f 1956 1955 1954
v -94.857330 3.604860 -42.002852
v -88.000000 3.596922 -42.198776
v -88.000000 3.625503 -40.000000
f 1959 1958 1957
v -94.857330 3.604860 -42.002852
v -96.000000 3.641605 -40.000000
v -96.000000 3.612203 -41.926674
f 1962 1961 1960
v -96.000000 3.641605 -40.000000
v -94.857330 3.604860 -42.002852
v -88.000000 3.625503 -40.000000
f 1965 1964 1963
v -88.000000 3.625503 -40.000000
v -88.000000 3.693889 -32.000000
v -96.000000 3.740738 -32.000000
f 1968 1967 1966
v -96.000000 3.740738 -32.000000
v -96.000000 3.641605 -40.000000
v -88.000000 3.625503 -40.000000
f 1971 1970 1969
v -88.000000 3.693889 -32.000000
v -88.000000 3.721329 -24.000000
v -96.000000 3.812667 -24.000000
f 1974 1973 1972
v -96.000000 3.812667 -24.000000
v -96.000000 3.740738 -32.000000
v -88.000000 3.693889 -32.000000
f 1977 1976 1975
v -88.000000 3.721329 -24.000000
v -88.000000 3.731210 -16.000000
v -96.000000 3.872929 -16.000000
f 1980 1979 1978
v -96.000000 3.872929 -16.000000
v -96.000000 3.812667 -24.000000
v -88.000000 3.721329 -24.000000
f 1983 1982 1981
v -88.000000 3.731210 -16.000000
v -88.000000 3.745738 -8.000000
v -96.000000 3.936279 -8.000000
f 1986 1985 1984
v -96.000000 3.936279 -8.000000
v -96.000000 3.872929 -16.000000
v -88.000000 3.731210 -16.000000
f 1989 1988 1987
v -88.000000 3.745738 -8.000000
v -88.000000 3.780876 0.000000
v -96.000000 4.013323 0.000000
f 1992 1991 1990
v -96.000000 4.013323 0.000000
v -96.000000 3.936279 -8.000000
v -88.000000 3.745738 -8.000000
f 1995 1994 1993
v -88.000000 3.780876 0.000000
v -88.000000 3.844321 8.000000
v -96.000000 4.109173 8.000000
f 1998 1997 1996
v -96.000000 4.109173 8.000000
v -96.000000 4.013323 0.000000
v -88.000000 3.780876 0.000000
f 2001 2000 1999
v -88.000000 3.844321 8.000000
v -88.000000 3.936398 16.000000
v -96.000000 4.224046 16.000000
f 2004 2003 2002
v -96.000000 4.224046 16.000000
v -96.000000 4.109173 8.000000
v -88.000000 3.844321 8.000000
f 2007 2006 2005
v -88.000000 3.936398 16.000000
v -88.000000 4.052670 24.000000
v -96.000000 4.354993 24.000000
f 2010 2009 2008
v -96.000000 4.354993 24.000000
v -96.000000 4.224046 16.000000
v -88.000000 3.936398 16.000000
f 2013 2012 2011
v -88.000000 4.052670 24.000000
v -88.000000 4.186802 32.000000
v -96.000000 4.497807 32.000000
f 2016 2015 2014
v -96.000000 4.497807 32.000000
v -96.000000 4.354993 24.000000
v -88.000000 4.052670 24.000000
f 2019 2018 2017
v -88.000000 4.186802 32.000000
v -88.000000 4.332703 40.000000
v -96.000000 4.648440 40.000000
f 2022 2021 2020
v -96.000000 4.648440 40.000000
v -96.000000 4.497807 32.000000
v -88.000000 4.186802 32.000000
f 2025 2024 2023
v -88.000000 4.332703 40.000000
v -88.000000 4.485607 48.000000
v -96.000000 4.803725 48.000000
f 2028 2027 2026
v -96.000000 4.803725 48.000000
v -96.000000 4.648440 40.000000
v -88.000000 4.332703 40.000000
f 2031 2030 2029
v -88.000000 4.485607 48.000000
v -88.000000 4.642305 56.000000
v -96.000000 4.961532 56.000000
f 2034 2033 2032
v -96.000000 4.961532 56.000000
v -96.000000 4.803725 48.000000
v -88.000000 4.485607 48.000000
f 2037 2036 2035
v -88.000000 4.642305 56.000000
v -88.000000 4.800883 64.000000
v -96.000000 5.120586 64.000000
f 2040 2039 2038
v -96.000000 5.120586 64.000000
v -96.000000 4.961532 56.000000
v -88.000000 4.642305 56.000000
f 2043 2042 2041
v -88.000000 4.800883 64.000000
v -88.000000 4.960315 72.000000
v -96.000000 5.280209 72.000000
f 2046 2045 2044
v -96.000000 5.280209 72.000000
v -96.000000 5.120586 64.000000
v -88.000000 4.800883 64.000000
f 2049 2048 2047
v -88.000000 4.960315 72.000000
v -88.000000 5.120105 80.000000
v -96.000000 5.440069 80.000000
f 2052 2051 2050
v -96.000000 5.440069 80.000000
v -96.000000 5.280209 72.000000
v -88.000000 4.960315 72.000000
f 2055 2054 2053
v -88.000000 5.120105 80.000000
v -88.000000 5.280032 88.000000
v -96.000000 5.600021 88.000000
f 2058 2057 2056
v -96.000000 5.600021 88.000000
v -96.000000 5.440069 80.000000
v -88.000000 5.120105 80.000000
f 2061 2060 2059
v -88.000000 5.280032 88.000000
v -88.000000 5.440009 96.000000
v -96.000000 5.760006 96.000000
f 2064 2063 2062
v -96.000000 5.760006 96.000000
v -96.000000 5.600021 88.000000
v -88.000000 5.280032 88.000000
f 2067 2066 2065
v -88.000000 5.440009 96.000000
v -88.000000 5.600002 104.000000
v -96.000000 5.920002 104.000000
f 2070 2069 2068
v -96.000000 5.920002 104.000000
v -96.000000 5.760006 96.000000
v -88.000000 5.440009 96.000000
f 2073 2072 2071
v -96.000000 5.920002 104.000000
v -89.668458 5.783777 109.851881
v -90.136646 5.812336 110.343478
f 2076 2075 2074
v -90.136646 5.812336 110.343478
v -89.900000 5.836001 112.000000
v -96.000000 6.080000 112.000000
f 2079 2078 2077
v -88.786610 5.711466 108.000000
v -96.000000 5.920002 104.000000
v -88.000000 5.600002 104.000000
f 2082 2081 2080
v -88.000000 5.600002 104.000000
v -88.000000 5.680001 108.000000
v -88.786610 5.711466 108.000000
f 2085 2084 2083
v -96.000000 5.920002 104.000000
v -90.136646 5.812336 110.343478
v -96.000000 6.080000 112.000000
f 2088 2087 2086
v -89.668458 5.783777 109.851881
v -96.000000 5.920002 104.000000
v -88.786610 5.711466 108.000000
f 2091 2090 2089
v -92.795031 5.974497 113.134783
v -96.000000 6.170000 116.500000
v -96.000000 6.080000 112.000000
f 2094 2093 2092
v -92.795031 5.974497 113.134783
v -89.900000 5.836001 112.000000
v -89.776398 5.848361 112.865217
f 2097 2096 2095
v -89.776398 5.848361 112.865217
v -92.434783 6.010522 115.656522
v -92.795031 5.974497 113.134783
f 2100 2099 2098
v -89.900000 5.836001 112.000000
v -92.795031 5.974497 113.134783
v -96.000000 6.080000 112.000000
f 2103 2102 2101
v -90.000000 5.960000 118.000000
v -89.211765 5.904824 116.817647
v -88.796000 5.946400 119.728000
f 2106 2105 2104
v -88.335899 5.915624 119.109400
v -88.000000 5.892111 118.605551
v -88.000000 5.920000 120.000000
f 2109 2108 2107
v -91.500000 6.060000 120.000000
v -90.000000 5.960000 118.000000
v -88.796000 5.946400 119.728000
f 2112 2111 2110
v -88.400000 5.920000 119.200000
v -88.335899 5.915624 119.109400
v -88.000000 5.920000 120.000000
f 2115 2114 2113
v -88.000000 5.920000 120.000000
v -91.500000 6.060000 120.000000
v -88.796000 5.946400 119.728000
f 2118 2117 2116
v -88.796000 5.946400 119.728000
v -88.400000 5.920000 119.200000
v -88.000000 5.920000 120.000000
f 2121 2120 2119
v -90.846154 6.083077 122.461538
v -93.285714 6.245714 125.714286
v -93.000000 6.200000 124.000000
f 2124 2123 2122
v -90.555556 6.063704 122.074074
v -91.500000 6.104000 122.200000
v -91.764000 6.077600 120.352000
f 2127 2126 2125
v -93.285714 6.245714 125.714286
v -88.000000 6.080000 128.000000
v -95.000000 6.360000 128.000000
f 2130 2129 2128
v -88.000000 6.080000 128.000000
v -93.285714 6.245714 125.714286
v -90.846154 6.083077 122.461538
f 2133 2132 2131
v -90.555556 6.063704 122.074074
v -91.764000 6.077600 120.352000
v -91.500000 6.060000 120.000000
f 2136 2135 2134
v -88.000000 6.080000 128.000000
v -90.846154 6.083077 122.461538
v -90.555556 6.063704 122.074074
f 2139 2138 2137
v -90.555556 6.063704 122.074074
v -91.500000 6.060000 120.000000
v -88.000000 5.920000 120.000000
f 2142 2141 2140
v -88.000000 6.080000 128.000000
v -90.555556 6.063704 122.074074
v -88.000000 5.920000 120.000000
f 2145 2144 2143
v -95.000000 6.360000 128.000000
v -88.000000 6.080000 128.000000
v -88.000000 6.218500 134.925000
f 2148 2147 2146
v -96.000000 6.426667 129.333333
v -94.615385 6.504615 136.000000
v -96.000000 6.560000 136.000000
f 2151 2150 2149
v -88.000000 6.218500 134.925000
v -96.000000 6.426667 129.333333
v -95.000000 6.360000 128.000000
f 2154 2153 2152
v -96.000000 6.426667 129.333333
v -88.000000 6.218500 134.925000
v -94.615385 6.504615 136.000000
f 2157 2156 2155
v -96.000000 6.564500 136.225000
v -96.000000 6.560000 136.000000
v -94.615385 6.504615 136.000000
f 2160 2159 2158
v -96.000000 2.793478 -73.837037
v -96.000000 2.852667 -72.000000
v -103.750000 2.994642 -72.000000
f 2163 2162 2161
v -103.750000 2.994642 -72.000000
v -96.000000 2.852667 -72.000000
v -96.000000 3.100738 -64.000000
f 2166 2165 2164
v -103.750000 2.994642 -72.000000
v -104.000000 3.214600 -64.000000
v -104.000000 3.001731 -71.940741
f 2169 2168 2167
v -104.000000 3.214600 -64.000000
v -103.750000 2.994642 -72.000000
v -96.000000 3.100738 -64.000000
f 2172 2171 2170
v -96.000000 3.103019 -63.922940
v -104.000000 3.214600 -64.000000
v -96.000000 3.100738 -64.000000
f 2175 2174 2173
v -104.000000 3.214600 -64.000000
v -96.000000 3.103019 -63.922940
v -104.000000 3.234967 -63.211829
f 2178 2177 2176
v -104.000000 3.708630 -41.393341
v -96.000000 3.641605 -40.000000
v -104.000000 3.732263 -40.000000
f 2181 2180 2179
v -96.000000 3.641605 -40.000000
v -104.000000 3.708630 -41.393341
v -96.000000 3.612203 -41.926674
f 2184 2183 2182
v -96.000000 3.641605 -40.000000
v -96.000000 3.740738 -32.000000
v -104.000000 3.854600 -32.000000
f 2187 2186 2185
v -104.000000 3.854600 -32.000000
v -104.000000 3.732263 -40.000000
v -96.000000 3.641605 -40.000000
f 2190 2189 2188
v -96.000000 3.740738 -32.000000
v -96.000000 3.812667 -24.000000
v -104.000000 3.960103 -24.000000
f 2193 2192 2191
v -104.000000 3.960103 -24.000000
v -104.000000 3.854600 -32.000000
v -96.000000 3.740738 -32.000000
f 2196 2195 2194
v -96.000000 3.812667 -24.000000
v -96.000000 3.872929 -16.000000
v -104.000000 4.058387 -16.000000
f 2199 2198 2197
v -104.000000 4.058387 -16.000000
v -104.000000 3.960103 -24.000000
v -96.000000 3.812667 -24.000000
f 2202 2201 2200
v -96.000000 3.872929 -16.000000
v -96.000000 3.936279 -8.000000
v -104.000000 4.158581 -8.000000
f 2205 2204 2203
v -104.000000 4.158581 -8.000000
v -104.000000 4.058387 -16.000000
v -96.000000 3.872929 -16.000000
f 2208 2207 2206
v -96.000000 3.936279 -8.000000
v -96.000000 4.013323 0.000000
v -104.000000 4.267249 0.000000
f 2211 2210 2209
v -104.000000 4.267249 0.000000
v -104.000000 4.158581 -8.000000
v -96.000000 3.936279 -8.000000
f 2214 2213 2212
v -96.000000 4.013323 0.000000
v -96.000000 4.109173 8.000000
v -104.000000 4.387555 8.000000
f 2217 2216 2215
v -104.000000 4.387555 8.000000
v -104.000000 4.267249 0.000000
v -96.000000 4.013323 0.000000
f 2220 2219 2218
v -96.000000 4.109173 8.000000
v -96.000000 4.224046 16.000000
v -104.000000 4.519631 16.000000
f 2223 2222 2221
v -104.000000 4.519631 16.000000
v -104.000000 4.387555 8.000000
v -96.000000 4.109173 8.000000
f 2226 2225 2224
v -96.000000 4.224046 16.000000
v -96.000000 4.354993 24.000000
v -104.000000 4.661653 24.000000
f 2229 2228 2227
v -104.000000 4.661653 24.000000
v -104.000000 4.519631 16.000000
v -96.000000 4.224046 16.000000
f 2232 2231 2230
v -96.000000 4.354993 24.000000
v -96.000000 4.497807 32.000000
v -104.000000 4.811019 32.000000
f 2235 2234 2233
v -104.000000 4.811019 32.000000
v -104.000000 4.661653 24.000000
v -96.000000 4.354993 24.000000
f 2238 2237 2236
v -96.000000 4.497807 32.000000
v -96.000000 4.648440 40.000000
v -104.000000 4.965222 40.000000
f 2241 2240 2239
v -104.000000 4.965222 40.000000
v -104.000000 4.811019 32.000000
v -96.000000 4.497807 32.000000
f 2244 2243 2242
v -96.000000 4.648440 40.000000
v -96.000000 4.803725 48.000000
v -104.000000 5.122305 48.000000
f 2247 2246 2245
v -104.000000 5.122305 48.000000
v -104.000000 4.965222 40.000000
v -96.000000 4.648440 40.000000
f 2250 2249 2248
v -96.000000 4.803725 48.000000
v -96.000000 4.961532 56.000000
v -104.000000 5.280948 56.000000
f 2253 2252 2251
v -104.000000 5.280948 56.000000
v -104.000000 5.122305 48.000000
v -96.000000 4.803725 48.000000
f 2256 2255 2254
v -96.000000 4.961532 56.000000
v -96.000000 5.120586 64.000000
v -104.000000 5.440363 64.000000
f 2259 2258 2257
v -104.000000 5.440363 64.000000
v -104.000000 5.280948 56.000000
v -96.000000 4.961532 56.000000
f 2262 2261 2260
v -96.000000 5.120586 64.000000
v -96.000000 5.280209 72.000000
v -104.000000 5.600129 72.000000
f 2265 2264 2263
v -104.000000 5.600129 72.000000
v -104.000000 5.440363 64.000000
v -96.000000 5.120586 64.000000
f 2268 2267 2266
v -96.000000 5.280209 72.000000
v -96.000000 5.440069 80.000000
v -104.000000 5.760043 80.000000
f 2271 2270 2269
v -104.000000 5.760043 80.000000
v -104.000000 5.600129 72.000000
v -96.000000 5.280209 72.000000
f 2274 2273 2272
v -96.000000 5.440069 80.000000
v -96.000000 5.600021 88.000000
v -104.000000 5.920013 88.000000
f 2277 2276 2275
v -104.000000 5.920013 88.000000
v -104.000000 5.760043 80.000000
v -96.000000 5.440069 80.000000
f 2280 2279 2278
v -96.000000 5.600021 88.000000
v -96.000000 5.760006 96.000000
v -104.000000 6.080004 96.000000
f 2283 2282 2281
v -104.000000 6.080004 96.000000
v -104.000000 5.920013 88.000000
v -96.000000 5.600021 88.000000
f 2286 2285 2284
v -96.000000 5.760006 96.000000
v -96.000000 5.920002 104.000000
v -104.000000 6.240001 104.000000
f 2289 2288 2287
v -104.000000 6.240001 104.000000
v -104.000000 6.080004 96.000000
v -96.000000 5.760006 96.000000
f 2292 2291 2290
v -96.000000 5.920002 104.000000
v -96.000000 6.080000 112.000000
v -104.000000 6.400000 112.000000
f 2295 2294 2293
v -104.000000 6.400000 112.000000
v -104.000000 6.240001 104.000000
v -96.000000 5.920002 104.000000
f 2298 2297 2296
v -99.333333 6.373333 120.000000
v -104.000000 6.560000 120.000000
v -104.000000 6.400000 112.000000
f 2301 2300 2299
v -104.000000 6.400000 112.000000
v -96.000000 6.080000 112.000000
v -96.000000 6.170000 116.500000
f 2304 2303 2302
v -96.000000 6.170000 116.500000
v -99.333333 6.373333 120.000000
v -104.000000 6.400000 112.000000
f 2307 2306 2305
v -104.000000 6.658000 124.900000
v -104.000000 6.560000 120.000000
v -99.333333 6.373333 120.000000
f 2310 2309 2308
v -97.094191 6.499613 130.792254
v -96.000000 6.426667 129.333333
v -96.000000 6.560000 136.000000
f 2313 2312 2311
v -96.000000 6.560000 136.000000
v -97.851681 6.634067 136.000000
v -97.094191 6.499613 130.792254
f 2316 2315 2314
v -96.000000 6.564500 136.225000
v -97.851681 6.634067 136.000000
v -96.000000 6.560000 136.000000
f 2319 2318 2317
v -97.851681 6.634067 136.000000
v -96.000000 6.564500 136.225000
v -97.930027 6.647974 136.538629
f 2322 2321 2320
v -112.000000 3.248817 -70.044444
v -104.000000 3.214600 -64.000000
v -112.000000 3.392833 -64.000000
f 2325 2324 2323
v -104.000000 3.214600 -64.000000
v -112.000000 3.248817 -70.044444
v -104.000000 3.001731 -71.940741
f 2328 2327 2326
v -104.000000 3.234967 -63.211829
v -112.000000 3.392833 -64.000000
v -104.000000 3.214600 -64.000000
f 2331 2330 2329
v -112.000000 3.392833 -64.000000
v -104.000000 3.234967 -63.211829
v -112.000000 3.427780 -62.500717
f 2334 2333 2332
v -112.000000 3.878896 -40.860007
v -104.000000 3.732263 -40.000000
v -112.000000 3.894539 -40.000000
f 2337 2336 2335
v -104.000000 3.732263 -40.000000
v -112.000000 3.878896 -40.860007
v -104.000000 3.708630 -41.393341
f 2340 2339 2338
v -104.000000 3.732263 -40.000000
v -104.000000 3.854600 -32.000000
v -112.000000 4.032833 -32.000000
f 2343 2342 2341
v -112.000000 4.032833 -32.000000
v -112.000000 3.894539 -40.000000
v -104.000000 3.732263 -40.000000
f 2346 2345 2344
v -104.000000 3.854600 -32.000000
v -104.000000 3.960103 -24.000000
v -112.000000 4.161426 -24.000000
f 2349 2348 2347
v -112.000000 4.161426 -24.000000
v -112.000000 4.032833 -32.000000
v -104.000000 3.854600 -32.000000
f 2352 2351 2350
v -104.000000 3.960103 -24.000000
v -104.000000 4.058387 -16.000000
v -112.000000 4.285858 -16.000000
f 2355 2354 2353
v -112.000000 4.285858 -16.000000
v -112.000000 4.161426 -24.000000
v -104.000000 3.960103 -24.000000
f 2358 2357 2356
v -104.000000 4.058387 -16.000000
v -104.000000 4.158581 -8.000000
v -112.000000 4.411392 -8.000000
f 2361 2360 2359
v -112.000000 4.411392 -8.000000
v -112.000000 4.285858 -16.000000
v -104.000000 4.058387 -16.000000
f 2364 2363 2362
v -104.000000 4.158581 -8.000000
v -104.000000 4.267249 0.000000
v -112.000000 4.541809 0.000000
f 2367 2366 2365
v -112.000000 4.541809 0.000000
v -112.000000 4.411392 -8.000000
v -104.000000 4.158581 -8.000000
f 2370 2369 2368
v -104.000000 4.267249 0.000000
v -104.000000 4.387555 8.000000
v -112.000000 4.678932 8.000000
f 2373 2372 2371
v -112.000000 4.678932 8.000000
v -112.000000 4.541809 0.000000
v -104.000000 4.267249 0.000000
f 2376 2375 2374
v -104.000000 4.387555 8.000000
v -104.000000 4.519631 16.000000
v -112.000000 4.822839 16.000000
f 2379 2378 2377
v -112.000000 4.822839 16.000000
v -112.000000 4.678932 8.000000
v -104.000000 4.387555 8.000000
f 2382 2381 2380
v -104.000000 4.519631 16.000000
v -104.000000 4.661653 24.000000
v -112.000000 4.972479 24.000000
f 2385 2384 2383
v -112.000000 4.972479 24.000000
v -112.000000 4.822839 16.000000
v -104.000000 4.519631 16.000000
f 2388 2387 2386
v -104.000000 4.661653 24.000000
v -104.000000 4.811019 32.000000
v -112.000000 5.126350 32.000000
f 2391 2390 2389
v -112.000000 5.126350 32.000000
v -112.000000 4.972479 24.000000
v -104.000000 4.661653 24.000000
f 2394 2393 2392
v -104.000000 4.811019 32.000000
v -104.000000 4.965222 40.000000
v -112.000000 5.283010 40.000000
f 2397 2396 2395
v -112.000000 5.283010 40.000000
v -112.000000 5.126350 32.000000
v -104.000000 4.811019 32.000000
f 2400 2399 2398
v -104.000000 4.965222 40.000000
v -104.000000 5.122305 48.000000
v -112.000000 5.441328 48.000000
f 2403 2402 2401
v -112.000000 5.441328 48.000000
v -112.000000 5.283010 40.000000
v -104.000000 4.965222 40.000000
f 2406 2405 2404
v -104.000000 5.122305 48.000000
v -104.000000 5.280948 56.000000
v -112.000000 5.600546 56.000000
f 2409 2408 2407
v -112.000000 5.600546 56.000000
v -112.000000 5.441328 48.000000
v -104.000000 5.122305 48.000000
f 2412 2411 2410
v -104.000000 5.280948 56.000000
v -104.000000 5.440363 64.000000
v -112.000000 5.760209 64.000000
f 2415 2414 2413
v -112.000000 5.760209 64.000000
v -112.000000 5.600546 56.000000
v -104.000000 5.280948 56.000000
f 2418 2417 2416
v -104.000000 5.440363 64.000000
v -104.000000 5.600129 72.000000
v -112.000000 5.920075 72.000000
f 2421 2420 2419
v -112.000000 5.920075 72.000000
v -112.000000 5.760209 64.000000
v -104.000000 5.440363 64.000000
f 2424 2423 2422
v -104.000000 5.600129 72.000000
v -104.000000 5.760043 80.000000
v -112.000000 6.080025 80.000000
f 2427 2426 2425
v -112.000000 6.080025 80.000000
v -112.000000 5.920075 72.000000
v -104.000000 5.600129 72.000000
f 2430 2429 2428
v -104.000000 5.760043 80.000000
v -104.000000 5.920013 88.000000
v -112.000000 6.240008 88.000000
f 2433 2432 2431
v -112.000000 6.240008 88.000000
v -112.000000 6.080025 80.000000
v -104.000000 5.760043 80.000000
f 2436 2435 2434
v -104.000000 5.920013 88.000000
v -104.000000 6.080004 96.000000
v -112.000000 6.400002 96.000000
f 2439 2438 2437
v -112.000000 6.400002 96.000000
v -112.000000 6.240008 88.000000
v -104.000000 5.920013 88.000000
f 2442 2441 2440
v -104.000000 6.080004 96.000000
v -104.000000 6.240001 104.000000
v -112.000000 6.560001 104.000000
f 2445 2444 2443
v -112.000000 6.560001 104.000000
v -112.000000 6.400002 96.000000
v -104.000000 6.080004 96.000000
f 2448 2447 2446
v -104.000000 6.240001 104.000000
v -104.000000 6.400000 112.000000
v -112.000000 6.720000 112.000000
f 2451 2450 2449
v -112.000000 6.720000 112.000000
v -112.000000 6.560001 104.000000
v -104.000000 6.240001 104.000000
f 2454 2453 2452
v -104.000000 6.400000 112.000000
v -104.000000 6.560000 120.000000
v -112.000000 6.880000 120.000000
f 2457 2456 2455
v -112.000000 6.880000 120.000000
v -112.000000 6.720000 112.000000
v -104.000000 6.400000 112.000000
f 2460 2459 2458
v -106.952381 6.838095 128.000000
v -112.000000 7.040000 128.000000
v -112.000000 6.880000 120.000000
f 2463 2462 2461
v -112.000000 6.880000 120.000000
v -104.000000 6.560000 120.000000
v -104.000000 6.658000 124.900000
f 2466 2465 2464
v -104.000000 6.658000 124.900000
v -106.952381 6.838095 128.000000
v -112.000000 6.880000 120.000000
f 2469 2468 2467
v -109.299702 6.981282 130.464688
v -112.000000 7.125860 132.293014
v -112.000000 7.040000 128.000000
f 2472 2471 2470
v -112.000000 7.040000 128.000000
v -106.952381 6.838095 128.000000
v -109.299702 6.981282 130.464688
f 2475 2474 2473
v -120.000000 3.532267 -68.148148
v -112.000000 3.392833 -64.000000
v -120.000000 3.623503 -64.000000
f 2478 2477 2476
v -112.000000 3.392833 -64.000000
v -120.000000 3.532267 -68.148148
v -112.000000 3.248817 -70.044444
f 2481 2480 2479
v -112.000000 3.427780 -62.500717
v -120.000000 3.623503 -64.000000
v -112.000000 3.392833 -64.000000
f 2484 2483 2482
v -120.000000 3.623503 -64.000000
v -112.000000 3.427780 -62.500717
v -120.000000 3.671567 -61.789606
f 2487 2486 2485
v -120.000000 4.108948 -40.326674
v -112.000000 3.894539 -40.000000
v -120.000000 4.115154 -40.000000
f 2490 2489 2488
v -112.000000 3.894539 -40.000000
v -120.000000 4.108948 -40.326674
v -112.000000 3.878896 -40.860007
f 2493 2492 2491
v -112.000000 3.894539 -40.000000
v -112.000000 4.032833 -32.000000
v -120.000000 4.263503 -32.000000
f 2496 2495 2494
v -120.000000 4.263503 -32.000000
v -120.000000 4.115154 -40.000000
v -112.000000 3.894539 -40.000000
f 2499 2498 2497
v -112.000000 4.032833 -32.000000
v -112.000000 4.161426 -24.000000
v -120.000000 4.406645 -24.000000
f 2502 2501 2500
v -120.000000 4.406645 -24.000000
v -120.000000 4.263503 -32.000000
v -112.000000 4.032833 -32.000000
f 2505 2504 2503
v -112.000000 4.161426 -24.000000
v -112.000000 4.285858 -16.000000
v -120.000000 4.547555 -16.000000
f 2508 2507 2506
v -120.000000 4.547555 -16.000000
v -120.000000 4.406645 -24.000000
v -112.000000 4.161426 -24.000000
f 2511 2510 2509
v -112.000000 4.285858 -16.000000
v -112.000000 4.411392 -8.000000
v -120.000000 4.689055 -8.000000
f 2514 2513 2512
v -120.000000 4.689055 -8.000000
v -120.000000 4.547555 -16.000000
v -112.000000 4.285858 -16.000000
f 2517 2516 2515
v -112.000000 4.411392 -8.000000
v -112.000000 4.541809 0.000000
v -120.000000 4.833176 0.000000
f 2520 2519 2518
v -120.000000 4.833176 0.000000
v -120.000000 4.689055 -8.000000
v -112.000000 4.411392 -8.000000
f 2523 2522 2521
v -112.000000 4.541809 0.000000
v -112.000000 4.678932 8.000000
v -120.000000 4.980897 8.000000
f 2526 2525 2524
v -120.000000 4.980897 8.000000
v -120.000000 4.833176 0.000000
v -112.000000 4.541809 0.000000
f 2529 2528 2527
v -112.000000 4.678932 8.000000
v -112.000000 4.822839 16.000000
v -120.000000 5.132259 16.000000
f 2532 2531 2530
v -120.000000 5.132259 16.000000
v -120.000000 4.980897 8.000000
v -112.000000 4.678932 8.000000
f 2535 2534 2533
v -112.000000 4.822839 16.000000
v -112.000000 4.972479 24.000000
v -120.000000 5.286698 24.000000
f 2538 2537 2536
v -120.000000 5.286698 24.000000
v -120.000000 5.132259 16.000000
v -112.000000 4.822839 16.000000
f 2541 2540 2539
v -112.000000 4.972479 24.000000
v -112.000000 5.126350 32.000000
v -120.000000 5.443408 32.000000
f 2544 2543 2542
v -120.000000 5.443408 32.000000
v -120.000000 5.286698 24.000000
v -112.000000 4.972479 24.000000
f 2547 2546 2545
v -112.000000 5.126350 32.000000
v -112.000000 5.283010 40.000000
v -120.000000 5.601615 40.000000
f 2550 2549 2548
v -120.000000 5.601615 40.000000
v -120.000000 5.443408 32.000000
v -112.000000 5.126350 32.000000
f 2553 2552 2551
v -112.000000 5.283010 40.000000
v -112.000000 5.441328 48.000000
v -120.000000 5.760713 48.000000
f 2556 2555 2554
v -120.000000 5.760713 48.000000
v -120.000000 5.601615 40.000000
v -112.000000 5.283010 40.000000
f 2559 2558 2557
v -112.000000 5.441328 48.000000
v -112.000000 5.600546 56.000000
v -120.000000 5.920293 56.000000
f 2562 2561 2560
v -120.000000 5.920293 56.000000
v -120.000000 5.760713 48.000000
v -112.000000 5.441328 48.000000
f 2565 2564 2563
v -112.000000 5.600546 56.000000
v -112.000000 5.760209 64.000000
v -120.000000 6.080112 64.000000
f 2568 2567 2566
v -120.000000 6.080112 64.000000
v -120.000000 5.920293 56.000000
v -112.000000 5.600546 56.000000
f 2571 2570 2569
v -112.000000 5.760209 64.000000
v -112.000000 5.920075 72.000000
v -120.000000 6.240040 72.000000
f 2574 2573 2572
v -120.000000 6.240040 72.000000
v -120.000000 6.080112 64.000000
v -112.000000 5.760209 64.000000
f 2577 2576 2575
v -112.000000 5.920075 72.000000
v -112.000000 6.080025 80.000000
v -120.000000 6.400013 80.000000
f 2580 2579 2578
v -120.000000 6.400013 80.000000
v -120.000000 6.240040 72.000000
v -112.000000 5.920075 72.000000
f 2583 2582 2581
v -112.000000 6.080025 80.000000
v -112.000000 6.240008 88.000000
v -120.000000 6.560004 88.000000
f 2586 2585 2584
v -120.000000 6.560004 88.000000
v -120.000000 6.400013 80.000000
v -112.000000 6.080025 80.000000
f 2589 2588 2587
v -112.000000 6.240008 88.000000
v -112.000000 6.400002 96.000000
v -120.000000 6.720001 96.000000
f 2592 2591 2590
v -120.000000 6.720001 96.000000
v -120.000000 6.560004 88.000000
v -112.000000 6.240008 88.000000
f 2595 2594 2593
v -112.000000 6.400002 96.000000
v -112.000000 6.560001 104.000000
v -120.000000 6.880000 104.000000
f 2598 2597 2596
v -120.000000 6.880000 104.000000
v -120.000000 6.720001 96.000000
v -112.000000 6.400002 96.000000
f 2601 2600 2599
v -112.000000 6.560001 104.000000
v -112.000000 6.720000 112.000000
v -120.000000 7.040000 112.000000
f 2604 2603 2602
v -120.000000 7.040000 112.000000
v -120.000000 6.880000 104.000000
v -112.000000 6.560001 104.000000
f 2607 2606 2605
v -112.000000 6.720000 112.000000
v -112.000000 6.880000 120.000000
v -120.000000 7.200000 120.000000
f 2610 2609 2608
v -120.000000 7.200000 120.000000
v -120.000000 7.040000 112.000000
v -112.000000 6.720000 112.000000
f 2613 2612 2611
v -112.000000 6.880000 120.000000
v -112.000000 7.040000 128.000000
v -120.000000 7.360000 128.000000
f 2616 2615 2614
v -120.000000 7.360000 128.000000
v -120.000000 7.200000 120.000000
v -112.000000 6.880000 120.000000
f 2619 2618 2617
v -117.474933 7.418997 136.000000
v -120.000000 7.520000 136.000000
v -120.000000 7.360000 128.000000
f 2622 2621 2620
v -120.000000 7.360000 128.000000
v -112.000000 7.040000 128.000000
v -112.000000 7.125860 132.293014
f 2625 2624 2623
v -112.000000 7.125860 132.293014
v -117.474933 7.418997 136.000000
v -120.000000 7.360000 128.000000
f 2628 2627 2626
v -120.000000 7.554194 137.709681
v -120.000000 7.520000 136.000000
v -117.474933 7.418997 136.000000
f 2631 2630 2629
v -128.000000 3.844535 -66.251852
v -120.000000 3.623503 -64.000000
v -128.000000 3.891742 -64.000000
f 2634 2633 2632
v -120.000000 3.623503 -64.000000
v -128.000000 3.844535 -66.251852
v -120.000000 3.532267 -68.148148
f 2637 2636 2635
v -120.000000 3.671567 -61.789606
v -128.000000 3.891742 -64.000000
v -120.000000 3.623503 -64.000000
f 2640 2639 2638
v -128.000000 3.891742 -64.000000
v -120.000000 3.671567 -61.789606
v -128.000000 3.952673 -61.078495
f 2643 2642 2641
v -120.000000 4.108948 -40.326674
v -120.000000 4.115154 -40.000000
v -124.900111 4.271951 -40.000000
f 2646 2645 2644
v -124.900111 4.271951 -40.000000
v -120.000000 4.115154 -40.000000
v -120.000000 4.263503 -32.000000
f 2649 2648 2647
v -124.900111 4.271951 -40.000000
v -128.000000 4.531742 -32.000000
v -128.000000 4.381592 -39.793341
f 2652 2651 2650
v -128.000000 4.531742 -32.000000
v -124.900111 4.271951 -40.000000
v -120.000000 4.263503 -32.000000
f 2655 2654 2653
v -120.000000 4.263503 -32.000000
v -120.000000 4.406645 -24.000000
v -128.000000 4.683315 -24.000000
f 2658 2657 2656
v -128.000000 4.683315 -24.000000
v -128.000000 4.531742 -32.000000
v -120.000000 4.263503 -32.000000
f 2661 2660 2659
v -120.000000 4.406645 -24.000000
v -120.000000 4.547555 -16.000000
v -128.000000 4.833771 -16.000000
f 2664 2663 2662
v -128.000000 4.833771 -16.000000
v -128.000000 4.683315 -24.000000
v -120.000000 4.406645 -24.000000
f 2667 2666 2665
v -120.000000 4.547555 -16.000000
v -120.000000 4.689055 -8.000000
v -128.000000 4.984523 -8.000000
f 2670 2669 2668
v -128.000000 4.984523 -8.000000
v -128.000000 4.833771 -16.000000
v -120.000000 4.547555 -16.000000
f 2673 2672 2671
v -120.000000 4.689055 -8.000000
v -120.000000 4.833176 0.000000
v -128.000000 5.136585 0.000000
f 2676 2675 2674
v -128.000000 5.136585 0.000000
v -128.000000 4.984523 -8.000000
v -120.000000 4.689055 -8.000000
f 2679 2678 2677
v -120.000000 4.833176 0.000000
v -120.000000 4.980897 8.000000
v -128.000000 5.290447 8.000000
f 2682 2681 2680
v -128.000000 5.290447 8.000000
v -128.000000 5.136585 0.000000
v -120.000000 4.833176 0.000000
f 2685 2684 2683
v -120.000000 4.980897 8.000000
v -120.000000 5.132259 16.000000
v -128.000000 5.446128 16.000000
f 2688 2687 2686
v -128.000000 5.446128 16.000000
v -128.000000 5.290447 8.000000
v -120.000000 4.980897 8.000000
f 2691 2690 2689
v -120.000000 5.132259 16.000000
v -120.000000 5.286698 24.000000
v -128.000000 5.603348 24.000000
f 2694 2693 2692
v -128.000000 5.603348 24.000000
v -128.000000 5.446128 16.000000
v -120.000000 5.132259 16.000000
f 2697 2696 2695
v -120.000000 5.286698 24.000000
v -120.000000 5.443408 32.000000
v -128.000000 5.761704 32.000000
f 2700 2699 2698
v -128.000000 5.761704 32.000000
v -128.000000 5.603348 24.000000
v -120.000000 5.286698 24.000000
f 2703 2702 2701
v -120.000000 5.443408 32.000000
v -120.000000 5.601615 40.000000
v -128.000000 5.920808 40.000000
f 2706 2705 2704
v -128.000000 5.920808 40.000000
v -128.000000 5.761704 32.000000
v -120.000000 5.443408 32.000000
f 2709 2708 2707
v -120.000000 5.601615 40.000000
v -120.000000 5.760713 48.000000
v -128.000000 6.080356 48.000000
f 2712 2711 2710
v -128.000000 6.080356 48.000000
v -128.000000 5.920808 40.000000
v -120.000000 5.601615 40.000000
f 2715 2714 2713
v -120.000000 5.760713 48.000000
v -120.000000 5.920293 56.000000
v -128.000000 6.240147 56.000000
f 2718 2717 2716
v -128.000000 6.240147 56.000000
v -128.000000 6.080356 48.000000
v -120.000000 5.760713 48.000000
f 2721 2720 2719
v -120.000000 5.920293 56.000000
v -120.000000 6.080112 64.000000
v -128.000000 6.400056 64.000000
f 2724 2723 2722
v -128.000000 6.400056 64.000000
v -128.000000 6.240147 56.000000
v -120.000000 5.920293 56.000000
f 2727 2726 2725
v -120.000000 6.080112 64.000000
v -120.000000 6.240040 72.000000
v -128.000000 6.560020 72.000000
f 2730 2729 2728
v -128.000000 6.560020 72.000000
v -128.000000 6.400056 64.000000
v -120.000000 6.080112 64.000000
f 2733 2732 2731
v -120.000000 6.240040 72.000000
v -120.000000 6.400013 80.000000
v -128.000000 6.720007 80.000000
f 2736 2735 2734
v -128.000000 6.720007 80.000000
v -128.000000 6.560020 72.000000
v -120.000000 6.240040 72.000000
f 2739 2738 2737
v -120.000000 6.400013 80.000000
v -120.000000 6.560004 88.000000
v -128.000000 6.880002 88.000000
f 2742 2741 2740
v -128.000000 6.880002 88.000000
v -128.000000 6.720007 80.000000
v -120.000000 6.400013 80.000000
f 2745 2744 2743
v -120.000000 6.560004 88.000000
v -120.000000 6.720001 96.000000
v -128.000000 7.040001 96.000000
f 2748 2747 2746
v -128.000000 7.040001 96.000000
v -128.000000 6.880002 88.000000
v -120.000000 6.560004 88.000000
f 2751 2750 2749
v -120.000000 6.720001 96.000000
v -120.000000 6.880000 104.000000
v -128.000000 7.200000 104.000000
f 2754 2753 2752
v -128.000000 7.200000 104.000000
v -128.000000 7.040001 96.000000
v -120.000000 6.720001 96.000000
f 2757 2756 2755
v -120.000000 6.880000 104.000000
v -120.000000 7.040000 112.000000
v -128.000000 7.360000 112.000000
f 2760 2759 2758
v -128.000000 7.360000 112.000000
v -128.000000 7.200000 104.000000
v -120.000000 6.880000 104.000000
f 2763 2762 2761
v -120.000000 7.040000 112.000000
v -120.000000 7.200000 120.000000
v -128.000000 7.520000 120.000000
f 2766 2765 2764
v -128.000000 7.520000 120.000000
v -128.000000 7.360000 112.000000
v -120.000000 7.040000 112.000000
f 2769 2768 2767
v -120.000000 7.200000 120.000000
v -120.000000 7.360000 128.000000
v -128.000000 7.680000 128.000000
f 2772 2771 2770
v -128.000000 7.680000 128.000000
v -128.000000 7.520000 120.000000
v -120.000000 7.200000 120.000000
f 2775 2774 2773
v -120.000000 7.360000 128.000000
v -120.000000 7.520000 136.000000
v -128.000000 7.840000 136.000000
f 2778 2777 2776
v -128.000000 7.840000 136.000000
v -128.000000 7.680000 128.000000
v -120.000000 7.360000 128.000000
f 2781 2780 2779
v -121.275966 7.622737 138.584899
v -120.000000 7.520000 136.000000
v -121.121315 7.614231 138.468904
f 2784 2783 2782
v -120.000000 7.520000 136.000000
v -120.000000 7.554194 137.709681
v -121.121315 7.614231 138.468904
f 2787 2786 2785
v -121.992253 7.685707 140.300864
v -121.972400 7.687806 140.445515
v -128.000000 7.948500 141.425000
f 2790 2789 2788
v -120.000000 7.520000 136.000000
v -121.275966 7.622737 138.584899
v -128.000000 7.840000 136.000000
f 2793 2792 2791
v -121.999925 7.682151 140.107699
v -121.992253 7.685707 140.300864
v -128.000000 7.948500 141.425000
f 2796 2795 2794
v -121.418696 7.631053 138.715283
v -128.000000 7.840000 136.000000
v -121.275966 7.622737 138.584899
f 2799 2798 2797
v -121.988912 7.677850 139.914695
v -121.999925 7.682151 140.107699
v -128.000000 7.948500 141.425000
f 2802 2801 2800
v -121.548171 7.639104 138.858838
v -128.000000 7.840000 136.000000
v -121.418696 7.631053 138.715283
f 2805 2804 2803
v -121.959317 7.672846 139.723656
v -121.988912 7.677850 139.914695
v -128.000000 7.948500 141.425000
f 2808 2807 2806
v -121.663182 7.646812 139.014222
v -128.000000 7.840000 136.000000
v -121.548171 7.639104 138.858838
f 2811 2810 2809
v -121.911416 7.667184 139.536366
v -121.959317 7.672846 139.723656
v -128.000000 7.948500 141.425000
f 2814 2813 2812
v -121.762653 7.654106 139.179985
v -128.000000 7.840000 136.000000
v -121.663182 7.646812 139.014222
f 2817 2816 2815
v -128.000000 7.840000 136.000000
v -121.911416 7.667184 139.536366
v -128.000000 7.948500 141.425000
f 2820 2819 2818
v -121.845657 7.660918 139.354577
v -128.000000 7.840000 136.000000
v -121.762653 7.654106 139.179985
f 2823 2822 2821
v -121.911416 7.667184 139.536366
v -128.000000 7.840000 136.000000
v -121.845657 7.660918 139.354577
f 2826 2825 2824
v -136.000000 4.176826 -64.355556
v -128.000000 3.891742 -64.000000
v -136.000000 4.184091 -64.000000
f 2829 2828 2827
v -128.000000 3.891742 -64.000000
v -136.000000 4.176826 -64.355556
v -128.000000 3.844535 -66.251852
f 2832 2831 2830
v -128.000000 3.952673 -61.078495
v -136.000000 4.184091 -64.000000
v -128.000000 3.891742 -64.000000
f 2835 2834 2833
v -136.000000 4.184091 -64.000000
v -128.000000 3.952673 -61.078495
v -136.000000 4.258162 -60.367384
f 2838 2837 2836
v -136.000000 4.681418 -39.260007
v -128.000000 4.531742 -32.000000
v -136.000000 4.824091 -32.000000
f 2841 2840 2839
v -128.000000 4.531742 -32.000000
v -136.000000 4.681418 -39.260007
v -128.000000 4.381592 -39.793341
f 2844 2843 2842
v -128.000000 4.531742 -32.000000
v -128.000000 4.683315 -24.000000
v -136.000000 4.980167 -24.000000
f 2847 2846 2845
v -136.000000 4.980167 -24.000000
v -136.000000 4.824091 -32.000000
v -128.000000 4.531742 -32.000000
f 2850 2849 2848
v -128.000000 4.683315 -24.000000
v -128.000000 4.833771 -16.000000
v -136.000000 5.135724 -16.000000
f 2853 2852 2851
v -136.000000 5.135724 -16.000000
v -136.000000 4.980167 -24.000000
v -128.000000 4.683315 -24.000000
f 2856 2855 2854
v -128.000000 4.833771 -16.000000
v -128.000000 4.984523 -8.000000
v -136.000000 5.291418 -8.000000
f 2859 2858 2857
v -136.000000 5.291418 -8.000000
v -136.000000 5.135724 -16.000000
v -128.000000 4.833771 -16.000000
f 2862 2861 2860
v -128.000000 4.984523 -8.000000
v -128.000000 5.136585 0.000000
v -136.000000 5.447722 0.000000
f 2865 2864 2863
v -136.000000 5.447722 0.000000
v -136.000000 5.291418 -8.000000
v -128.000000 4.984523 -8.000000
f 2868 2867 2866
v -128.000000 5.136585 0.000000
v -128.000000 5.290447 8.000000
v -136.000000 5.604864 8.000000
f 2871 2870 2869
v -136.000000 5.604864 8.000000
v -136.000000 5.447722 0.000000
v -128.000000 5.136585 0.000000
f 2874 2873 2872
v -128.000000 5.290447 8.000000
v -128.000000 5.446128 16.000000
v -136.000000 5.762853 16.000000
f 2877 2876 2875
v -136.000000 5.762853 16.000000
v -136.000000 5.604864 8.000000
v -128.000000 5.290447 8.000000
f 2880 2879 2878
v -128.000000 5.446128 16.000000
v -128.000000 5.603348 24.000000
v -136.000000 5.921559 24.000000
f 2883 2882 2881
v -136.000000 5.921559 24.000000
v -136.000000 5.762853 16.000000
v -128.000000 5.446128 16.000000
f 2886 2885 2884
v -128.000000 5.603348 24.000000
v -128.000000 5.761704 32.000000
v -136.000000 6.080793 32.000000
f 2889 2888 2887
v -136.000000 6.080793 32.000000
v -136.000000 5.921559 24.000000
v -128.000000 5.603348 24.000000
f 2892 2891 2890
v -128.000000 5.761704 32.000000
v -128.000000 5.920808 40.000000
v -136.000000 6.240376 40.000000
f 2895 2894 2893
v -136.000000 6.240376 40.000000
v -136.000000 6.080793 32.000000
v -128.000000 5.761704 32.000000
f 2898 2897 2896
v -128.000000 5.920808 40.000000
v -128.000000 6.080356 48.000000
v -136.000000 6.400166 48.000000
f 2901 2900 2899
v -136.000000 6.400166 48.000000
v -136.000000 6.240376 40.000000
v -128.000000 5.920808 40.000000
f 2904 2903 2902
v -128.000000 6.080356 48.000000
v -128.000000 6.240147 56.000000
v -136.000000 6.560068 56.000000
f 2907 2906 2905
v -136.000000 6.560068 56.000000
v -136.000000 6.400166 48.000000
v -128.000000 6.080356 48.000000
f 2910 2909 2908
v -128.000000 6.240147 56.000000
v -128.000000 6.400056 64.000000
v -136.000000 6.720026 64.000000
f 2913 2912 2911
v -136.000000 6.720026 64.000000
v -136.000000 6.560068 56.000000
v -128.000000 6.240147 56.000000
f 2916 2915 2914
v -128.000000 6.400056 64.000000
v -128.000000 6.560020 72.000000
v -136.000000 6.880009 72.000000
f 2919 2918 2917
v -136.000000 6.880009 72.000000
v -136.000000 6.720026 64.000000
v -128.000000 6.400056 64.000000
f 2922 2921 2920
v -128.000000 6.560020 72.000000
v -128.000000 6.720007 80.000000
v -136.000000 7.040003 80.000000
f 2925 2924 2923
v -136.000000 7.040003 80.000000
v -136.000000 6.880009 72.000000
v -128.000000 6.560020 72.000000
f 2928 2927 2926
v -128.000000 6.720007 80.000000
v -128.000000 6.880002 88.000000
v -136.000000 7.200001 88.000000
f 2931 2930 2929
v -136.000000 7.200001 88.000000
v -136.000000 7.040003 80.000000
v -128.000000 6.720007 80.000000
f 2934 2933 2932
v -128.000000 6.880002 88.000000
v -128.000000 7.040001 96.000000
v -136.000000 7.360000 96.000000
f 2937 2936 2935
v -136.000000 7.360000 96.000000
v -136.000000 7.200001 88.000000
v -128.000000 6.880002 88.000000
f 2940 2939 2938
v -128.000000 7.040001 96.000000
v -128.000000 7.200000 104.000000
v -136.000000 7.520000 104.000000
f 2943 2942 2941
v -136.000000 7.520000 104.000000
v -136.000000 7.360000 96.000000
v -128.000000 7.040001 96.000000
f 2946 2945 2944
v -128.000000 7.200000 104.000000
v -128.000000 7.360000 112.000000
v -136.000000 7.680000 112.000000
f 2949 2948 2947
v -136.000000 7.680000 112.000000
v -136.000000 7.520000 104.000000
v -128.000000 7.200000 104.000000
f 2952 2951 2950
v -128.000000 7.360000 112.000000
v -128.000000 7.520000 120.000000
v -136.000000 7.840000 120.000000
f 2955 2954 2953
v -136.000000 7.840000 120.000000
v -136.000000 7.680000 112.000000
v -128.000000 7.360000 112.000000
f 2958 2957 2956
v -128.000000 7.520000 120.000000
v -128.000000 7.680000 128.000000
v -136.000000 8.000000 128.000000
f 2961 2960 2959
v -136.000000 8.000000 128.000000
v -136.000000 7.840000 120.000000
v -128.000000 7.520000 120.000000
f 2964 2963 2962
v -128.000000 7.680000 128.000000
v -128.000000 7.840000 136.000000
v -136.000000 8.160000 136.000000
f 2967 2966 2965
v -136.000000 8.160000 136.000000
v -136.000000 8.000000 128.000000
v -128.000000 7.680000 128.000000
f 2970 2969 2968
v -128.000000 7.948500 141.425000
v -136.000000 8.160000 136.000000
v -128.000000 7.840000 136.000000
f 2973 2972 2971
v -136.000000 8.160000 136.000000
v -128.000000 7.948500 141.425000
v -136.000000 8.294500 142.725000
f 2976 2975 2974
v -136.000000 4.176826 -64.355556
v -136.000000 4.184091 -64.000000
v -137.500000 4.240709 -64.000000
f 2979 2978 2977
v -140.331295 4.430076 -59.981651
v -144.000000 4.579699 -59.574017
v -144.000000 4.521537 -62.459259
f 2982 2981 2980
v -136.000000 4.258162 -60.367384
v -137.500000 4.240709 -64.000000
v -136.000000 4.184091 -64.000000
f 2985 2984 2983
v -137.500000 4.240709 -64.000000
v -136.000000 4.258162 -60.367384
v -140.265619 4.427429 -59.988218
f 2988 2987 2986
v -137.500000 4.240709 -64.000000
v -140.331295 4.430076 -59.981651
v -144.000000 4.521537 -62.459259
f 2991 2990 2989
v -140.331295 4.430076 -59.981651
v -137.500000 4.240709 -64.000000
v -140.265619 4.427429 -59.988218
f 2994 2993 2992
v -139.800443 4.829897 -39.006645
v -136.000000 4.681418 -39.260007
v -136.000000 4.824091 -32.000000
f 2997 2996 2995
v -139.866798 4.832500 -39.002959
v -144.000000 5.130447 -32.000000
v -144.000000 4.995107 -38.819261
f 3000 2999 2998
v -139.866798 4.832500 -39.002959
v -139.800443 4.829897 -39.006645
v -136.000000 4.824091 -32.000000
f 3003 3002 3001
v -144.000000 5.130447 -32.000000
v -139.866798 4.832500 -39.002959
v -136.000000 4.824091 -32.000000
f 3006 3005 3004
v -136.000000 4.824091 -32.000000
v -136.000000 4.980167 -24.000000
v -144.000000 5.288745 -24.000000
f 3009 3008 3007
v -144.000000 5.288745 -24.000000
v -144.000000 5.130447 -32.000000
v -136.000000 4.824091 -32.000000
f 3012 3011 3010
v -136.000000 4.980167 -24.000000
v -136.000000 5.135724 -16.000000
v -144.000000 5.446818 -16.000000
f 3015 3014 3013
v -144.000000 5.446818 -16.000000
v -144.000000 5.288745 -24.000000
v -136.000000 4.980167 -24.000000
f 3018 3017 3016
v -136.000000 5.135724 -16.000000
v -136.000000 5.291418 -8.000000
v -144.000000 5.604951 -8.000000
f 3021 3020 3019
v -144.000000 5.604951 -8.000000
v -144.000000 5.446818 -16.000000
v -136.000000 5.135724 -16.000000
f 3024 3023 3022
v -136.000000 5.291418 -8.000000
v -136.000000 5.447722 0.000000
v -144.000000 5.763348 0.000000
f 3027 3026 3025
v -144.000000 5.763348 0.000000
v -144.000000 5.604951 -8.000000
v -136.000000 5.291418 -8.000000
f 3030 3029 3028
v -136.000000 5.447722 0.000000
v -136.000000 5.604864 8.000000
v -144.000000 5.922109 8.000000
f 3033 3032 3031
v -144.000000 5.922109 8.000000
v -144.000000 5.763348 0.000000
v -136.000000 5.447722 0.000000
f 3036 3035 3034
v -136.000000 5.604864 8.000000
v -136.000000 5.762853 16.000000
v -144.000000 6.081237 16.000000
f 3039 3038 3037
v -144.000000 6.081237 16.000000
v -144.000000 5.922109 8.000000
v -136.000000 5.604864 8.000000
f 3042 3041 3040
v -136.000000 5.762853 16.000000
v -136.000000 5.921559 24.000000
v -144.000000 6.240676 24.000000
f 3045 3044 3043
v -144.000000 6.240676 24.000000
v -144.000000 6.081237 16.000000
v -136.000000 5.762853 16.000000
f 3048 3047 3046
v -136.000000 5.921559 24.000000
v -136.000000 6.080793 32.000000
v -144.000000 6.400344 32.000000
f 3051 3050 3049
v -144.000000 6.400344 32.000000
v -144.000000 6.240676 24.000000
v -136.000000 5.921559 24.000000
f 3054 3053 3052
v -136.000000 6.080793 32.000000
v -136.000000 6.240376 40.000000
v -144.000000 6.560163 40.000000
f 3057 3056 3055
v -144.000000 6.560163 40.000000
v -144.000000 6.400344 32.000000
v -136.000000 6.080793 32.000000
f 3060 3059 3058
v -136.000000 6.240376 40.000000
v -136.000000 6.400166 48.000000
v -144.000000 6.720072 48.000000
f 3063 3062 3061
v -144.000000 6.720072 48.000000
v -144.000000 6.560163 40.000000
v -136.000000 6.240376 40.000000
f 3066 3065 3064
v -136.000000 6.400166 48.000000
v -136.000000 6.560068 56.000000
v -144.000000 6.880030 56.000000
f 3069 3068 3067
v -144.000000 6.880030 56.000000
v -144.000000 6.720072 48.000000
v -136.000000 6.400166 48.000000
f 3072 3071 3070
v -136.000000 6.560068 56.000000
v -136.000000 6.720026 64.000000
v -144.000000 7.040011 64.000000
f 3075 3074 3073
v -144.000000 7.040011 64.000000
v -144.000000 6.880030 56.000000
v -136.000000 6.560068 56.000000
f 3078 3077 3076
v -136.000000 6.720026 64.000000
v -136.000000 6.880009 72.000000
v -144.000000 7.200004 72.000000
f 3081 3080 3079
v -144.000000 7.200004 72.000000
v -144.000000 7.040011 64.000000
v -136.000000 6.720026 64.000000
f 3084 3083 3082
v -136.000000 6.880009 72.000000
v -136.000000 7.040003 80.000000
v -144.000000 7.360001 80.000000
f 3087 3086 3085
v -144.000000 7.360001 80.000000
v -144.000000 7.200004 72.000000
v -136.000000 6.880009 72.000000
f 3090 3089 3088
v -136.000000 7.040003 80.000000
v -136.000000 7.200001 88.000000
v -144.000000 7.520000 88.000000
f 3093 3092 3091
v -144.000000 7.520000 88.000000
v -144.000000 7.360001 80.000000
v -136.000000 7.040003 80.000000
f 3096 3095 3094
v -136.000000 7.200001 88.000000
v -136.000000 7.360000 96.000000
v -144.000000 7.680000 96.000000
f 3099 3098 3097
v -144.000000 7.680000 96.000000
v -144.000000 7.520000 88.000000
v -136.000000 7.200001 88.000000
f 3102 3101 3100
v -136.000000 7.360000 96.000000
v -136.000000 7.520000 104.000000
v -144.000000 7.840000 104.000000
f 3105 3104 3103
v -144.000000 7.840000 104.000000
v -144.000000 7.680000 96.000000
v -136.000000 7.360000 96.000000
f 3108 3107 3106
v -136.000000 7.520000 104.000000
v -136.000000 7.680000 112.000000
v -144.000000 8.000000 112.000000
f 3111 3110 3109
v -144.000000 8.000000 112.000000
v -144.000000 7.840000 104.000000
v -136.000000 7.520000 104.000000
f 3114 3113 3112
v -136.000000 7.680000 112.000000
v -136.000000 7.840000 120.000000
v -144.000000 8.160000 120.000000
f 3117 3116 3115
v -144.000000 8.160000 120.000000
v -144.000000 8.000000 112.000000
v -136.000000 7.680000 112.000000
f 3120 3119 3118
v -136.000000 7.840000 120.000000
v -136.000000 8.000000 128.000000
v -144.000000 8.320000 128.000000
f 3123 3122 3121
v -144.000000 8.320000 128.000000
v -144.000000 8.160000 120.000000
v -136.000000 7.840000 120.000000
f 3126 3125 3124
v -136.000000 8.000000 128.000000
v -136.000000 8.160000 136.000000
v -144.000000 8.480000 136.000000
f 3129 3128 3127
v -144.000000 8.480000 136.000000
v -144.000000 8.320000 128.000000
v -136.000000 8.000000 128.000000
f 3132 3131 3130
v -143.846154 8.633846 144.000000
v -144.000000 8.640000 144.000000
v -144.000000 8.480000 136.000000
f 3135 3134 3133
v -144.000000 8.480000 136.000000
v -136.000000 8.160000 136.000000
v -136.000000 8.294500 142.725000
f 3138 3137 3136
v -136.000000 8.294500 142.725000
v -143.846154 8.633846 144.000000
v -144.000000 8.480000 136.000000
f 3141 3140 3139
v -144.000000 8.640500 144.025000
v -144.000000 8.640000 144.000000
v -143.846154 8.633846 144.000000
f 3144 3143 3142
v -144.000000 4.579699 -59.574017
v -152.000000 4.793196 -60.562963
v -144.000000 4.521537 -62.459259
f 3147 3146 3145
v -152.000000 4.793196 -60.562963
v -144.000000 4.579699 -59.574017
v -152.000000 4.830862 -58.685128
f 3150 3149 3148
v -152.000000 5.235350 -38.463705
v -144.000000 5.130447 -32.000000
v -152.000000 5.364219 -32.000000
f 3153 3152 3151
v -144.000000 5.130447 -32.000000
v -152.000000 5.235350 -38.463705
v -144.000000 4.995107 -38.819261
f 3156 3155 3154
v -144.000000 5.130447 -32.000000
v -144.000000 5.288745 -24.000000
v -152.000000 5.523532 -24.000000
f 3159 3158 3157
v -152.000000 5.523532 -24.000000
v -152.000000 5.364219 -32.000000
v -144.000000 5.130447 -32.000000
f 3162 3161 3160
v -144.000000 5.288745 -24.000000
v -144.000000 5.446818 -16.000000
v -152.000000 5.682754 -16.000000
f 3165 3164 3163
v -152.000000 5.682754 -16.000000
v -152.000000 5.523532 -24.000000
v -144.000000 5.288745 -24.000000
f 3168 3167 3166
v -144.000000 5.446818 -16.000000
v -144.000000 5.604951 -8.000000
v -152.000000 5.842000 -8.000000
f 3171 3170 3169
v -152.000000 5.842000 -8.000000
v -152.000000 5.682754 -16.000000
v -144.000000 5.446818 -16.000000
f 3174 3173 3172
v -144.000000 5.604951 -8.000000
v -144.000000 5.763348 0.000000
v -152.000000 6.001352 0.000000
f 3177 3176 3175
v -152.000000 6.001352 0.000000
v -152.000000 5.842000 -8.000000
v -144.000000 5.604951 -8.000000
f 3180 3179 3178
v -144.000000 5.763348 0.000000
v -144.000000 5.922109 8.000000
v -152.000000 6.160852 8.000000
f 3183 3182 3181
v -152.000000 6.160852 8.000000
v -152.000000 6.001352 0.000000
v -144.000000 5.763348 0.000000
f 3186 3185 3184
v -144.000000 5.922109 8.000000
v -144.000000 6.081237 16.000000
v -152.000000 6.320500 16.000000
f 3189 3188 3187
v -152.000000 6.320500 16.000000
v -152.000000 6.160852 8.000000
v -144.000000 5.922109 8.000000
f 3192 3191 3190
v -144.000000 6.081237 16.000000
v -144.000000 6.240676 24.000000
v -152.000000 6.480273 24.000000
f 3195 3194 3193
v -152.000000 6.480273 24.000000
v -152.000000 6.320500 16.000000
v -144.000000 6.081237 16.000000
f 3198 3197 3196
v -144.000000 6.240676 24.000000
v -144.000000 6.400344 32.000000
v -152.000000 6.640139 32.000000
f 3201 3200 3199
v -152.000000 6.640139 32.000000
v -152.000000 6.480273 24.000000
v -144.000000 6.240676 24.000000
f 3204 3203 3202
v -144.000000 6.400344 32.000000
v -144.000000 6.560163 40.000000
v -152.000000 6.800066 40.000000
f 3207 3206 3205
v -152.000000 6.800066 40.000000
v -152.000000 6.640139 32.000000
v -144.000000 6.400344 32.000000
f 3210 3209 3208
v -144.000000 6.560163 40.000000
v -144.000000 6.720072 48.000000
v -152.000000 6.960029 48.000000
f 3213 3212 3211
v -152.000000 6.960029 48.000000
v -152.000000 6.800066 40.000000
v -144.000000 6.560163 40.000000
f 3216 3215 3214
v -144.000000 6.720072 48.000000
v -144.000000 6.880030 56.000000
v -152.000000 7.120012 56.000000
f 3219 3218 3217
v -152.000000 7.120012 56.000000
v -152.000000 6.960029 48.000000
v -144.000000 6.720072 48.000000
f 3222 3221 3220
v -144.000000 6.880030 56.000000
v -144.000000 7.040011 64.000000
v -152.000000 7.280005 64.000000
f 3225 3224 3223
v -152.000000 7.280005 64.000000
v -152.000000 7.120012 56.000000
v -144.000000 6.880030 56.000000
f 3228 3227 3226
v -144.000000 7.040011 64.000000
v -144.000000 7.200004 72.000000
v -152.000000 7.440002 72.000000
f 3231 3230 3229
v -152.000000 7.440002 72.000000
v -152.000000 7.280005 64.000000
v -144.000000 7.040011 64.000000
f 3234 3233 3232
v -144.000000 7.200004 72.000000
v -144.000000 7.360001 80.000000
v -152.000000 7.600001 80.000000
f 3237 3236 3235
v -152.000000 7.600001 80.000000
v -152.000000 7.440002 72.000000
v -144.000000 7.200004 72.000000
f 3240 3239 3238
v -144.000000 7.360001 80.000000
v -144.000000 7.520000 88.000000
v -152.000000 7.760000 88.000000
f 3243 3242 3241
v -152.000000 7.760000 88.000000
v -152.000000 7.600001 80.000000
v -144.000000 7.360001 80.000000
f 3246 3245 3244
v -144.000000 7.520000 88.000000
v -144.000000 7.680000 96.000000
v -152.000000 7.920000 96.000000
f 3249 3248 3247
v -152.000000 7.920000 96.000000
v -152.000000 7.760000 88.000000
v -144.000000 7.520000 88.000000
f 3252 3251 3250
v -144.000000 7.680000 96.000000
v -144.000000 7.840000 104.000000
v -152.000000 8.080000 104.000000
f 3255 3254 3253
v -152.000000 8.080000 104.000000
v -152.000000 7.920000 96.000000
v -144.000000 7.680000 96.000000
f 3258 3257 3256
v -144.000000 7.840000 104.000000
v -144.000000 8.000000 112.000000
v -152.000000 8.240000 112.000000
f 3261 3260 3259
v -152.000000 8.240000 112.000000
v -152.000000 8.080000 104.000000
v -144.000000 7.840000 104.000000
f 3264 3263 3262
v -144.000000 8.000000 112.000000
v -144.000000 8.160000 120.000000
v -152.000000 8.400000 120.000000
f 3267 3266 3265
v -152.000000 8.400000 120.000000
v -152.000000 8.240000 112.000000
v -144.000000 8.000000 112.000000
f 3270 3269 3268
v -144.000000 8.160000 120.000000
v -144.000000 8.320000 128.000000
v -152.000000 8.560000 128.000000
f 3273 3272 3271
v -152.000000 8.560000 128.000000
v -152.000000 8.400000 120.000000
v -144.000000 8.160000 120.000000
f 3276 3275 3274
v -144.000000 8.320000 128.000000
v -144.000000 8.480000 136.000000
v -152.000000 8.720000 136.000000
f 3279 3278 3277
v -152.000000 8.720000 136.000000
v -152.000000 8.560000 128.000000
v -144.000000 8.320000 128.000000
f 3282 3281 3280
v -151.400000 8.880000 144.000000
v -152.000000 8.720000 136.000000
v -144.000000 8.480000 136.000000
f 3285 3284 3283
v -144.000000 8.480000 136.000000
v -144.000000 8.640000 144.000000
v -151.400000 8.880000 144.000000
f 3288 3287 3286
v -152.000000 8.720000 136.000000
v -151.400000 8.880000 144.000000
v -152.000000 8.871429 143.571429
f 3291 3290 3289
v -150.000000 8.900000 145.000000
v -151.400000 8.880000 144.000000
v -144.000000 8.640000 144.000000
f 3294 3293 3292
v -144.000000 8.640000 144.000000
v -144.000000 8.640500 144.025000
v -150.000000 8.900000 145.000000
f 3297 3296 3295
v -152.000000 4.830862 -58.685128
v -160.000000 4.828384 -58.666667
v -152.000000 4.793196 -60.562963
f 3300 3299 3298
v -160.000000 4.828384 -58.666667
v -152.000000 4.830862 -58.685128
v -160.000000 4.845810 -57.796239
f 3303 3302 3301
v -160.000000 5.239570 -38.108150
v -152.000000 5.364219 -32.000000
v -160.000000 5.361587 -32.000000
f 3306 3305 3304
v -152.000000 5.364219 -32.000000
v -160.000000 5.239570 -38.108150
v -152.000000 5.235350 -38.463705
f 3309 3308 3307
v -152.000000 5.364219 -32.000000
v -152.000000 5.523532 -24.000000
v -160.000000 5.521328 -24.000000
f 3312 3311 3310
v -160.000000 5.521328 -24.000000
v -160.000000 5.361587 -32.000000
v -152.000000 5.364219 -32.000000
f 3315 3314 3313
v -152.000000 5.523532 -24.000000
v -152.000000 5.682754 -16.000000
v -160.000000 5.681036 -16.000000
f 3318 3317 3316
v -160.000000 5.681036 -16.000000
v -160.000000 5.521328 -24.000000
v -152.000000 5.523532 -24.000000
f 3321 3320 3319
v -152.000000 5.682754 -16.000000
v -152.000000 5.842000 -8.000000
v -160.000000 5.840752 -8.000000
f 3324 3323 3322
v -160.000000 5.840752 -8.000000
v -160.000000 5.681036 -16.000000
v -152.000000 5.682754 -16.000000
f 3327 3326 3325
v -152.000000 5.842000 -8.000000
v -152.000000 6.001352 0.000000
v -160.000000 6.000509 0.000000
f 3330 3329 3328
v -160.000000 6.000509 0.000000
v -160.000000 5.840752 -8.000000
v -152.000000 5.842000 -8.000000
f 3333 3332 3331
v -152.000000 6.001352 0.000000
v -152.000000 6.160852 8.000000
v -160.000000 6.160320 8.000000
f 3336 3335 3334
v -160.000000 6.160320 8.000000
v -160.000000 6.000509 0.000000
v -152.000000 6.001352 0.000000
f 3339 3338 3337
v -152.000000 6.160852 8.000000
v -152.000000 6.320500 16.000000
v -160.000000 6.320188 16.000000
f 3342 3341 3340
v -160.000000 6.320188 16.000000
v -160.000000 6.160320 8.000000
v -152.000000 6.160852 8.000000
f 3345 3344 3343
v -152.000000 6.320500 16.000000
v -152.000000 6.480273 24.000000
v -160.000000 6.480103 24.000000
f 3348 3347 3346
v -160.000000 6.480103 24.000000
v -160.000000 6.320188 16.000000
v -152.000000 6.320500 16.000000
f 3351 3350 3349
v -152.000000 6.480273 24.000000
v -152.000000 6.640139 32.000000
v -160.000000 6.640052 32.000000
f 3354 3353 3352
v -160.000000 6.640052 32.000000
v -160.000000 6.480103 24.000000
v -152.000000 6.480273 24.000000
f 3357 3356 3355
v -152.000000 6.640139 32.000000
v -152.000000 6.800066 40.000000
v -160.000000 6.800025 40.000000
f 3360 3359 3358
v -160.000000 6.800025 40.000000
v -160.000000 6.640052 32.000000
v -152.000000 6.640139 32.000000
f 3363 3362 3361
v -152.000000 6.800066 40.000000
v -152.000000 6.960029 48.000000
v -160.000000 6.960011 48.000000
f 3366 3365 3364
v -160.000000 6.960011 48.000000
v -160.000000 6.800025 40.000000
v -152.000000 6.800066 40.000000
f 3369 3368 3367
v -152.000000 6.960029 48.000000
v -152.000000 7.120012 56.000000
v -160.000000 7.120004 56.000000
f 3372 3371 3370
v -160.000000 7.120004 56.000000
v -160.000000 6.960011 48.000000
v -152.000000 6.960029 48.000000
f 3375 3374 3373
v -152.000000 7.120012 56.000000
v -152.000000 7.280005 64.000000
v -160.000000 7.280002 64.000000
f 3378 3377 3376
v -160.000000 7.280002 64.000000
v -160.000000 7.120004 56.000000
v -152.000000 7.120012 56.000000
f 3381 3380 3379
v -152.000000 7.280005 64.000000
v -152.000000 7.440002 72.000000
v -160.000000 7.440001 72.000000
f 3384 3383 3382
v -160.000000 7.440001 72.000000
v -160.000000 7.280002 64.000000
v -152.000000 7.280005 64.000000
f 3387 3386 3385
v -152.000000 7.440002 72.000000
v -152.000000 7.600001 80.000000
v -160.000000 7.600000 80.000000
f 3390 3389 3388
v -160.000000 7.600000 80.000000
v -160.000000 7.440001 72.000000
v -152.000000 7.440002 72.000000
f 3393 3392 3391
v -152.000000 7.600001 80.000000
v -152.000000 7.760000 88.000000
v -160.000000 7.760000 88.000000
f 3396 3395 3394
v -160.000000 7.760000 88.000000
v -160.000000 7.600000 80.000000
v -152.000000 7.600001 80.000000
f 3399 3398 3397
v -152.000000 7.760000 88.000000
v -152.000000 7.920000 96.000000
v -160.000000 7.920000 96.000000
f 3402 3401 3400
v -160.000000 7.920000 96.000000
v -160.000000 7.760000 88.000000
v -152.000000 7.760000 88.000000
f 3405 3404 3403
v -152.000000 7.920000 96.000000
v -152.000000 8.080000 104.000000
v -160.000000 8.080000 104.000000
f 3408 3407 3406
v -160.000000 8.080000 104.000000
v -160.000000 7.920000 96.000000
v -152.000000 7.920000 96.000000
f 3411 3410 3409
v -152.000000 8.080000 104.000000
v -152.000000 8.240000 112.000000
v -160.000000 8.240000 112.000000
f 3414 3413 3412
v -160.000000 8.240000 112.000000
v -160.000000 8.080000 104.000000
v -152.000000 8.080000 104.000000
f 3417 3416 3415
v -152.000000 8.240000 112.000000
v -152.000000 8.400000 120.000000
v -160.000000 8.400000 120.000000
f 3420 3419 3418
v -160.000000 8.400000 120.000000
v -160.000000 8.240000 112.000000
v -152.000000 8.240000 112.000000
f 3423 3422 3421
v -152.000000 8.400000 120.000000
v -152.000000 8.560000 128.000000
v -160.000000 8.560000 128.000000
f 3426 3425 3424
v -160.000000 8.560000 128.000000
v -160.000000 8.400000 120.000000
v -152.000000 8.400000 120.000000
f 3429 3428 3427
v -152.000000 8.560000 128.000000
v -152.000000 8.720000 136.000000
v -160.000000 8.720000 136.000000
f 3432 3431 3430
v -160.000000 8.720000 136.000000
v -160.000000 8.560000 128.000000
v -152.000000 8.560000 128.000000
f 3435 3434 3433
v -160.000000 8.757143 137.857143
v -160.000000 8.720000 136.000000
v -152.000000 8.720000 136.000000
f 3438 3437 3436
v -152.000000 8.720000 136.000000
v -152.000000 8.871429 143.571429
v -160.000000 8.757143 137.857143
f 3441 3440 3439
v -160.000000 4.828384 -58.666667
v -160.000000 4.845810 -57.796239
v -166.912216 4.860145 -57.028216
f 3444 3443 3442
v -168.000000 5.245553 -37.752594
v -160.000000 5.361587 -32.000000
v -168.000000 5.360556 -32.000000
f 3447 3446 3445
v -160.000000 5.361587 -32.000000
v -168.000000 5.245553 -37.752594
v -160.000000 5.239570 -38.108150
f 3450 3449 3448
v -160.000000 5.361587 -32.000000
v -160.000000 5.521328 -24.000000
v -168.000000 5.520465 -24.000000
f 3453 3452 3451
v -168.000000 5.520465 -24.000000
v -168.000000 5.360556 -32.000000
v -160.000000 5.361587 -32.000000
f 3456 3455 3454
v -160.000000 5.521328 -24.000000
v -160.000000 5.681036 -16.000000
v -168.000000 5.680363 -16.000000
f 3459 3458 3457
v -168.000000 5.680363 -16.000000
v -168.000000 5.520465 -24.000000
v -160.000000 5.521328 -24.000000
f 3462 3461 3460
v -160.000000 5.681036 -16.000000
v -160.000000 5.840752 -8.000000
v -168.000000 5.840263 -8.000000
f 3465 3464 3463
v -168.000000 5.840263 -8.000000
v -168.000000 5.680363 -16.000000
v -160.000000 5.681036 -16.000000
f 3468 3467 3466
v -160.000000 5.840752 -8.000000
v -160.000000 6.000509 0.000000
v -168.000000 6.000178 0.000000
f 3471 3470 3469
v -168.000000 6.000178 0.000000
v -168.000000 5.840263 -8.000000
v -160.000000 5.840752 -8.000000
f 3474 3473 3472
v -160.000000 6.000509 0.000000
v -160.000000 6.160320 8.000000
v -168.000000 6.160112 8.000000
f 3477 3476 3475
v -168.000000 6.160112 8.000000
v -168.000000 6.000178 0.000000
v -160.000000 6.000509 0.000000
f 3480 3479 3478
v -160.000000 6.160320 8.000000
v -160.000000 6.320188 16.000000
v -168.000000 6.320066 16.000000
f 3483 3482 3481
v -168.000000 6.320066 16.000000
v -168.000000 6.160112 8.000000
v -160.000000 6.160320 8.000000
f 3486 3485 3484
v -160.000000 6.320188 16.000000
v -160.000000 6.480103 24.000000
v -168.000000 6.480036 24.000000
f 3489 3488 3487
v -168.000000 6.480036 24.000000
v -168.000000 6.320066 16.000000
v -160.000000 6.320188 16.000000
f 3492 3491 3490
v -160.000000 6.480103 24.000000
v -160.000000 6.640052 32.000000
v -168.000000 6.640018 32.000000
f 3495 3494 3493
v -168.000000 6.640018 32.000000
v -168.000000 6.480036 24.000000
v -160.000000 6.480103 24.000000
f 3498 3497 3496
v -160.000000 6.640052 32.000000
v -160.000000 6.800025 40.000000
v -168.000000 6.800009 40.000000
f 3501 3500 3499
v -168.000000 6.800009 40.000000
v -168.000000 6.640018 32.000000
v -160.000000 6.640052 32.000000
f 3504 3503 3502
v -160.000000 6.800025 40.000000
v -160.000000 6.960011 48.000000
v -168.000000 6.960004 48.000000
f 3507 3506 3505
v -168.000000 6.960004 48.000000
v -168.000000 6.800009 40.000000
v -160.000000 6.800025 40.000000
f 3510 3509 3508
v -160.000000 6.960011 48.000000
v -160.000000 7.120004 56.000000
v -168.000000 7.120002 56.000000
f 3513 3512 3511
v -168.000000 7.120002 56.000000
v -168.000000 6.960004 48.000000
v -160.000000 6.960011 48.000000
f 3516 3515 3514
v -160.000000 7.120004 56.000000
v -160.000000 7.280002 64.000000
v -168.000000 7.280001 64.000000
f 3519 3518 3517
v -168.000000 7.280001 64.000000
v -168.000000 7.120002 56.000000
v -160.000000 7.120004 56.000000
f 3522 3521 3520
v -160.000000 7.280002 64.000000
v -160.000000 7.440001 72.000000
v -168.000000 7.440000 72.000000
f 3525 3524 3523
v -168.000000 7.440000 72.000000
v -168.000000 7.280001 64.000000
v -160.000000 7.280002 64.000000
f 3528 3527 3526
v -160.000000 7.440001 72.000000
v -160.000000 7.600000 80.000000
v -168.000000 7.600000 80.000000
f 3531 3530 3529
v -168.000000 7.600000 80.000000
v -168.000000 7.440000 72.000000
v -160.000000 7.440001 72.000000
f 3534 3533 3532
v -160.000000 7.600000 80.000000
v -160.000000 7.760000 88.000000
v -168.000000 7.760000 88.000000
f 3537 3536 3535
v -168.000000 7.760000 88.000000
v -168.000000 7.600000 80.000000
v -160.000000 7.600000 80.000000
f 3540 3539 3538
v -160.000000 7.760000 88.000000
v -160.000000 7.920000 96.000000
v -168.000000 7.920000 96.000000
f 3543 3542 3541
v -168.000000 7.920000 96.000000
v -168.000000 7.760000 88.000000
v -160.000000 7.760000 88.000000
f 3546 3545 3544
v -160.000000 7.920000 96.000000
v -160.000000 8.080000 104.000000
v -168.000000 8.080000 104.000000
f 3549 3548 3547
v -168.000000 8.080000 104.000000
v -168.000000 7.920000 96.000000
v -160.000000 7.920000 96.000000
f 3552 3551 3550
v -160.000000 8.080000 104.000000
v -160.000000 8.240000 112.000000
v -168.000000 8.240000 112.000000
f 3555 3554 3553
v -168.000000 8.240000 112.000000
v -168.000000 8.080000 104.000000
v -160.000000 8.080000 104.000000
f 3558 3557 3556
v -160.000000 8.240000 112.000000
v -160.000000 8.400000 120.000000
v -168.000000 8.400000 120.000000
f 3561 3560 3559
v -168.000000 8.400000 120.000000
v -168.000000 8.240000 112.000000
v -160.000000 8.240000 112.000000
f 3564 3563 3562
v -160.000000 8.400000 120.000000
v -160.000000 8.560000 128.000000
v -168.000000 8.560000 128.000000
f 3567 3566 3565
v -168.000000 8.560000 128.000000
v -168.000000 8.400000 120.000000
v -160.000000 8.400000 120.000000
f 3570 3569 3568
v -168.000000 8.642857 132.142857
v -168.000000 8.560000 128.000000
v -160.000000 8.560000 128.000000
f 3573 3572 3571
v -160.000000 8.560000 128.000000
v -160.000000 8.720000 136.000000
v -162.600000 8.720000 136.000000
f 3576 3575 3574
v -162.600000 8.720000 136.000000
v -168.000000 8.642857 132.142857
v -160.000000 8.560000 128.000000
f 3579 3578 3577
v -162.600000 8.720000 136.000000
v -160.000000 8.720000 136.000000
v -160.000000 8.757143 137.857143
f 3582 3581 3580
v -176.000000 5.252256 -37.397038
v -168.000000 5.360556 -32.000000
v -176.000000 5.360181 -32.000000
f 3585 3584 3583
v -168.000000 5.360556 -32.000000
v -176.000000 5.252256 -37.397038
v -168.000000 5.245553 -37.752594
f 3588 3587 3586
v -168.000000 5.360556 -32.000000
v -168.000000 5.520465 -24.000000
v -176.000000 5.520152 -24.000000
f 3591 3590 3589
v -176.000000 5.520152 -24.000000
v -176.000000 5.360181 -32.000000
v -168.000000 5.360556 -32.000000
f 3594 3593 3592
v -168.000000 5.520465 -24.000000
v -168.000000 5.680363 -16.000000
v -176.000000 5.680118 -16.000000
f 3597 3596 3595
v -176.000000 5.680118 -16.000000
v -176.000000 5.520152 -24.000000
v -168.000000 5.520465 -24.000000
f 3600 3599 3598
v -168.000000 5.680363 -16.000000
v -168.000000 5.840263 -8.000000
v -176.000000 5.840086 -8.000000
f 3603 3602 3601
v -176.000000 5.840086 -8.000000
v -176.000000 5.680118 -16.000000
v -168.000000 5.680363 -16.000000
f 3606 3605 3604
v -168.000000 5.840263 -8.000000
v -168.000000 6.000178 0.000000
v -176.000000 6.000058 0.000000
f 3609 3608 3607
v -176.000000 6.000058 0.000000
v -176.000000 5.840086 -8.000000
v -168.000000 5.840263 -8.000000
f 3612 3611 3610
v -168.000000 6.000178 0.000000
v -168.000000 6.160112 8.000000
v -176.000000 6.160037 8.000000
f 3615 3614 3613
v -176.000000 6.160037 8.000000
v -176.000000 6.000058 0.000000
v -168.000000 6.000178 0.000000
f 3618 3617 3616
v -168.000000 6.160112 8.000000
v -168.000000 6.320066 16.000000
v -176.000000 6.320021 16.000000
f 3621 3620 3619
v -176.000000 6.320021 16.000000
v -176.000000 6.160037 8.000000
v -168.000000 6.160112 8.000000
f 3624 3623 3622
v -168.000000 6.320066 16.000000
v -168.000000 6.480036 24.000000
v -176.000000 6.480012 24.000000
f 3627 3626 3625
v -176.000000 6.480012 24.000000
v -176.000000 6.320021 16.000000
v -168.000000 6.320066 16.000000
f 3630 3629 3628
v -168.000000 6.480036 24.000000
v -168.000000 6.640018 32.000000
v -176.000000 6.640006 32.000000
f 3633 3632 3631
v -176.000000 6.640006 32.000000
v -176.000000 6.480012 24.000000
v -168.000000 6.480036 24.000000
f 3636 3635 3634
v -168.000000 6.640018 32.000000
v -168.000000 6.800009 40.000000
v -176.000000 6.800003 40.000000
f 3639 3638 3637
v -176.000000 6.800003 40.000000
v -176.000000 6.640006 32.000000
v -168.000000 6.640018 32.000000
f 3642 3641 3640
v -168.000000 6.800009 40.000000
v -168.000000 6.960004 48.000000
v -176.000000 6.960001 48.000000
f 3645 3644 3643
v -176.000000 6.960001 48.000000
v -176.000000 6.800003 40.000000
v -168.000000 6.800009 40.000000
f 3648 3647 3646
v -168.000000 6.960004 48.000000
v -168.000000 7.120002 56.000000
v -176.000000 7.120001 56.000000
f 3651 3650 3649
v -176.000000 7.120001 56.000000
v -176.000000 6.960001 48.000000
v -168.000000 6.960004 48.000000
f 3654 3653 3652
v -168.000000 7.120002 56.000000
v -168.000000 7.280001 64.000000
v -176.000000 7.280000 64.000000
f 3657 3656 3655
v -176.000000 7.280000 64.000000
v -176.000000 7.120001 56.000000
v -168.000000 7.120002 56.000000
f 3660 3659 3658
v -168.000000 7.280001 64.000000
v -168.000000 7.440000 72.000000
v -176.000000 7.440000 72.000000
f 3663 3662 3661
v -176.000000 7.440000 72.000000
v -176.000000 7.280000 64.000000
v -168.000000 7.280001 64.000000
f 3666 3665 3664
v -168.000000 7.440000 72.000000
v -168.000000 7.600000 80.000000
v -176.000000 7.600000 80.000000
f 3669 3668 3667
v -176.000000 7.600000 80.000000
v -176.000000 7.440000 72.000000
v -168.000000 7.440000 72.000000
f 3672 3671 3670
v -168.000000 7.600000 80.000000
v -168.000000 7.760000 88.000000
v -176.000000 7.760000 88.000000
f 3675 3674 3673
v -176.000000 7.760000 88.000000
v -176.000000 7.600000 80.000000
v -168.000000 7.600000 80.000000
f 3678 3677 3676
v -168.000000 7.760000 88.000000
v -168.000000 7.920000 96.000000
v -176.000000 7.920000 96.000000
f 3681 3680 3679
v -176.000000 7.920000 96.000000
v -176.000000 7.760000 88.000000
v -168.000000 7.760000 88.000000
f 3684 3683 3682
v -168.000000 7.920000 96.000000
v -168.000000 8.080000 104.000000
v -176.000000 8.080000 104.000000
f 3687 3686 3685
v -176.000000 8.080000 104.000000
v -176.000000 7.920000 96.000000
v -168.000000 7.920000 96.000000
f 3690 3689 3688
v -168.000000 8.080000 104.000000
v -168.000000 8.240000 112.000000
v -176.000000 8.240000 112.000000
f 3693 3692 3691
v -176.000000 8.240000 112.000000
v -176.000000 8.080000 104.000000
v -168.000000 8.080000 104.000000
f 3696 3695 3694
v -168.000000 8.240000 112.000000
v -168.000000 8.400000 120.000000
v -176.000000 8.400000 120.000000
f 3699 3698 3697
v -176.000000 8.400000 120.000000
v -176.000000 8.240000 112.000000
v -168.000000 8.240000 112.000000
f 3702 3701 3700
v -173.800000 8.560000 128.000000
v -176.000000 8.400000 120.000000
v -168.000000 8.400000 120.000000
f 3705 3704 3703
v -168.000000 8.400000 120.000000
v -168.000000 8.560000 128.000000
v -173.800000 8.560000 128.000000
f 3708 3707 3706
v -176.000000 8.400000 120.000000
v -173.800000 8.560000 128.000000
v -176.000000 8.528571 126.428571
f 3711 3710 3709
v -173.800000 8.560000 128.000000
v -168.000000 8.560000 128.000000
v -168.000000 8.642857 132.142857
f 3714 3713 3712
v -184.000000 5.259230 -37.041483
v -176.000000 5.360181 -32.000000
v -184.000000 5.360055 -32.000000
f 3717 3716 3715
v -176.000000 5.360181 -32.000000
v -184.000000 5.259230 -37.041483
v -176.000000 5.252256 -37.397038
f 3720 3719 3718
v -176.000000 5.360181 -32.000000
v -176.000000 5.520152 -24.000000
v -184.000000 5.520046 -24.000000
f 3723 3722 3721
v -184.000000 5.520046 -24.000000
v -184.000000 5.360055 -32.000000
v -176.000000 5.360181 -32.000000
f 3726 3725 3724
v -176.000000 5.520152 -24.000000
v -176.000000 5.680118 -16.000000
v -184.000000 5.680036 -16.000000
f 3729 3728 3727
v -184.000000 5.680036 -16.000000
v -184.000000 5.520046 -24.000000
v -176.000000 5.520152 -24.000000
f 3732 3731 3730
v -176.000000 5.680118 -16.000000
v -176.000000 5.840086 -8.000000
v -184.000000 5.840026 -8.000000
f 3735 3734 3733
v -184.000000 5.840026 -8.000000
v -184.000000 5.680036 -16.000000
v -176.000000 5.680118 -16.000000
f 3738 3737 3736
v -176.000000 5.840086 -8.000000
v -176.000000 6.000058 0.000000
v -184.000000 6.000018 0.000000
f 3741 3740 3739
v -184.000000 6.000018 0.000000
v -184.000000 5.840026 -8.000000
v -176.000000 5.840086 -8.000000
f 3744 3743 3742
v -176.000000 6.000058 0.000000
v -176.000000 6.160037 8.000000
v -184.000000 6.160011 8.000000
f 3747 3746 3745
v -184.000000 6.160011 8.000000
v -184.000000 6.000018 0.000000
v -176.000000 6.000058 0.000000
f 3750 3749 3748
v -176.000000 6.160037 8.000000
v -176.000000 6.320021 16.000000
v -184.000000 6.320007 16.000000
f 3753 3752 3751
v -184.000000 6.320007 16.000000
v -184.000000 6.160011 8.000000
v -176.000000 6.160037 8.000000
f 3756 3755 3754
v -176.000000 6.320021 16.000000
v -176.000000 6.480012 24.000000
v -184.000000 6.480004 24.000000
f 3759 3758 3757
v -184.000000 6.480004 24.000000
v -184.000000 6.320007 16.000000
v -176.000000 6.320021 16.000000
f 3762 3761 3760
v -176.000000 6.480012 24.000000
v -176.000000 6.640006 32.000000
v -184.000000 6.640002 32.000000
f 3765 3764 3763
v -184.000000 6.640002 32.000000
v -184.000000 6.480004 24.000000
v -176.000000 6.480012 24.000000
f 3768 3767 3766
v -176.000000 6.640006 32.000000
v -176.000000 6.800003 40.000000
v -184.000000 6.800001 40.000000
f 3771 3770 3769
v -184.000000 6.800001 40.000000
v -184.000000 6.640002 32.000000
v -176.000000 6.640006 32.000000
f 3774 3773 3772
v -176.000000 6.800003 40.000000
v -176.000000 6.960001 48.000000
v -184.000000 6.960000 48.000000
f 3777 3776 3775
v -184.000000 6.960000 48.000000
v -184.000000 6.800001 40.000000
v -176.000000 6.800003 40.000000
f 3780 3779 3778
v -176.000000 6.960001 48.000000
v -176.000000 7.120001 56.000000
v -184.000000 7.120000 56.000000
f 3783 3782 3781
v -184.000000 7.120000 56.000000
v -184.000000 6.960000 48.000000
v -176.000000 6.960001 48.000000
f 3786 3785 3784
v -176.000000 7.120001 56.000000
v -176.000000 7.280000 64.000000
v -184.000000 7.280000 64.000000
f 3789 3788 3787
v -184.000000 7.280000 64.000000
v -184.000000 7.120000 56.000000
v -176.000000 7.120001 56.000000
f 3792 3791 3790
v -176.000000 7.280000 64.000000
v -176.000000 7.440000 72.000000
v -184.000000 7.440000 72.000000
f 3795 3794 3793
v -184.000000 7.440000 72.000000
v -184.000000 7.280000 64.000000
v -176.000000 7.280000 64.000000
f 3798 3797 3796
v -176.000000 7.440000 72.000000
v -176.000000 7.600000 80.000000
v -184.000000 7.600000 80.000000
f 3801 3800 3799
v -184.000000 7.600000 80.000000
v -184.000000 7.440000 72.000000
v -176.000000 7.440000 72.000000
f 3804 3803 3802
v -176.000000 7.600000 80.000000
v -176.000000 7.760000 88.000000
v -184.000000 7.760000 88.000000
f 3807 3806 3805
v -184.000000 7.760000 88.000000
v -184.000000 7.600000 80.000000
v -176.000000 7.600000 80.000000
f 3810 3809 3808
v -176.000000 7.760000 88.000000
v -176.000000 7.920000 96.000000
v -184.000000 7.920000 96.000000
f 3813 3812 3811
v -184.000000 7.920000 96.000000
v -184.000000 7.760000 88.000000
v -176.000000 7.760000 88.000000
f 3816 3815 3814
v -176.000000 7.920000 96.000000
v -176.000000 8.080000 104.000000
v -184.000000 8.080000 104.000000
f 3819 3818 3817
v -184.000000 8.080000 104.000000
v -184.000000 7.920000 96.000000
v -176.000000 7.920000 96.000000
f 3822 3821 3820
v -176.000000 8.080000 104.000000
v -176.000000 8.240000 112.000000
v -184.000000 8.240000 112.000000
f 3825 3824 3823
v -184.000000 8.240000 112.000000
v -184.000000 8.080000 104.000000
v -176.000000 8.080000 104.000000
f 3828 3827 3826
v -176.000000 8.240000 112.000000
v -176.000000 8.400000 120.000000
v -184.000000 8.400000 120.000000
f 3831 3830 3829
v -184.000000 8.400000 120.000000
v -184.000000 8.240000 112.000000
v -176.000000 8.240000 112.000000
f 3834 3833 3832
v -184.000000 8.414286 120.714286
v -184.000000 8.400000 120.000000
v -176.000000 8.400000 120.000000
f 3837 3836 3835
v -176.000000 8.400000 120.000000
v -176.000000 8.528571 126.428571
v -184.000000 8.414286 120.714286
f 3840 3839 3838
v -184.783979 5.259920 -37.006639
v -184.000000 5.259230 -37.041483
v -184.000000 5.360055 -32.000000
f 3843 3842 3841
v -184.783979 5.259920 -37.006639
v -192.000000 5.360016 -32.000000
v -192.000000 5.274316 -36.285037
f 3846 3845 3844
v -192.000000 5.360016 -32.000000
v -184.783979 5.259920 -37.006639
v -184.000000 5.360055 -32.000000
f 3849 3848 3847
v -184.000000 5.360055 -32.000000
v -184.000000 5.520046 -24.000000
v -192.000000 5.520013 -24.000000
f 3852 3851 3850
v -192.000000 5.520013 -24.000000
v -192.000000 5.360016 -32.000000
v -184.000000 5.360055 -32.000000
f 3855 3854 3853
v -184.000000 5.520046 -24.000000
v -184.000000 5.680036 -16.000000
v -192.000000 5.680010 -16.000000
f 3858 3857 3856
v -192.000000 5.680010 -16.000000
v -192.000000 5.520013 -24.000000
v -184.000000 5.520046 -24.000000
f 3861 3860 3859
v -184.000000 5.680036 -16.000000
v -184.000000 5.840026 -8.000000
v -192.000000 5.840007 -8.000000
f 3864 3863 3862
v -192.000000 5.840007 -8.000000
v -192.000000 5.680010 -16.000000
v -184.000000 5.680036 -16.000000
f 3867 3866 3865
v -184.000000 5.840026 -8.000000
v -184.000000 6.000018 0.000000
v -192.000000 6.000005 0.000000
f 3870 3869 3868
v -192.000000 6.000005 0.000000
v -192.000000 5.840007 -8.000000
v -184.000000 5.840026 -8.000000
f 3873 3872 3871
v -184.000000 6.000018 0.000000
v -184.000000 6.160011 8.000000
v -192.000000 6.160003 8.000000
f 3876 3875 3874
v -192.000000 6.160003 8.000000
v -192.000000 6.000005 0.000000
v -184.000000 6.000018 0.000000
f 3879 3878 3877
v -184.000000 6.160011 8.000000
v -184.000000 6.320007 16.000000
v -192.000000 6.320002 16.000000
f 3882 3881 3880
v -192.000000 6.320002 16.000000
v -192.000000 6.160003 8.000000
v -184.000000 6.160011 8.000000
f 3885 3884 3883
v -184.000000 6.320007 16.000000
v -184.000000 6.480004 24.000000
v -192.000000 6.480001 24.000000
f 3888 3887 3886
v -192.000000 6.480001 24.000000
v -192.000000 6.320002 16.000000
v -184.000000 6.320007 16.000000
f 3891 3890 3889
v -184.000000 6.480004 24.000000
v -184.000000 6.640002 32.000000
v -192.000000 6.640001 32.000000
f 3894 3893 3892
v -192.000000 6.640001 32.000000
v -192.000000 6.480001 24.000000
v -184.000000 6.480004 24.000000
f 3897 3896 3895
v -184.000000 6.640002 32.000000
v -184.000000 6.800001 40.000000
v -192.000000 6.800000 40.000000
f 3900 3899 3898
v -192.000000 6.800000 40.000000
v -192.000000 6.640001 32.000000
v -184.000000 6.640002 32.000000
f 3903 3902 3901
v -184.000000 6.800001 40.000000
v -184.000000 6.960000 48.000000
v -192.000000 6.960000 48.000000
f 3906 3905 3904
v -192.000000 6.960000 48.000000
v -192.000000 6.800000 40.000000
v -184.000000 6.800001 40.000000
f 3909 3908 3907
v -184.000000 6.960000 48.000000
v -184.000000 7.120000 56.000000
v -192.000000 7.120000 56.000000
f 3912 3911 3910
v -192.000000 7.120000 56.000000
v -192.000000 6.960000 48.000000
v -184.000000 6.960000 48.000000
f 3915 3914 3913
v -184.000000 7.120000 56.000000
v -184.000000 7.280000 64.000000
v -192.000000 7.280000 64.000000
f 3918 3917 3916
v -192.000000 7.280000 64.000000
v -192.000000 7.120000 56.000000
v -184.000000 7.120000 56.000000
f 3921 3920 3919
v -184.000000 7.280000 64.000000
v -184.000000 7.440000 72.000000
v -192.000000 7.440000 72.000000
f 3924 3923 3922
v -192.000000 7.440000 72.000000
v -192.000000 7.280000 64.000000
v -184.000000 7.280000 64.000000
f 3927 3926 3925
v -184.000000 7.440000 72.000000
v -184.000000 7.600000 80.000000
v -192.000000 7.600000 80.000000
f 3930 3929 3928
v -192.000000 7.600000 80.000000
v -192.000000 7.440000 72.000000
v -184.000000 7.440000 72.000000
f 3933 3932 3931
v -184.000000 7.600000 80.000000
v -184.000000 7.760000 88.000000
v -192.000000 7.760000 88.000000
f 3936 3935 3934
v -192.000000 7.760000 88.000000
v -192.000000 7.600000 80.000000
v -184.000000 7.600000 80.000000
f 3939 3938 3937
v -184.000000 7.760000 88.000000
v -184.000000 7.920000 96.000000
v -192.000000 7.920000 96.000000
f 3942 3941 3940
v -192.000000 7.920000 96.000000
v -192.000000 7.760000 88.000000
v -184.000000 7.760000 88.000000
f 3945 3944 3943
v -184.000000 7.920000 96.000000
v -184.000000 8.080000 104.000000
v -192.000000 8.080000 104.000000
f 3948 3947 3946
v -192.000000 8.080000 104.000000
v -192.000000 7.920000 96.000000
v -184.000000 7.920000 96.000000
f 3951 3950 3949
v -184.000000 8.080000 104.000000
v -184.000000 8.240000 112.000000
v -192.000000 8.240000 112.000000
f 3954 3953 3952
v -192.000000 8.240000 112.000000
v -192.000000 8.080000 104.000000
v -184.000000 8.080000 104.000000
f 3957 3956 3955
v -192.000000 8.300000 115.000000
v -192.000000 8.240000 112.000000
v -184.000000 8.240000 112.000000
f 3960 3959 3958
v -184.000000 8.240000 112.000000
v -184.000000 8.400000 120.000000
v -185.000000 8.400000 120.000000
f 3963 3962 3961
v -185.000000 8.400000 120.000000
v -192.000000 8.300000 115.000000
v -184.000000 8.240000 112.000000
f 3966 3965 3964
v -185.000000 8.400000 120.000000
v -184.000000 8.400000 120.000000
v -184.000000 8.414286 120.714286
f 3969 3968 3967
v -200.000000 5.290304 -35.485037
v -192.000000 5.360016 -32.000000
v -200.000000 5.360004 -32.000000
f 3972 3971 3970
v -192.000000 5.360016 -32.000000
v -200.000000 5.290304 -35.485037
v -192.000000 5.274316 -36.285037
f 3975 3974 3973
v -192.000000 5.360016 -32.000000
v -192.000000 5.520013 -24.000000
v -200.000000 5.520003 -24.000000
f 3978 3977 3976
v -200.000000 5.520003 -24.000000
v -200.000000 5.360004 -32.000000
v -192.000000 5.360016 -32.000000
f 3981 3980 3979
v -192.000000 5.520013 -24.000000
v -192.000000 5.680010 -16.000000
v -200.000000 5.680003 -16.000000
f 3984 3983 3982
v -200.000000 5.680003 -16.000000
v -200.000000 5.520003 -24.000000
v -192.000000 5.520013 -24.000000
f 3987 3986 3985
v -192.000000 5.680010 -16.000000
v -192.000000 5.840007 -8.000000
v -200.000000 5.840002 -8.000000
f 3990 3989 3988
v -200.000000 5.840002 -8.000000
v -200.000000 5.680003 -16.000000
v -192.000000 5.680010 -16.000000
f 3993 3992 3991
v -192.000000 5.840007 -8.000000
v -192.000000 6.000005 0.000000
v -200.000000 6.000001 0.000000
f 3996 3995 3994
v -200.000000 6.000001 0.000000
v -200.000000 5.840002 -8.000000
v -192.000000 5.840007 -8.000000
f 3999 3998 3997
v -192.000000 6.000005 0.000000
v -192.000000 6.160003 8.000000
v -200.000000 6.160001 8.000000
f 4002 4001 4000
v -200.000000 6.160001 8.000000
v -200.000000 6.000001 0.000000
v -192.000000 6.000005 0.000000
f 4005 4004 4003
v -192.000000 6.160003 8.000000
v -192.000000 6.320002 16.000000
v -200.000000 6.320000 16.000000
f 4008 4007 4006
v -200.000000 6.320000 16.000000
v -200.000000 6.160001 8.000000
v -192.000000 6.160003 8.000000
f 4011 4010 4009
v -192.000000 6.320002 16.000000
v -192.000000 6.480001 24.000000
v -200.000000 6.480000 24.000000
f 4014 4013 4012
v -200.000000 6.480000 24.000000
v -200.000000 6.320000 16.000000
v -192.000000 6.320002 16.000000
f 4017 4016 4015
v -192.000000 6.480001 24.000000
v -192.000000 6.640001 32.000000
v -200.000000 6.640000 32.000000
f 4020 4019 4018
v -200.000000 6.640000 32.000000
v -200.000000 6.480000 24.000000
v -192.000000 6.480001 24.000000
f 4023 4022 4021
v -192.000000 6.640001 32.000000
v -192.000000 6.800000 40.000000
v -200.000000 6.800000 40.000000
f 4026 4025 4024
v -200.000000 6.800000 40.000000
v -200.000000 6.640000 32.000000
v -192.000000 6.640001 32.000000
f 4029 4028 4027
v -192.000000 6.800000 40.000000
v -192.000000 6.960000 48.000000
v -200.000000 6.960000 48.000000
f 4032 4031 4030
v -200.000000 6.960000 48.000000
v -200.000000 6.800000 40.000000
v -192.000000 6.800000 40.000000
f 4035 4034 4033
v -192.000000 6.960000 48.000000
v -192.000000 7.120000 56.000000
v -200.000000 7.120000 56.000000
f 4038 4037 4036
v -200.000000 7.120000 56.000000
v -200.000000 6.960000 48.000000
v -192.000000 6.960000 48.000000
f 4041 4040 4039
v -192.000000 7.120000 56.000000
v -192.000000 7.280000 64.000000
v -200.000000 7.280000 64.000000
f 4044 4043 4042
v -200.000000 7.280000 64.000000
v -200.000000 7.120000 56.000000
v -192.000000 7.120000 56.000000
f 4047 4046 4045
v -192.000000 7.280000 64.000000
v -192.000000 7.440000 72.000000
v -200.000000 7.440000 72.000000
f 4050 4049 4048
v -200.000000 7.440000 72.000000
v -200.000000 7.280000 64.000000
v -192.000000 7.280000 64.000000
f 4053 4052 4051
v -192.000000 7.440000 72.000000
v -192.000000 7.600000 80.000000
v -200.000000 7.600000 80.000000
f 4056 4055 4054
v -200.000000 7.600000 80.000000
v -200.000000 7.440000 72.000000
v -192.000000 7.440000 72.000000
f 4059 4058 4057
v -192.000000 7.600000 80.000000
v -192.000000 7.760000 88.000000
v -200.000000 7.760000 88.000000
f 4062 4061 4060
v -200.000000 7.760000 88.000000
v -200.000000 7.600000 80.000000
v -192.000000 7.600000 80.000000
f 4065 4064 4063
v -192.000000 7.760000 88.000000
v -192.000000 7.920000 96.000000
v -200.000000 7.920000 96.000000
f 4068 4067 4066
v -200.000000 7.920000 96.000000
v -200.000000 7.760000 88.000000
v -192.000000 7.760000 88.000000
f 4071 4070 4069
v -192.000000 7.920000 96.000000
v -192.000000 8.080000 104.000000
v -200.000000 8.080000 104.000000
f 4074 4073 4072
v -200.000000 8.080000 104.000000
v -200.000000 7.920000 96.000000
v -192.000000 7.920000 96.000000
f 4077 4076 4075
v -200.000000 8.185714 109.285714
v -200.000000 8.080000 104.000000
v -192.000000 8.080000 104.000000
f 4080 4079 4078
v -192.000000 8.080000 104.000000
v -192.000000 8.240000 112.000000
v -196.200000 8.240000 112.000000
f 4083 4082 4081
v -196.200000 8.240000 112.000000
v -200.000000 8.185714 109.285714
v -192.000000 8.080000 104.000000
f 4086 4085 4084
v -196.200000 8.240000 112.000000
v -192.000000 8.240000 112.000000
v -192.000000 8.300000 115.000000
f 4089 4088 4087
v -204.701489 5.299704 -35.014888
v -200.000000 5.290304 -35.485037
v -200.000000 5.360004 -32.000000
f 4092 4091 4090
v -208.000000 5.360001 -32.000000
v -208.000000 5.240001 -38.000000
v -207.985528 5.245887 -37.705686
f 4095 4094 4093
v -208.000000 5.360001 -32.000000
v -204.701489 5.299704 -35.014888
v -200.000000 5.360004 -32.000000
f 4098 4097 4096
v -208.000000 5.360001 -32.000000
v -207.985528 5.245887 -37.705686
v -207.942253 5.251717 -37.414212
f 4101 4100 4099
v -204.701489 5.299704 -35.014888
v -208.000000 5.360001 -32.000000
v -204.995782 5.300002 -35.000003
f 4104 4103 4102
v -208.000000 5.360001 -32.000000
v -207.942253 5.251717 -37.414212
v -207.870591 5.257433 -37.128389
f 4107 4106 4105
v -204.995782 5.300002 -35.000003
v -208.000000 5.360001 -32.000000
v -205.290116 5.299721 -35.014061
f 4110 4109 4108
v -208.000000 5.360001 -32.000000
v -207.870591 5.257433 -37.128389
v -207.771235 5.262982 -36.850976
f 4113 4112 4111
v -205.290116 5.299721 -35.014061
v -208.000000 5.360001 -32.000000
v -205.581651 5.298863 -35.056926
f 4116 4115 4114
v -208.000000 5.360001 -32.000000
v -207.771235 5.262982 -36.850976
v -207.645142 5.268308 -36.584647
f 4119 4118 4117
v -205.581651 5.298863 -35.056926
v -208.000000 5.360001 -32.000000
v -205.867574 5.297438 -35.128186
f 4122 4121 4120
v -208.000000 5.360001 -32.000000
v -207.645142 5.268308 -36.584647
v -207.493530 5.273362 -36.331974
f 4125 4124 4123
v -205.867574 5.297438 -35.128186
v -208.000000 5.360001 -32.000000
v -206.145127 5.295458 -35.227152
f 4128 4127 4126
v -208.000000 5.360001 -32.000000
v -207.493530 5.273362 -36.331974
v -207.317860 5.278093 -36.095394
f 4131 4130 4129
v -206.145127 5.295458 -35.227152
v -208.000000 5.360001 -32.000000
v -206.411632 5.292944 -35.352870
f 4134 4133 4132
v -208.000000 5.360001 -32.000000
v -207.317860 5.278093 -36.095394
v -207.119829 5.282457 -35.877189
f 4137 4136 4135
v -206.664518 5.289919 -35.504127
v -206.411632 5.292944 -35.352870
v -208.000000 5.360001 -32.000000
f 4140 4139 4138
v -208.000000 5.360001 -32.000000
v -207.119829 5.282457 -35.877189
v -206.901345 5.286412 -35.679464
f 4143 4142 4141
v -206.901345 5.286412 -35.679464
v -206.664518 5.289919 -35.504127
v -208.000000 5.360001 -32.000000
f 4146 4145 4144
v -200.000000 5.360004 -32.000000
v -200.000000 5.520003 -24.000000
v -208.000000 5.520001 -24.000000
f 4149 4148 4147
v -208.000000 5.520001 -24.000000
v -208.000000 5.360001 -32.000000
v -200.000000 5.360004 -32.000000
f 4152 4151 4150
v -200.000000 5.520003 -24.000000
v -200.000000 5.680003 -16.000000
v -208.000000 5.680001 -16.000000
f 4155 4154 4153
v -208.000000 5.680001 -16.000000
v -208.000000 5.520001 -24.000000
v -200.000000 5.520003 -24.000000
f 4158 4157 4156
v -200.000000 5.680003 -16.000000
v -200.000000 5.840002 -8.000000
v -208.000000 5.840000 -8.000000
f 4161 4160 4159
v -208.000000 5.840000 -8.000000
v -208.000000 5.680001 -16.000000
v -200.000000 5.680003 -16.000000
f 4164 4163 4162
v -200.000000 5.840002 -8.000000
v -200.000000 6.000001 0.000000
v -208.000000 6.000000 0.000000
f 4167 4166 4165
v -208.000000 6.000000 0.000000
v -208.000000 5.840000 -8.000000
v -200.000000 5.840002 -8.000000
f 4170 4169 4168
v -200.000000 6.000001 0.000000
v -200.000000 6.160001 8.000000
v -208.000000 6.160000 8.000000
f 4173 4172 4171
v -208.000000 6.160000 8.000000
v -208.000000 6.000000 0.000000
v -200.000000 6.000001 0.000000
f 4176 4175 4174
v -200.000000 6.160001 8.000000
v -200.000000 6.320000 16.000000
v -208.000000 6.320000 16.000000
f 4179 4178 4177
v -208.000000 6.320000 16.000000
v -208.000000 6.160000 8.000000
v -200.000000 6.160001 8.000000
f 4182 4181 4180
v -200.000000 6.320000 16.000000
v -200.000000 6.480000 24.000000
v -208.000000 6.480000 24.000000
f 4185 4184 4183
v -208.000000 6.480000 24.000000
v -208.000000 6.320000 16.000000
v -200.000000 6.320000 16.000000
f 4188 4187 4186
v -200.000000 6.480000 24.000000
v -200.000000 6.640000 32.000000
v -208.000000 6.640000 32.000000
f 4191 4190 4189
v -208.000000 6.640000 32.000000
v -208.000000 6.480000 24.000000
v -200.000000 6.480000 24.000000
f 4194 4193 4192
v -200.000000 6.640000 32.000000
v -200.000000 6.800000 40.000000
v -208.000000 6.800000 40.000000
f 4197 4196 4195
v -208.000000 6.800000 40.000000
v -208.000000 6.640000 32.000000
v -200.000000 6.640000 32.000000
f 4200 4199 4198
v -200.000000 6.800000 40.000000
v -200.000000 6.960000 48.000000
v -208.000000 6.960000 48.000000
f 4203 4202 4201
v -208.000000 6.960000 48.000000
v -208.000000 6.800000 40.000000
v -200.000000 6.800000 40.000000
f 4206 4205 4204
v -200.000000 6.960000 48.000000
v -200.000000 7.120000 56.000000
v -208.000000 7.120000 56.000000
f 4209 4208 4207
v -208.000000 7.120000 56.000000
v -208.000000 6.960000 48.000000
v -200.000000 6.960000 48.000000
f 4212 4211 4210
v -200.000000 7.120000 56.000000
v -200.000000 7.280000 64.000000
v -208.000000 7.280000 64.000000
f 4215 4214 4213
v -208.000000 7.280000 64.000000
v -208.000000 7.120000 56.000000
v -200.000000 7.120000 56.000000
f 4218 4217 4216
v -200.000000 7.280000 64.000000
v -200.000000 7.440000 72.000000
v -208.000000 7.440000 72.000000
f 4221 4220 4219
v -208.000000 7.440000 72.000000
v -208.000000 7.280000 64.000000
v -200.000000 7.280000 64.000000
f 4224 4223 4222
v -200.000000 7.440000 72.000000
v -200.000000 7.600000 80.000000
v -208.000000 7.600000 80.000000
f 4227 4226 4225
v -208.000000 7.600000 80.000000
v -208.000000 7.440000 72.000000
v -200.000000 7.440000 72.000000
f 4230 4229 4228
v -200.000000 7.600000 80.000000
v -200.000000 7.760000 88.000000
v -208.000000 7.760000 88.000000
f 4233 4232 4231
v -208.000000 7.760000 88.000000
v -208.000000 7.600000 80.000000
v -200.000000 7.600000 80.000000
f 4236 4235 4234
v -200.000000 7.760000 88.000000
v -200.000000 7.920000 96.000000
v -208.000000 7.920000 96.000000
f 4239 4238 4237
v -208.000000 7.920000 96.000000
v -208.000000 7.760000 88.000000
v -200.000000 7.760000 88.000000
f 4242 4241 4240
v -207.400000 8.080000 104.000000
v -208.000000 7.920000 96.000000
v -200.000000 7.920000 96.000000
f 4245 4244 4243
v -200.000000 7.920000 96.000000
v -200.000000 8.080000 104.000000
v -207.400000 8.080000 104.000000
f 4248 4247 4246
v -208.000000 7.920000 96.000000
v -207.400000 8.080000 104.000000
v -208.000000 8.071429 103.571429
f 4251 4250 4249
v -207.400000 8.080000 104.000000
v -200.000000 8.080000 104.000000
v -200.000000 8.185714 109.285714
f 4254 4253 4252
v -208.000000 5.145001 -42.750000
v -208.000000 5.200001 -40.000000
v -209.571429 5.200001 -40.000000
f 4257 4256 4255
v -209.571429 5.200001 -40.000000
v -208.000000 5.200001 -40.000000
v -208.000000 5.240001 -38.000000
f 4260 4259 4258
v -208.000000 5.240001 -38.000000
v -208.000000 5.360001 -32.000000
v -214.142857 5.360000 -32.000000
f 4263 4262 4261
v -214.142857 5.360000 -32.000000
v -209.571429 5.200001 -40.000000
v -208.000000 5.240001 -38.000000
f 4266 4265 4264
v -216.000000 5.425000 -28.750000
v -208.000000 5.360001 -32.000000
v -208.000000 5.520001 -24.000000
f 4269 4268 4267
v -208.000000 5.520001 -24.000000
v -216.000000 5.520000 -24.000000
v -216.000000 5.425000 -28.750000
f 4272 4271 4270
v -208.000000 5.360001 -32.000000
v -216.000000 5.425000 -28.750000
v -214.142857 5.360000 -32.000000
f 4275 4274 4273
v -208.000000 5.520001 -24.000000
v -208.000000 5.680001 -16.000000
v -216.000000 5.680000 -16.000000
f 4278 4277 4276
v -216.000000 5.680000 -16.000000
v -216.000000 5.520000 -24.000000
v -208.000000 5.520001 -24.000000
f 4281 4280 4279
v -208.000000 5.680001 -16.000000
v -208.000000 5.840000 -8.000000
v -216.000000 5.840000 -8.000000
f 4284 4283 4282
v -216.000000 5.840000 -8.000000
v -216.000000 5.680000 -16.000000
v -208.000000 5.680001 -16.000000
f 4287 4286 4285
v -208.000000 5.840000 -8.000000
v -208.000000 6.000000 0.000000
v -216.000000 6.000000 0.000000
f 4290 4289 4288
v -216.000000 6.000000 0.000000
v -216.000000 5.840000 -8.000000
v -208.000000 5.840000 -8.000000
f 4293 4292 4291
v -208.000000 6.000000 0.000000
v -208.000000 6.160000 8.000000
v -216.000000 6.160000 8.000000
f 4296 4295 4294
v -216.000000 6.160000 8.000000
v -216.000000 6.000000 0.000000
v -208.000000 6.000000 0.000000
f 4299 4298 4297
v -208.000000 6.160000 8.000000
v -208.000000 6.320000 16.000000
v -216.000000 6.320000 16.000000
f 4302 4301 4300
v -216.000000 6.320000 16.000000
v -216.000000 6.160000 8.000000
v -208.000000 6.160000 8.000000
f 4305 4304 4303
v -208.000000 6.320000 16.000000
v -208.000000 6.480000 24.000000
v -216.000000 6.480000 24.000000
f 4308 4307 4306
v -216.000000 6.480000 24.000000
v -216.000000 6.320000 16.000000
v -208.000000 6.320000 16.000000
f 4311 4310 4309
v -208.000000 6.480000 24.000000
v -208.000000 6.640000 32.000000
v -216.000000 6.640000 32.000000
f 4314 4313 4312
v -216.000000 6.640000 32.000000
v -216.000000 6.480000 24.000000
v -208.000000 6.480000 24.000000
f 4317 4316 4315
v -208.000000 6.640000 32.000000
v -208.000000 6.800000 40.000000
v -216.000000 6.800000 40.000000
f 4320 4319 4318
v -216.000000 6.800000 40.000000
v -216.000000 6.640000 32.000000
v -208.000000 6.640000 32.000000
f 4323 4322 4321
v -208.000000 6.800000 40.000000
v -208.000000 6.960000 48.000000
v -216.000000 6.960000 48.000000
f 4326 4325 4324
v -216.000000 6.960000 48.000000
v -216.000000 6.800000 40.000000
v -208.000000 6.800000 40.000000
f 4329 4328 4327
v -208.000000 6.960000 48.000000
v -208.000000 7.120000 56.000000
v -216.000000 7.120000 56.000000
f 4332 4331 4330
v -216.000000 7.120000 56.000000
v -216.000000 6.960000 48.000000
v -208.000000 6.960000 48.000000
f 4335 4334 4333
v -208.000000 7.120000 56.000000
v -208.000000 7.280000 64.000000
v -216.000000 7.280000 64.000000
f 4338 4337 4336
v -216.000000 7.280000 64.000000
v -216.000000 7.120000 56.000000
v -208.000000 7.120000 56.000000
f 4341 4340 4339
v -208.000000 7.280000 64.000000
v -208.000000 7.440000 72.000000
v -216.000000 7.440000 72.000000
f 4344 4343 4342
v -216.000000 7.440000 72.000000
v -216.000000 7.280000 64.000000
v -208.000000 7.280000 64.000000
f 4347 4346 4345
v -208.000000 7.440000 72.000000
v -208.000000 7.600000 80.000000
v -216.000000 7.600000 80.000000
f 4350 4349 4348
v -216.000000 7.600000 80.000000
v -216.000000 7.440000 72.000000
v -208.000000 7.440000 72.000000
f 4353 4352 4351
v -208.000000 7.600000 80.000000
v -208.000000 7.760000 88.000000
v -216.000000 7.760000 88.000000
f 4356 4355 4354
v -216.000000 7.760000 88.000000
v -216.000000 7.600000 80.000000
v -208.000000 7.600000 80.000000
f 4359 4358 4357
v -208.000000 7.760000 88.000000
v -208.000000 7.920000 96.000000
v -216.000000 7.920000 96.000000
f 4362 4361 4360
v -216.000000 7.920000 96.000000
v -216.000000 7.760000 88.000000
v -208.000000 7.760000 88.000000
f 4365 4364 4363
v -216.000000 7.957143 97.857143
v -216.000000 7.920000 96.000000
v -208.000000 7.920000 96.000000
f 4368 4367 4366
v -208.000000 7.920000 96.000000
v -208.000000 8.071429 103.571429
v -216.000000 7.957143 97.857143
f 4371 4370 4369
v -216.000000 5.425000 -28.750000
v -216.000000 5.520000 -24.000000
v -218.714286 5.520000 -24.000000
f 4374 4373 4372
v -218.714286 5.520000 -24.000000
v -216.000000 5.520000 -24.000000
v -216.000000 5.680000 -16.000000
f 4377 4376 4375
v -216.000000 5.680000 -16.000000
v -223.285714 5.680000 -16.000000
v -218.714286 5.520000 -24.000000
f 4380 4379 4378
v -224.000000 5.705000 -14.750000
v -216.000000 5.680000 -16.000000
v -216.000000 5.840000 -8.000000
f 4383 4382 4381
v -216.000000 5.840000 -8.000000
v -224.000000 5.840000 -8.000000
v -224.000000 5.705000 -14.750000
f 4386 4385 4384
v -216.000000 5.680000 -16.000000
v -224.000000 5.705000 -14.750000
v -223.285714 5.680000 -16.000000
f 4389 4388 4387
v -216.000000 5.840000 -8.000000
v -216.000000 6.000000 0.000000
v -224.000000 6.000000 0.000000
f 4392 4391 4390
v -224.000000 6.000000 0.000000
v -224.000000 5.840000 -8.000000
v -216.000000 5.840000 -8.000000
f 4395 4394 4393
v -216.000000 6.000000 0.000000
v -216.000000 6.160000 8.000000
v -224.000000 6.160000 8.000000
f 4398 4397 4396
v -224.000000 6.160000 8.000000
v -224.000000 6.000000 0.000000
v -216.000000 6.000000 0.000000
f 4401 4400 4399
v -216.000000 6.160000 8.000000
v -216.000000 6.320000 16.000000
v -224.000000 6.320000 16.000000
f 4404 4403 4402
v -224.000000 6.320000 16.000000
v -224.000000 6.160000 8.000000
v -216.000000 6.160000 8.000000
f 4407 4406 4405
v -216.000000 6.320000 16.000000
v -216.000000 6.480000 24.000000
v -224.000000 6.480000 24.000000
f 4410 4409 4408
v -224.000000 6.480000 24.000000
v -224.000000 6.320000 16.000000
v -216.000000 6.320000 16.000000
f 4413 4412 4411
v -216.000000 6.480000 24.000000
v -216.000000 6.640000 32.000000
v -224.000000 6.640000 32.000000
f 4416 4415 4414
v -224.000000 6.640000 32.000000
v -224.000000 6.480000 24.000000
v -216.000000 6.480000 24.000000
f 4419 4418 4417
v -216.000000 6.640000 32.000000
v -216.000000 6.800000 40.000000
v -224.000000 6.800000 40.000000
f 4422 4421 4420
v -224.000000 6.800000 40.000000
v -224.000000 6.640000 32.000000
v -216.000000 6.640000 32.000000
f 4425 4424 4423
v -216.000000 6.800000 40.000000
v -216.000000 6.960000 48.000000
v -224.000000 6.960000 48.000000
f 4428 4427 4426
v -224.000000 6.960000 48.000000
v -224.000000 6.800000 40.000000
v -216.000000 6.800000 40.000000
f 4431 4430 4429
v -216.000000 6.960000 48.000000
v -216.000000 7.120000 56.000000
v -224.000000 7.120000 56.000000
f 4434 4433 4432
v -224.000000 7.120000 56.000000
v -224.000000 6.960000 48.000000
v -216.000000 6.960000 48.000000
f 4437 4436 4435
v -216.000000 7.120000 56.000000
v -216.000000 7.280000 64.000000
v -224.000000 7.280000 64.000000
f 4440 4439 4438
v -224.000000 7.280000 64.000000
v -224.000000 7.120000 56.000000
v -216.000000 7.120000 56.000000
f 4443 4442 4441
v -216.000000 7.280000 64.000000
v -216.000000 7.440000 72.000000
v -224.000000 7.440000 72.000000
f 4446 4445 4444
v -224.000000 7.440000 72.000000
v -224.000000 7.280000 64.000000
v -216.000000 7.280000 64.000000
f 4449 4448 4447
v -216.000000 7.440000 72.000000
v -216.000000 7.600000 80.000000
v -224.000000 7.600000 80.000000
f 4452 4451 4450
v -224.000000 7.600000 80.000000
v -224.000000 7.440000 72.000000
v -216.000000 7.440000 72.000000
f 4455 4454 4453
v -224.000000 7.666400 83.320000
v -224.000000 7.600000 80.000000
v -216.000000 7.600000 80.000000
f 4458 4457 4456
v -224.000000 7.666400 83.320000
v -216.000000 7.760000 88.000000
v -222.397260 7.760000 88.000000
f 4461 4460 4459
v -216.000000 7.760000 88.000000
v -224.000000 7.666400 83.320000
v -216.000000 7.600000 80.000000
f 4464 4463 4462
v -220.000000 7.900000 95.000000
v -222.397260 7.760000 88.000000
v -216.000000 7.760000 88.000000
f 4467 4466 4465
v -220.000000 7.900000 95.000000
v -216.000000 7.920000 96.000000
v -218.600000 7.920000 96.000000
f 4470 4469 4468
v -216.000000 7.920000 96.000000
v -220.000000 7.900000 95.000000
v -216.000000 7.760000 88.000000
f 4473 4472 4471
v -218.600000 7.920000 96.000000
v -216.000000 7.920000 96.000000
v -216.000000 7.957143 97.857143
f 4476 4475 4474
v -224.000000 5.705000 -14.750000
v -224.000000 5.840000 -8.000000
v -227.857143 5.840000 -8.000000
f 4479 4478 4477
v -227.857143 5.840000 -8.000000
v -224.000000 5.840000 -8.000000
v -224.000000 6.000000 0.000000
f 4482 4481 4480
v -224.000000 6.000000 0.000000
v -232.000000 6.000000 0.000000
v -232.000000 5.985000 -0.750000
f 4485 4484 4483
v -232.000000 5.985000 -0.750000
v -227.857143 5.840000 -8.000000
v -224.000000 6.000000 0.000000
f 4488 4487 4486
v -224.000000 6.000000 0.000000
v -224.000000 6.160000 8.000000
v -232.000000 6.160000 8.000000
f 4491 4490 4489
v -232.000000 6.160000 8.000000
v -232.000000 6.000000 0.000000
v -224.000000 6.000000 0.000000
f 4494 4493 4492
v -224.000000 6.160000 8.000000
v -224.000000 6.320000 16.000000
v -232.000000 6.320000 16.000000
f 4497 4496 4495
v -232.000000 6.320000 16.000000
v -232.000000 6.160000 8.000000
v -224.000000 6.160000 8.000000
f 4500 4499 4498
v -224.000000 6.320000 16.000000
v -224.000000 6.480000 24.000000
v -232.000000 6.480000 24.000000
f 4503 4502 4501
v -232.000000 6.480000 24.000000
v -232.000000 6.320000 16.000000
v -224.000000 6.320000 16.000000
f 4506 4505 4504
v -224.000000 6.480000 24.000000
v -224.000000 6.640000 32.000000
v -232.000000 6.640000 32.000000
f 4509 4508 4507
v -232.000000 6.640000 32.000000
v -232.000000 6.480000 24.000000
v -224.000000 6.480000 24.000000
f 4512 4511 4510
v -224.000000 6.640000 32.000000
v -224.000000 6.800000 40.000000
v -232.000000 6.800000 40.000000
f 4515 4514 4513
v -232.000000 6.800000 40.000000
v -232.000000 6.640000 32.000000
v -224.000000 6.640000 32.000000
f 4518 4517 4516
v -224.000000 6.800000 40.000000
v -224.000000 6.960000 48.000000
v -232.000000 6.960000 48.000000
f 4521 4520 4519
v -232.000000 6.960000 48.000000
v -232.000000 6.800000 40.000000
v -224.000000 6.800000 40.000000
f 4524 4523 4522
v -224.000000 6.960000 48.000000
v -224.000000 7.120000 56.000000
v -232.000000 7.120000 56.000000
f 4527 4526 4525
v -232.000000 7.120000 56.000000
v -232.000000 6.960000 48.000000
v -224.000000 6.960000 48.000000
f 4530 4529 4528
v -232.000000 7.199200 59.960000
v -232.000000 7.120000 56.000000
v -224.000000 7.120000 56.000000
f 4533 4532 4531
v -232.000000 7.199200 59.960000
v -224.000000 7.280000 64.000000
v -230.616438 7.280000 64.000000
f 4536 4535 4534
v -224.000000 7.280000 64.000000
v -232.000000 7.199200 59.960000
v -224.000000 7.120000 56.000000
f 4539 4538 4537
v -227.876712 7.440000 72.000000
v -224.000000 7.280000 64.000000
v -224.000000 7.440000 72.000000
f 4542 4541 4540
v -224.000000 7.280000 64.000000
v -227.876712 7.440000 72.000000
v -230.616438 7.280000 64.000000
f 4545 4544 4543
v -225.136986 7.600000 80.000000
v -224.000000 7.440000 72.000000
v -224.000000 7.600000 80.000000
f 4548 4547 4546
v -224.000000 7.440000 72.000000
v -225.136986 7.600000 80.000000
v -227.876712 7.440000 72.000000
f 4551 4550 4549
v -225.136986 7.600000 80.000000
v -224.000000 7.600000 80.000000
v -224.000000 7.666400 83.320000
f 4554 4553 4552
v -232.000000 5.985000 -0.750000
v -232.000000 6.000000 0.000000
v -232.428571 6.000000 0.000000
f 4557 4556 4555
v -232.428571 6.000000 0.000000
v -232.000000 6.000000 0.000000
v -232.000000 6.160000 8.000000
f 4560 4559 4558
v -232.000000 6.160000 8.000000
v -237.000000 6.160000 8.000000
v -232.428571 6.000000 0.000000
f 4563 4562 4561
v -237.000000 6.160000 8.000000
v -232.000000 6.160000 8.000000
v -232.000000 6.320000 16.000000
f 4566 4565 4564
v -232.000000 6.320000 16.000000
v -240.000000 6.320000 16.000000
v -240.000000 6.265000 13.250000
f 4569 4568 4567
v -240.000000 6.265000 13.250000
v -237.000000 6.160000 8.000000
v -232.000000 6.320000 16.000000
f 4572 4571 4570
v -232.000000 6.320000 16.000000
v -232.000000 6.480000 24.000000
v -240.000000 6.480000 24.000000
f 4575 4574 4573
v -240.000000 6.480000 24.000000
v -240.000000 6.320000 16.000000
v -232.000000 6.320000 16.000000
f 4578 4577 4576
v -232.000000 6.480000 24.000000
v -232.000000 6.640000 32.000000
v -240.000000 6.640000 32.000000
f 4581 4580 4579
v -240.000000 6.640000 32.000000
v -240.000000 6.480000 24.000000
v -232.000000 6.480000 24.000000
f 4584 4583 4582
v -240.000000 6.732000 36.600000
v -240.000000 6.640000 32.000000
v -232.000000 6.640000 32.000000
f 4587 4586 4585
v -240.000000 6.732000 36.600000
v -232.000000 6.800000 40.000000
v -238.835616 6.800000 40.000000
f 4590 4589 4588
v -232.000000 6.800000 40.000000
v -240.000000 6.732000 36.600000
v -232.000000 6.640000 32.000000
f 4593 4592 4591
v -236.095890 6.960000 48.000000
v -232.000000 6.800000 40.000000
v -232.000000 6.960000 48.000000
f 4596 4595 4594
v -232.000000 6.800000 40.000000
v -236.095890 6.960000 48.000000
v -238.835616 6.800000 40.000000
f 4599 4598 4597
v -233.356164 7.120000 56.000000
v -232.000000 6.960000 48.000000
v -232.000000 7.120000 56.000000
f 4602 4601 4600
v -232.000000 6.960000 48.000000
v -233.356164 7.120000 56.000000
v -236.095890 6.960000 48.000000
f 4605 4604 4603
v -233.356164 7.120000 56.000000
v -232.000000 7.120000 56.000000
v -232.000000 7.199200 59.960000
f 4608 4607 4606
v -240.000000 6.265000 13.250000
v -240.000000 6.320000 16.000000
v -241.571429 6.320000 16.000000
f 4611 4610 4609
v -241.571429 6.320000 16.000000
v -240.000000 6.320000 16.000000
v -240.000000 6.480000 24.000000
f 4614 4613 4612
v -240.000000 6.480000 24.000000
v -244.315068 6.480000 24.000000
v -245.000000 6.440000 22.000000
f 4617 4616 4615
v -245.000000 6.440000 22.000000
v -241.571429 6.320000 16.000000
v -240.000000 6.480000 24.000000
f 4620 4619 4618
v -241.575342 6.640000 32.000000
v -240.000000 6.480000 24.000000
v -240.000000 6.640000 32.000000
f 4623 4622 4621
v -240.000000 6.480000 24.000000
v -241.575342 6.640000 32.000000
v -244.315068 6.480000 24.000000
f 4626 4625 4624
v -241.575342 6.640000 32.000000
v -240.000000 6.640000 32.000000
v -240.000000 6.732000 36.600000
f 4629 4628 4627
